customer_id,age,income,total_purchases,total_spend,purchased,num_transactions,total_txn_amount,avg_product_price,income_missing,days_since_signup,days_since_last_purchase,signup_year,signup_month,customer_id_extracted,gender_label,city_Bangalore,city_Bhopal,city_Chandigarh,city_Chennai,city_Coimbatore,city_Delhi,city_Hyderabad,city_Indore,city_Jaipur,city_Kolkata,city_Lucknow,city_Mumbai,city_Nagpur,city_Patna,city_Pune,city_Surat,city_Vadodara,fav_category_Computer,fav_category_Electronics,fav_category_Mobile_Accessories,fav_category_Wearable,education_ord,satisfaction_ord,income_group_enc,purchase_per_day,spend_per_purchase,income_log,income_sqrt,income_recip,income_yeojohnson,income_boxcox,income_bin_eq_width,frequent_buyer
101,-0.6666666666666666,-0.15145925232812013,-0.3333333333333333,-0.6456441793627739,1,0.0,0.0,-600.0,0,0.8026030368763557,-0.8822314049586777,2022,3,101.0,1,False,False,False,False,False,False,False,False,False,False,False,True,False,False,False,False,False,False,True,False,False,2.0,3.0,1,-0.18491776975531488,1.9369325438991194,10.714462212209277,212.1343913654738,2.222123461179503e-05,-0.24527108125775193,-0.2452708604755769,0,0
102,-0.16666666666666666,0.20499933164015505,0.3333333333333333,0.5900759191157536,1,0.0,0.0,200.0,0,1.314533622559653,-0.9607438016528925,2021,7,102.0,0,False,False,False,False,False,True,False,False,False,False,False,False,False,False,False,False,False,False,False,False,True,3.0,4.0,2,0.14401749453295845,1.7702277520365777,10.91512482718983,234.5229199886442,1.8181157048834587e-05,0.22316742243998275,0.22316673818924812,1,0
103,-0.4166666666666667,-0.04452167713763757,0.0,0.11643128650452741,1,0.0,0.0,200.0,0,0.14967462039045554,-0.9318181818181818,2023,1,103.0,1,True,False,False,False,False,False,False,False,False,False,False,False,False,False,False,False,False,False,False,False,True,2.0,2.0,1,0.0,0.0,10.778997955688663,219.09130516750318,2.0832465313945252e-05,-0.09495657431588364,-0.09495666464068893,0,0
104,0.25,0.38322862362429266,0.6666666666666666,-0.09000278129732063,1,0.0,0.0,-400.0,0,0.2928416485900217,-0.9359504132231405,2022,11,104.0,0,False,False,False,False,False,False,False,False,False,False,False,False,False,False,False,False,False,False,False,False,False,4.0,3.0,2,0.5156599552572706,-0.1350041717434747,11.002133173982028,244.95101551126504,1.6666111129629014e-05,0.4272601552374233,0.4272591768248602,1,0
105,0.6666666666666666,0.9179164995767054,1.3333333333333333,2.340645054956375,1,0.0,0.0,900.0,0,2.1540130151843817,-0.9442148760330579,2020,6,105.0,1,False,False,False,False,False,False,False,False,False,False,False,False,False,False,True,False,False,False,False,False,False,3.0,4.0,3,0.4227418615314076,1.7554837899006683,11.225270058829565,273.86310448835565,1.3332977787259006e-05,0.9533774661087174,0.9533762415256635,1,1
106,-0.8333333333333334,-0.25839682751860266,-0.6666666666666666,-0.7484491692161892,0,0.0,0.0,-600.0,0,-0.1279826464208243,-0.9648760330578512,2023,5,106.0,0,False,False,False,True,False,False,False,False,False,False,False,False,False,False,False,False,False,False,True,False,False,1.0,1.0,1,-0.591025641025641,1.1226737555082944,10.645472515179373,204.94145505485218,2.3808390076663017e-05,-0.4056025737289142,-0.4056020191870362,0,0
107,-0.25,0.026770039656017465,0.0,-0.21320395150241556,1,0.0,0.0,-200.0,0,0.43383947939262474,-0.9524793388429752,2022,9,107.0,1,False,False,False,False,False,False,False,False,False,True,False,False,False,False,False,False,False,True,False,False,False,2.0,3.0,2,0.0,0.0,10.819818283610305,223.60903380677624,1.999920003199872e-05,0.00028777502226505237,0.0002874945785095781,1,0
108,0.08333333333333333,0.31193690683063763,0.3333333333333333,1.7231970497646198,1,0.0,0.0,1500.0,0,0.9761388286334056,-0.9566115702479339,2021,12,108.0,0,False,False,False,False,False,False,False,False,False,False,False,False,False,False,False,True,False,False,False,True,False,0.0,2.0,2,0.16867910720819612,5.169591133785086,10.96823277169266,240.83396770389348,1.724078480052412e-05,0.3476706952930187,0.3476698211943999,1,0
200,0.4166666666666667,-0.11356770485229248,-0.3333333333333333,0.37325422087621174,1,0.0,0.0,0.0,0,-0.45770065075921906,-0.7458677685950413,2023,10,200.0,2,False,False,False,False,False,False,False,False,False,False,False,False,False,False,False,False,True,False,False,False,False,0.0,1.0,1,-0.22867063492063494,-1.1197626659879234,10.737808721543033,214.625254804741,2.1708455443395203e-05,-0.19093047521990536,-0.19093036784449804,0,0
201,0.5833333333333334,-0.34091698970725837,-0.6666666666666666,-0.3254715329068677,1,0.0,0.0,0.0,0,-0.16052060737527116,0.29132231404958675,2023,6,201.0,1,False,False,False,False,False,False,True,False,False,False,False,False,False,False,False,False,False,False,False,False,False,2.0,3.0,1,-0.5744548286604361,0.4882073000926125,10.58877895713049,199.21345336096155,2.5197167838334972e-05,-0.5370823697188022,-0.5370815516277034,0,0
202,-1.1666666666666667,0.9243683999465312,-0.3333333333333333,-0.47320786592086694,1,0.0,0.0,0.0,0,0.20607375271149675,-0.39462809917355374,2022,12,202.0,1,False,True,False,False,False,False,False,False,False,False,False,False,False,False,False,False,False,False,False,False,False,0.0,4.0,3,-0.276378896882494,1.4196236020214719,11.227680420551865,274.19336242877944,1.3300879188114335e-05,0.9590820526824427,0.9590808304473435,1,0
203,-1.1666666666666667,0.0,-0.3333333333333333,0.009279231949895437,0,0.0,0.0,0.0,1,0.6854663774403471,1.0764462809917354,2022,5,203.0,0,True,False,False,False,False,False,False,False,False,False,False,False,False,False,False,False,False,False,False,False,False,3.0,1.0,1,-0.19776919776919774,-0.027837695933199402,10.804684950962628,221.92341021172146,2.030415626078658e-05,-0.03503730162965734,-0.03503751246862067,1,0
204,-0.4166666666666667,0.9208394599652453,-0.3333333333333333,-0.410278438765104,1,0.0,0.0,0.0,0,-0.9631236442516269,-0.7706611570247934,2024,6,204.0,1,False,False,False,False,False,False,False,False,False,True,False,False,False,False,False,False,False,False,False,False,False,0.0,1.0,3,-0.1697974217311234,1.2308353199878181,11.226362765786364,274.0127734248898,1.3318416706621917e-05,0.9559635114128149,0.9559622878791157,1,0
205,0.0,-0.17958383460321703,0.0,0.22736178497481382,1,0.0,0.0,0.0,0,-0.22342733188720174,0.5599173553719008,2023,7,205.0,2,False,False,False,False,False,False,False,False,False,False,True,False,False,False,False,False,False,False,False,False,False,2.0,2.0,1,0.0,0.0,10.696774142468731,210.26649756915626,2.2617782100287247e-05,-0.28641314693452774,-0.28641284007195045,0,0
206,0.5833333333333334,0.13192532192665865,-0.6666666666666666,-0.709078360476735,1,0.0,0.0,0.0,0,0.07158351409978309,-0.4152892561983471,2023,2,206.0,0,False,False,False,False,False,False,False,False,False,False,False,False,False,True,False,False,False,False,False,False,False,1.0,4.0,2,-0.622132253711201,1.0636175423105287,10.87714112179876,230.11084285622005,1.8885027949841365e-05,0.13425558785987587,0.1342550562359581,1,0
207,-1.1666666666666667,0.7195829434567571,-0.3333333333333333,-0.41194309671703905,1,0.0,0.0,0.0,0,0.010845986984815618,0.9152892561983471,2023,3,207.0,1,True,False,False,False,False,False,False,False,False,False,False,False,False,False,False,False,False,False,False,False,False,2.0,3.0,3,-0.32975679542203146,1.2358292938586053,11.148189547076132,263.5090131285835,1.4401336444022005e-05,0.7711928997328468,0.7711916615735648,1,0
208,0.5,0.8499042017555585,0.0,0.1986402546432214,1,0.0,0.0,0.0,0,-0.36225596529284165,-0.8491735537190083,2023,9,208.0,0,False,False,False,False,False,False,False,False,False,False,False,True,False,False,False,False,False,False,False,False,False,1.0,2.0,3,0.0,0.0,11.19950156302581,270.35717116436916,1.36810134894793e-05,0.8924199623556098,0.8924187201629006,1,0
209,0.75,-0.34708372320990954,0.6666666666666666,0.3916004820915357,1,0.0,0.0,0.0,0,0.7136659436008677,-0.3615702479338843,2022,4,209.0,0,False,False,False,True,False,False,False,False,False,False,False,False,False,False,False,False,False,False,False,False,False,3.0,4.0,1,0.3890295358649789,0.5874007222562025,10.584410318473351,198.77877150239158,2.5307485954345296e-05,-0.5472035139041593,-0.5472026762174096,0,0
210,0.75,0.7440716481753776,0.3333333333333333,-0.5948082450013906,1,0.0,0.0,0.0,0,-0.39045553145336226,-0.5640495867768595,2023,9,210.0,2,False,False,False,False,False,False,False,False,False,False,True,False,False,False,False,False,False,False,False,False,False,3.0,2.0,3,0.23972958918356735,-1.7844247296508977,11.158034642824997,264.8093653932957,1.4260249554367201e-05,0.7944363397783049,0.7944350969607489,1,0
211,0.8333333333333334,0.8684756939803057,0.0,0.04424116938100698,1,0.0,0.0,0.0,0,0.42950108459869846,-0.8615702479338843,2022,9,211.0,0,False,False,False,False,False,False,False,False,False,False,False,False,False,False,False,False,True,False,False,False,False,4.0,1.0,3,0.0,0.0,11.206604088299509,271.31900044044096,1.3584188005161992e-05,0.9092163481779107,0.9092151094860664,1,0
212,-0.5833333333333334,-0.36134206656864054,2.0,1.2009765443925957,0,0.0,0.0,0.0,0,0.37310195227765725,0.13429752066115702,2022,9,212.0,2,False,False,False,False,False,False,False,False,True,False,False,False,False,False,False,False,False,False,False,False,False,3.0,4.0,1,1.456556082148499,0.6004882718960537,10.574235738152595,197.77006851391846,2.5566293398783044e-05,-0.5707699972285207,-0.5707691143963178,0,1
213,0.0,1.344134028427572,-1.0,-0.7429215983188603,1,0.0,0.0,0.0,0,-0.04121475054229935,-0.7293388429752066,2023,4,213.0,2,True,False,False,False,False,False,False,False,False,False,False,False,False,False,False,False,False,False,False,False,False,2.0,0.0,3,-0.9604166666666667,0.7429215990617819,11.373192022188952,294.8864188123963,1.1499672259340609e-05,1.304313337908112,1.3043124988490569,2,0
214,-1.1666666666666667,0.285808492625763,-0.6666666666666666,-0.49947979439002027,1,0.0,0.0,0.0,0,-0.9479392624728851,-0.2830578512396694,2024,5,214.0,1,False,False,True,False,False,False,False,False,False,False,False,False,False,False,False,False,False,False,False,False,False,4.0,0.0,2,-0.3422420193021529,0.7492196927088599,10.955514744086512,239.3073337781356,1.7461453840646773e-05,0.31783520444863494,0.3178343730359759,1,0
215,0.3333333333333333,0.0,0.6666666666666666,0.6587801435973506,1,0.0,0.0,0.0,1,-0.5010845986984815,-0.07231404958677685,2023,11,215.0,1,False,False,False,False,False,False,False,False,False,False,False,False,False,False,False,False,False,False,False,False,False,0.0,1.0,1,0.4441233140655106,0.9881702139137707,10.804684950962628,221.92341021172146,2.030415626078658e-05,-0.03503730162965734,-0.03503751246862067,1,0
216,0.08333333333333333,-0.3172481397317649,-0.6666666666666666,-0.5071623556558196,1,0.0,0.0,0.0,0,-0.2299349240780911,-0.03512396694214876,2023,7,216.0,1,False,False,False,False,False,False,False,False,False,False,False,False,False,False,False,False,True,False,False,False,False,1.0,0.0,1,-0.5420340975896532,0.7607435346248447,10.605371456538457,200.87309426600666,2.4782533270550915e-05,-0.49862788933862223,-0.4986271467310265,0,0
217,0.25,-0.03521810809606559,0.6666666666666666,-0.3374846771119832,1,0.0,0.0,0.0,0,-0.7114967462039046,0.8119834710743802,2024,2,217.0,0,False,False,False,True,False,False,False,False,False,False,False,False,False,False,False,False,False,False,False,False,False,3.0,3.0,1,0.3895226024503591,-0.5062270149086343,10.784420500529187,219.6861397539681,2.0719806062615255e-05,-0.08231183841733936,-0.08231195440087402,0,0
218,1.0833333333333333,1.5140578354052487,0.0,0.0841187922988968,1,0.0,0.0,0.0,0,0.3275488069414317,-0.08884297520661157,2022,10,218.0,2,False,False,False,False,False,False,False,False,False,True,False,False,False,False,False,False,False,False,False,False,False,1.0,0.0,3,0.0,0.0,11.42656115131723,302.86135441815617,1.0902034319604038e-05,1.431353511933237,1.4313529430080982,2,0
219,-0.3333333333333333,-0.8859065187363543,0.3333333333333333,0.32444966366904626,1,0.0,0.0,0.0,0,-0.6984815618221258,-0.3202479338842975,2024,2,219.0,1,False,False,False,False,True,False,False,False,False,False,False,False,False,False,False,False,False,False,False,False,False,1.0,1.0,0,0.19625372498935717,0.9733489880870918,10.102256440708683,156.195390456953,4.098696614476597e-05,-1.6552399972812257,-1.6552389426747065,0,0
220,-0.5833333333333334,-0.24388896315109387,1.0,1.0014009497615297,0,0.0,0.0,0.0,0,0.0650759219088937,-0.7293388429752066,2023,2,220.0,1,False,False,False,False,True,False,False,False,False,False,False,False,False,False,False,False,False,False,False,False,False,3.0,3.0,1,0.9389002036659878,1.0014009487601288,10.655115882846145,205.93202762076618,2.357990049281992e-05,-0.3832136154842234,-0.3832131070690199,0,1
221,0.6666666666666666,-0.7540524885264893,0.6666666666666666,-0.45005511089135425,0,0.0,0.0,0.0,0,0.6702819956616052,0.4359504132231405,2022,5,221.0,1,False,False,False,False,False,False,False,False,False,False,False,False,False,False,False,False,False,False,False,False,False,3.0,2.0,0,0.3991341991341991,-0.6750826653244074,10.243418088056579,167.6186147180557,3.5590988361746805e-05,-1.3326774591273576,-1.3326758801443683,0,0
222,0.25,0.0,-1.3333333333333333,-0.9512646249884114,1,0.0,0.0,0.0,1,0.8091106290672451,0.878099173553719,2022,3,222.0,0,False,False,False,False,True,False,False,False,False,False,False,False,False,False,False,False,False,False,False,False,False,3.0,0.0,1,-0.7370103916866507,0.7134484692763949,10.804684950962628,221.92341021172146,2.030415626078658e-05,-0.03503730162965734,-0.03503751246862067,1,0
223,-0.5,2.290424631288152,0.0,0.2691348105112437,1,0.0,0.0,0.0,0,-0.9891540130151844,-0.7004132231404959,2024,6,223.0,1,False,False,False,False,False,False,False,False,False,True,False,False,False,False,False,False,False,False,False,False,False,3.0,2.0,3,0.0,0.0,11.639610977942496,336.9050311289518,8.81010695469843e-06,1.9407552453990637,1.9407565537190665,2,0
224,0.5833333333333334,1.3367196898810318,0.0,-0.40497543187366725,1,0.0,0.0,0.0,0,-0.9175704989154013,-0.8739669421487604,2024,5,224.0,1,False,False,False,False,False,False,False,False,False,False,False,False,False,False,True,False,False,False,False,False,False,4.0,3.0,3,0.0,0.0,11.370797225120187,294.5335295004628,1.1527244642713053e-05,1.2986180432373053,1.2986171937786835,2,0
225,-0.5833333333333334,-0.06772713095397229,1.0,1.0717224471295983,1,0.0,0.0,0.0,0,-0.2841648590021692,-0.9648760330578512,2023,7,225.0,1,False,True,False,False,False,False,False,False,False,False,False,False,False,False,False,False,False,False,False,False,False,2.0,0.0,1,0.7787162162162162,1.0717224460578758,10.765343217715396,217.60055146988944,2.1118878165191864e-05,-0.12678769797114056,-0.1267877232468589,0,1
226,-0.75,0.4155594171902152,0.0,-0.02653151621908377,1,0.0,0.0,0.0,0,0.15184381778741865,0.9194214876033058,2023,1,226.0,1,False,False,False,False,False,False,False,False,False,False,False,False,False,False,False,False,True,False,False,False,False,1.0,1.0,2,0.0,0.0,11.01713622603035,246.79546187075644,1.641793495214172e-05,0.4625121824394987,0.46251116255263575,1,0
227,0.0,-0.330045002896226,0.0,0.4190611576377516,0,0.0,0.0,0.0,0,-0.9587852494577006,-0.6384297520661157,2024,6,227.0,0,False,False,False,False,False,False,False,False,False,False,False,False,True,False,False,False,False,False,False,False,False,2.0,0.0,1,0.0,0.0,10.596434713093407,199.9774987342326,2.500500100020004e-05,-0.5193421677329699,-0.5193413842694924,0,0
228,0.16666666666666666,0.3227019560664795,0.0,0.5576933774220465,1,0.0,0.0,0.0,0,0.11279826464208242,0.8615702479338843,2023,1,228.0,0,False,False,False,False,False,False,False,False,False,False,False,False,False,False,False,True,False,False,False,False,False,4.0,0.0,2,0.0,0.0,10.97342598061963,241.46014163832507,1.7151481888035127e-05,0.3598571897517219,0.35985629876251984,1,0
229,0.08333333333333333,0.8320456266987479,1.3333333333333333,2.078121491187408,1,0.0,0.0,0.0,0,-0.754880694143167,-0.39462809917355374,2024,3,229.0,2,False,False,False,False,False,False,False,False,False,False,False,True,False,False,False,False,False,False,False,False,False,2.0,2.0,3,0.7597857437165224,1.5585911172216127,11.192623777431521,269.4290259047826,1.3775432892978662e-05,0.8761588389222323,0.8761575943036415,1,1
230,0.5,1.1572784387114021,0.3333333333333333,-0.01791361496543977,1,0.0,0.0,0.0,0,0.8763557483731019,-0.7541322314049587,2022,2,230.0,0,False,False,False,False,True,False,False,False,False,False,False,False,False,False,False,False,False,False,False,False,False,2.0,3.0,3,0.17764932562620422,-0.05374084473509678,11.311017337538173,285.860105646101,1.2237355752169072e-05,1.1565969529205407,1.1565958897720978,1,0
231,0.08333333333333333,0.0,-0.6666666666666666,-0.9212439609794288,0,0.0,0.0,0.0,1,0.9587852494577006,0.11776859504132231,2022,1,231.0,2,False,False,False,False,False,False,False,False,False,False,False,False,True,False,False,False,False,False,False,False,False,3.0,0.0,1,-0.3403469915097822,1.3818659435419423,10.804684950962628,221.92341021172146,2.030415626078658e-05,-0.03503730162965734,-0.03503751246862067,1,0
232,-0.6666666666666666,-0.252550906741523,0.0,0.0573791938358211,1,0.0,0.0,0.0,0,-0.6377440347071583,0.9194214876033058,2024,1,232.0,0,False,False,False,False,False,False,False,False,False,True,False,False,False,False,False,False,False,False,False,False,False,2.0,2.0,1,0.0,0.0,10.64936948807994,205.34117950377123,2.3715789972964e-05,-0.39655585739445287,-0.3965553214595095,0,0
233,-0.4166666666666667,2.8266017912043817,1.0,1.325051247978409,1,0.0,0.0,0.0,0,0.06073752711496746,0.1756198347107438,2023,2,233.0,2,False,False,False,False,False,False,False,False,False,False,True,False,False,False,False,False,False,False,False,False,False,2.0,1.0,3,0.9427402862985684,1.3250512466533575,11.764788631555618,358.66558240232644,7.77351098397102e-06,2.2417454476502483,2.241748521977543,3,1
234,0.4166666666666667,0.8242748295682395,-0.6666666666666666,-0.3810459738146007,1,0.0,0.0,0.0,0,-0.5010845986984815,-0.8037190082644629,2023,11,234.0,1,False,False,False,False,False,False,False,False,False,False,False,False,False,False,False,True,False,False,False,False,False,0.0,3.0,3,-0.4441233140655106,0.5715689615792545,11.189616214875297,269.0241624835955,1.381692573402418e-05,0.8690492405787612,0.869047995194745,1,0
235,-1.1666666666666667,0.9183798957358642,0.6666666666666666,1.4685661897256819,1,0.0,0.0,0.0,0,-0.3947939262472885,0.8161157024793388,2023,9,235.0,1,False,False,False,False,False,False,False,True,False,False,False,False,False,False,False,False,False,False,False,False,False,0.0,0.0,3,0.4779678589942975,2.2028492812842493,11.225443372521113,273.88683794589326,1.3330667199893354e-05,0.95378763114987,0.9537864067315844,1,0
236,1.0,-0.4847123824800606,-1.0,-0.6519711157122696,1,0.0,0.0,0.0,0,-0.7678958785249458,-0.08471074380165289,2024,3,236.0,1,False,False,False,False,False,False,False,False,False,False,False,False,False,True,False,False,False,False,False,False,False,1.0,3.0,0,-0.5656441717791411,0.6519711163642408,10.481588573774557,188.81737208212596,2.8048130592096036e-05,-0.7849933001517081,-0.7849920477817158,0,0
237,0.5833333333333334,-0.6041260081094327,0.0,0.0054142587842641735,0,0.0,0.0,0.0,0,-0.39913232104121477,0.7417355371900827,2023,9,237.0,1,False,False,True,False,False,False,False,False,False,False,False,False,False,False,False,False,False,False,False,False,False,3.0,4.0,0,0.0,0.0,10.382915384154703,179.72757161882535,3.0956877070241155e-05,-1.012424298359594,-1.0124227730708426,0,0
238,1.1666666666666667,1.413999910885354,-0.6666666666666666,-0.17204075115629852,1,0.0,0.0,0.0,0,-0.11496746203904555,0.3409090909090909,2023,5,238.0,0,False,False,False,False,False,False,False,False,False,False,False,False,False,False,False,False,True,False,False,False,False,4.0,1.0,3,-0.5979247730220493,0.2580611271215395,11.395481121951018,298.19121382093067,1.1246190353017915e-05,1.357342967721462,1.357342232469701,2,0
239,0.08333333333333333,-0.6320367152341487,-0.6666666666666666,-0.34536295930034916,1,0.0,0.0,0.0,0,0.8199566160520607,-0.10537190082644628,2022,3,239.0,0,False,False,False,False,False,False,False,False,False,False,False,True,False,False,False,False,False,False,False,False,False,4.0,2.0,0,-0.36630909813269763,0.5180444397275904,10.358377543971816,177.5359118601079,3.17258883248731e-05,-1.0688653720809218,-1.068863805169684,0,0
240,0.5,0.09385554515884685,1.6666666666666667,0.7298124169473719,1,0.0,0.0,0.0,0,0.2993492407809111,0.609504132231405,2022,11,240.0,2,False,False,False,False,False,False,False,False,False,False,False,False,False,False,False,False,True,False,False,False,False,4.0,3.0,2,1.2826933778519756,0.4378874499056906,10.856765736460563,227.778401083158,1.9273764551692237e-05,0.08660745879645582,0.08660701390159288,1,1
241,0.16666666666666666,0.0,-0.6666666666666666,-0.5744512088342244,1,0.0,0.0,0.0,1,-0.11713665943600868,-0.9235537190082644,2023,5,241.0,0,False,False,False,False,False,False,False,False,False,False,False,False,False,False,False,False,True,False,False,False,False,1.0,0.0,1,-0.5967637540453075,0.8616768145438518,10.804684950962628,221.92341021172146,2.030415626078658e-05,-0.03503730162965734,-0.03503751246862067,1,0
242,0.3333333333333333,-0.47622866818161563,1.0,0.7584391771480371,1,0.0,0.0,0.0,0,-0.46637744034707157,-0.07644628099173553,2023,10,242.0,1,False,False,False,False,False,False,False,False,False,False,True,False,False,False,False,False,False,False,False,False,False,4.0,0.0,0,0.6819526627218935,0.7584391763895979,10.48824184666795,189.44656238633627,2.78621381404809e-05,-0.7696313051348503,-0.7696300762662868,0,1
243,0.16666666666666666,1.3496234906206834,0.6666666666666666,0.09054255899955715,1,0.0,0.0,0.0,0,-0.0824295010845987,-0.9442148760330579,2023,4,243.0,2,False,False,False,False,False,True,False,False,False,False,False,False,False,False,False,False,False,False,False,False,False,2.0,4.0,3,0.6158984635938543,0.135813838295615,11.374961405434707,295.14742079171214,1.1479342922411121e-05,1.3085215683885996,1.3085207371064564,2,0
244,0.08333333333333333,0.901056008555006,0.0,0.19513169957868506,1,0.0,0.0,0.0,0,0.6225596529284165,-0.4772727272727273,2022,6,244.0,1,False,False,False,False,False,False,True,False,False,False,False,False,False,False,False,False,False,False,False,False,False,1.0,0.0,3,0.0,0.0,11.21894359036992,272.9981684920249,1.3417595835178253e-05,0.9384068354977102,0.9384056053280009,1,0
245,-0.08333333333333333,0.06979459074098829,0.6666666666666666,0.9707160295435583,1,0.0,0.0,0.0,0,-0.7657266811279827,0.75,2024,3,245.0,0,False,False,False,False,False,False,False,True,False,False,False,False,False,False,False,False,False,False,False,False,False,0.0,1.0,2,0.3775593775593775,1.4560740421312266,10.843670576829885,226.29184695874486,1.95278173758519e-05,0.05600131107746244,0.056000923486469144,1,0
246,-0.5,-0.01507819810185804,0.0,0.2390226315193095,1,0.0,0.0,0.0,0,0.735357917570499,0.4896694214876033,2022,4,246.0,2,False,True,False,False,False,False,False,False,False,False,False,False,False,False,False,False,False,False,False,False,False,0.0,2.0,1,0.0,0.0,10.79605919778969,220.9683235217211,2.0480052428934218e-05,-0.05516405255898838,-0.055164223234444115,1,0
247,-0.4166666666666667,-0.5485541148687787,-0.6666666666666666,-0.3993613317263615,1,0.0,0.0,0.0,0,0.9349240780911063,0.8119834710743802,2022,1,247.0,0,False,False,False,False,False,False,False,False,False,False,False,False,True,False,False,False,False,False,False,False,False,3.0,4.0,0,-0.34454409566517186,0.5990419984881052,10.430048720688177,184.0135864549137,2.9531628373988543e-05,-0.9038803394938939,-0.9038789253898437,0,0
248,0.5,0.8321525642739385,-1.0,-0.5641398065453198,0,0.0,0.0,0.0,0,-0.7592190889370932,0.03925619834710744,2024,3,248.0,1,False,False,False,False,False,False,False,False,False,False,False,False,False,True,False,False,False,False,False,False,False,1.0,2.0,3,-0.5684340320591862,0.5641398071094597,11.19266510287629,269.43459317615475,1.3774863628850074e-05,0.8762565333942726,0.8762552887874425,1,0
249,-0.3333333333333333,-0.459617698168694,0.3333333333333333,1.1227108377885597,0,0.0,0.0,0.0,0,0.8980477223427332,0.0640495867768595,2022,1,249.0,0,False,False,False,False,False,False,True,False,False,False,False,False,False,False,False,False,False,False,False,False,False,2.0,3.0,0,0.17561904761904762,3.3681325032612817,10.501142036636598,190.67249408344142,2.750501966608906e-05,-0.7398358618435008,-0.7398346800657297,0,0
250,-0.16666666666666666,-0.011727487412556253,-0.6666666666666666,-0.37982220299349995,0,0.0,0.0,0.0,0,-0.12364425162689804,0.1921487603305785,2023,5,250.0,1,False,False,False,False,False,False,False,False,False,False,False,False,False,False,False,True,False,False,False,False,False,1.0,4.0,1,-0.5933075933075933,0.5697333053448499,10.797982472039825,221.1809214195474,2.0440701524876334e-05,-0.05067691512001442,-0.050677094779328684,1,0
251,-0.5833333333333334,0.45188254689658247,0.6666666666666666,1.6661001061013425,1,0.0,0.0,0.0,0,-0.21691973969631237,-0.25413223140495866,2023,6,251.0,0,False,False,False,False,False,False,True,False,False,False,False,False,False,False,False,False,False,False,False,False,False,3.0,4.0,2,0.5478312537136066,2.4991501554032887,11.03372769888455,248.8513612580811,1.6147784523963313e-05,0.5015169769201709,0.5015159147405693,1,0
252,0.08333333333333333,0.9646482199349463,0.6666666666666666,2.1262708983590346,1,0.0,0.0,0.0,0,-0.7310195227765727,0.4772727272727273,2024,2,252.0,2,False,False,False,False,True,False,False,False,False,False,False,False,False,False,False,False,False,False,False,False,False,2.0,2.0,3,0.38512949039264827,3.1894063427544426,11.242598582838149,276.2462669431028,1.3103927246995924e-05,0.9943989586332702,0.9943977536565493,1,0
253,-0.5,0.8319030432651606,-0.3333333333333333,-0.14438847512799113,1,0.0,0.0,0.0,0,0.5639913232104121,-0.3450413223140496,2022,7,253.0,1,False,False,False,False,False,False,False,False,False,False,False,False,False,False,True,False,False,False,False,False,False,0.0,4.0,3,-0.21312991215903837,0.43316542668346975,11.192568674181793,269.4216026973338,1.3776191985011503e-05,0.8760285735549226,0.8760273289207026,1,0
254,1.6666666666666667,-0.5409615470302545,-0.3333333333333333,-0.4938965975462777,0,0.0,0.0,0.0,0,0.3297180043383948,0.010330578512396695,2022,10,254.0,0,True,False,False,False,False,False,False,False,False,False,False,False,False,False,False,False,False,False,False,False,False,0.0,4.0,0,-0.25067971723762916,1.4816897970839027,10.436319256564733,184.59144075498193,2.9347028613352897e-05,-0.889426992210585,-0.8894255957056085,0,0
255,0.16666666666666666,0.2823508443612708,1.3333333333333333,2.4585674876644252,1,0.0,0.0,0.0,0,0.28633405639913234,-0.8037190082644629,2022,11,255.0,2,False,False,False,False,False,False,False,False,False,False,False,False,False,False,False,True,False,False,False,False,False,4.0,4.0,2,1.0365373805508713,1.8439256143653746,10.953819547029006,239.10457962991842,1.749107954942979e-05,0.313859360431025,0.31385853484653214,1,1
256,0.5833333333333334,-0.10914761841108586,-0.6666666666666666,-0.16801714103237633,0,0.0,0.0,0.0,0,0.008676789587852495,-0.3367768595041322,2023,3,256.0,1,False,False,False,False,False,False,True,False,False,False,False,False,False,False,False,False,False,False,False,False,False,2.0,1.0,1,-0.660931899641577,0.25202571192660306,10.740496953482564,214.9139362628678,2.165017644893806e-05,-0.18467071645975164,-0.1846706221018185,0,0
257,-0.3333333333333333,-0.9472173951788977,0.6666666666666666,1.5334384045654483,0,0.0,0.0,0.0,0,0.9566160520607375,-0.11776859504132231,2022,1,257.0,2,False,False,False,False,False,False,False,False,False,False,False,False,False,True,False,False,False,False,False,False,False,3.0,4.0,0,0.3407243163340724,2.3001576033979365,10.029150570531785,150.58884420832774,4.4095599259193934e-05,-1.8216958400039729,-1.821695360529309,0,0
258,0.25,0.24652675667245913,1.3333333333333333,1.1427135160748687,1,0.0,0.0,0.0,0,-0.5075921908893709,0.7169421487603306,2023,11,258.0,1,False,False,False,False,False,False,False,False,False,False,False,False,False,False,True,False,False,False,False,False,False,3.0,4.0,2,0.8844124700239808,0.8570351364133751,10.936084674806935,236.9936708015638,1.7804048640660887e-05,0.27227819567980877,0.27227743294782697,1,1
259,0.4166666666666667,0.6513924163436261,0.0,-0.5212357200984785,1,0.0,0.0,0.0,0,0.3210412147505423,-0.05578512396694215,2022,10,259.0,0,False,False,True,False,False,False,False,False,False,False,False,False,False,False,False,False,False,False,False,False,False,4.0,4.0,3,0.0,0.0,11.120253178660816,259.8538050519946,1.4809329877823029e-05,0.705278987066276,0.7052777716961409,1,0
260,0.16666666666666666,1.7564853183620728,0.6666666666666666,1.007960690997868,1,0.0,0.0,0.0,0,0.40563991323210413,-0.9276859504132231,2022,9,260.0,2,False,False,False,False,False,False,False,False,False,False,False,True,False,False,False,False,False,False,False,False,False,3.0,1.0,3,0.47427983539094654,1.5119410342288906,11.498085901273566,313.88851524068224,1.0149502166918712e-05,1.6019660351069385,1.6019659485357765,2,0
261,1.0833333333333333,-0.6236242926524974,-1.0,-0.6220278747798139,0,0.0,0.0,0.0,0,-0.0824295010845987,0.11363636363636363,2023,4,261.0,0,False,False,True,False,False,False,False,False,False,False,False,False,False,False,False,False,False,False,False,False,False,0.0,2.0,0,-0.9238476953907815,0.6220278754018418,10.365836962845004,178.19932659805423,3.1490112104799095e-05,-1.0517123611922863,-1.051710805664172,0,0
262,0.8333333333333334,-0.9636501358998352,0.6666666666666666,1.2572926645858444,0,0.0,0.0,0.0,0,0.04772234273318872,0.4855371900826446,2023,2,262.0,0,False,False,False,False,False,False,True,False,False,False,False,False,False,False,False,False,False,False,False,False,False,4.0,0.0,0,0.6363008971704623,1.8859389940498583,10.008613040577128,149.05032707109368,4.501057748570914e-05,-1.8683851481275267,-1.8683848741330458,0,0
263,0.25,-0.01967651383504879,0.6666666666666666,1.1199769255333396,1,0.0,0.0,0.0,0,-0.49891540130151846,0.8574380165289256,2023,11,263.0,0,False,False,True,False,False,False,False,False,False,False,False,False,False,False,False,False,False,False,False,False,False,2.0,1.0,1,0.4447660395561987,1.6799653857800616,10.793413774978955,220.6762334280699,2.0534302552413807e-05,-0.061335544932502185,-0.061335703225038146,0,0
264,0.0,-0.6107917836296395,0.3333333333333333,-0.045660661124674255,0,0.0,0.0,0.0,0,0.3232104121475054,-0.05578512396694215,2022,10,264.0,1,False,False,False,False,False,False,False,False,True,False,False,False,False,False,False,False,False,False,False,False,False,0.0,0.0,0,0.2519125683060109,-0.13698198296307681,10.377109627304575,179.20658470045123,3.113712791132146e-05,-1.0257826626618851,-1.025781126454908,0,0
265,-0.5833333333333334,-0.09032660517756093,0.0,-0.4770316346817475,1,0.0,0.0,0.0,0,-0.06290672451193059,1.0185950413223142,2023,4,265.0,2,False,False,False,False,False,False,True,False,False,False,False,False,False,False,False,False,False,False,False,False,False,4.0,4.0,1,0.0,0.0,10.751863403111642,216.13884426451438,2.1405484085022582e-05,-0.15819685005433126,-0.15819681059543966,0,0
266,0.4166666666666667,1.2492447533752171,-0.3333333333333333,0.10333652667470153,1,0.0,0.0,0.0,0,0.6399132321041214,-0.17148760330578514,2022,5,266.0,1,False,False,False,False,False,False,False,False,False,False,False,False,True,False,False,False,False,False,False,False,False,3.0,2.0,3,-0.20326278659611993,-0.3100095809541334,11.342101556168096,290.33773437154184,1.1862818368387961e-05,1.230409476112805,1.2304085131935858,1,0
267,-0.4166666666666667,-0.5010381856258076,0.0,0.32138405595558184,0,0.0,0.0,0.0,0,-0.6507592190889371,-0.35330578512396693,2024,1,267.0,2,False,False,False,False,False,False,False,False,False,False,True,False,False,False,False,False,False,False,False,False,False,4.0,1.0,0,0.0,0.0,10.468659306042232,187.6006396577581,2.841312686461145e-05,-0.8148364420305851,-0.8148351456038484,0,0
268,1.25,-0.1934144276611861,-1.0,-0.635563521740474,0,0.0,0.0,0.0,0,-0.5878524945770065,-0.4772727272727273,2023,12,268.0,2,False,False,False,False,False,False,False,True,False,False,False,False,False,False,False,False,False,False,False,False,False,2.0,0.0,1,-0.6297814207650273,0.6355635223760375,10.687959709789435,209.3418257300724,2.2818026240730177e-05,-0.30690627615875904,-0.30690592644614584,0,0
269,0.25,0.0,-0.3333333333333333,0.20280189952305902,1,0.0,0.0,0.0,1,0.6811279826464208,0.08057851239669421,2022,5,269.0,0,False,False,False,False,False,False,False,False,False,False,False,False,False,True,False,False,False,False,False,False,False,2.0,2.0,1,-0.1982795698924731,-0.6084057003943942,10.804684950962628,221.92341021172146,2.030415626078658e-05,-0.03503730162965734,-0.03503751246862067,1,0
270,-0.5,-0.8341843782025576,-1.0,-0.7867569043130711,0,0.0,0.0,0.0,0,0.210412147505423,0.3367768595041322,2022,12,270.0,2,False,False,False,False,False,False,False,False,False,False,True,False,False,False,False,False,False,False,False,False,False,4.0,0.0,0,-0.8261648745519713,0.786756905099828,10.160027194468766,160.77313208369114,3.8686216101203144e-05,-1.5234138325861573,-1.5234124789625154,0,0
271,-0.75,1.9779173907231653,0.0,0.47077680604056577,1,0.0,0.0,0.0,0,-0.40997830802603036,-0.8367768595041323,2023,9,271.0,1,False,False,False,False,False,False,False,False,False,False,False,False,True,False,False,False,False,False,False,False,False,0.0,2.0,3,0.0,0.0,11.55922682033707,323.6325076379071,9.54754198531588e-06,1.7481320027007081,1.7481324442668906,2,0
272,-0.25,1.8054627277993138,-0.3333333333333333,-0.9220845308363464,1,0.0,0.0,0.0,0,0.8980477223427332,-0.8863636363636364,2022,1,272.0,0,False,False,False,False,True,False,False,False,False,False,False,False,False,False,False,False,False,False,False,False,False,2.0,0.0,3,-0.17561904761904762,2.7662536008078007,11.511934974596555,316.06961258558215,1.0009909810712605e-05,1.6350481154804088,1.6350481389509177,2,0
273,0.75,0.013759301341175423,-0.6666666666666666,-0.42811788580199217,1,0.0,0.0,0.0,0,-0.3926247288503254,0.8574380165289256,2023,9,273.0,1,False,False,False,False,False,False,True,False,False,False,False,False,False,False,False,False,False,False,False,False,False,4.0,4.0,2,-0.47871235721703004,0.6421768296662536,10.81249180235931,222.79138223908032,2.0146261861111672e-05,-0.0168163338527047,-0.01681658074271588,1,0
274,-0.4166666666666667,-0.3521097892438622,-0.6666666666666666,-0.8297640017717894,1,0.0,0.0,0.0,0,0.6117136659436009,-0.8285123966942148,2022,6,274.0,2,False,False,False,False,False,False,False,False,True,False,False,False,False,False,False,False,False,False,False,False,False,4.0,3.0,1,-0.4136384028712427,1.2446460045246532,10.580835581187099,198.42378889639215,2.539811545983288e-05,-0.5554842730123631,-0.555483419383857,0,0
275,0.5833333333333334,0.32730027179967025,0.6666666666666666,0.46632467010723455,1,0.0,0.0,0.0,0,-0.3080260303687636,-0.22520661157024793,2023,8,275.0,2,False,False,False,False,False,False,False,False,False,False,False,True,False,False,False,False,False,False,False,False,False,0.0,3.0,2,0.509673852957435,0.6994870041116213,10.975636077718386,241.72711887581005,1.711361730528982e-05,0.36504409021342776,0.3650431921331301,1,0
276,-1.1666666666666667,0.47587220959764737,0.0,-0.19191981622835477,1,0.0,0.0,0.0,0,-0.8872017353579176,0.9276859504132231,2024,5,276.0,0,False,False,False,False,False,False,False,False,False,True,False,False,False,False,False,False,False,False,False,False,False,2.0,0.0,2,0.0,0.0,11.044536531401494,250.19992006393608,1.5974185715883132e-05,0.526938997481301,0.5269379098472226,1,0
277,-0.16666666666666666,-0.8755335739428776,0.0,0.42929015111715446,1,0.0,0.0,0.0,0,0.2754880694143167,0.6838842975206612,2022,11,277.0,0,False,False,False,False,False,False,False,False,False,False,False,False,True,False,False,False,False,False,False,False,False,1.0,2.0,0,0.0,0.0,10.114113079291366,157.12415473121885,4.0503868119405404e-05,-1.6282052114329981,-1.6282040849394022,0,0
278,-0.5833333333333334,-0.285808492625763,0.0,0.5818741823500932,0,0.0,0.0,0.0,0,-0.21691973969631237,0.07644628099173553,2023,6,278.0,0,False,False,False,False,False,False,False,False,False,False,True,False,False,False,False,False,False,False,False,False,False,0.0,1.0,1,0.0,0.0,10.62699418560542,203.0566423439529,2.4252419178813087e-05,-0.4484835266449541,-0.4484828845920643,0,0
279,0.5833333333333334,-0.4936238470792675,0.6666666666666666,2.334433490940182,0,0.0,0.0,0.0,0,-0.9479392624728851,0.44834710743801653,2024,5,279.0,0,False,False,False,False,True,False,False,False,False,False,False,False,False,False,False,False,False,False,False,False,False,3.0,2.0,0,0.3422420193021529,3.501650231157798,10.474551841293858,188.15419208723466,2.824619382538203e-05,-0.8012369748218234,-0.801235698203938,0,0
280,0.0,-0.12636456801675355,0.0,-0.12262636875882024,1,0.0,0.0,0.0,0,0.7223427331887202,0.44421487603305787,2022,4,280.0,2,False,False,False,False,False,False,False,False,False,False,False,False,False,False,False,True,False,False,False,False,False,4.0,2.0,1,0.0,0.0,10.729984859292829,213.7872774512085,2.1878965562508203e-05,-0.20914576171842608,-0.2091456163984224,0,0
281,-0.16666666666666666,0.47597914717283785,0.6666666666666666,1.2968797964502405,1,0.0,0.0,0.0,0,-0.4793926247288503,-0.11776859504132231,2023,10,281.0,0,False,False,False,False,False,False,False,False,False,False,False,False,False,False,False,True,False,False,False,False,False,4.0,4.0,2,0.4506353861192571,1.9453196917573814,11.044584452810392,250.20591519786257,1.5973420228739377e-05,0.5270517274528008,0.5270506397096404,1,0
282,-1.1666666666666667,0.0,1.0,-0.5028832782224419,0,0.0,0.0,0.0,1,0.03036876355748373,0.25826446280991733,2023,3,282.0,2,False,False,False,False,False,False,True,False,False,False,False,False,False,False,False,False,False,False,False,False,False,4.0,1.0,1,0.9705263157894738,-0.5028832777195587,10.804684950962628,221.92341021172146,2.030415626078658e-05,-0.03503730162965734,-0.03503751246862067,1,1
283,0.9166666666666666,0.2793565922559373,0.3333333333333333,0.02539839508843509,1,0.0,0.0,0.0,0,-0.9370932754880694,-0.21694214876033058,2024,5,283.0,2,False,False,False,False,False,False,False,True,False,False,False,False,False,False,False,False,False,False,False,False,False,4.0,1.0,2,0.17207913400522581,0.07619518503671971,10.952349215939682,238.9288597051432,1.7516816143497758e-05,0.310411089453926,0.31041026895040924,1,0
284,0.6666666666666666,0.0,0.0,0.6711950307487872,0,0.0,0.0,0.0,1,-0.4642082429501085,0.36983471074380164,2023,10,284.0,1,False,False,False,False,False,False,False,False,False,True,False,False,False,False,False,False,False,False,False,False,False,2.0,1.0,1,0.0,0.0,10.804684950962628,221.92341021172146,2.030415626078658e-05,-0.03503730162965734,-0.03503751246862067,1,0
285,-0.3333333333333333,-0.31389742904246315,0.6666666666666666,0.11941448540849016,1,0.0,0.0,0.0,0,0.23210412147505424,0.6549586776859504,2022,12,285.0,1,False,False,False,True,False,False,False,False,False,False,False,False,False,False,False,False,False,False,False,False,False,2.0,0.0,1,0.5410798122065728,0.17912172784405267,10.607698305452052,201.10693672770216,2.472493509704537e-05,-0.4932335260849715,-0.4932327941871497,0,0
286,-1.1666666666666667,1.6702936327585438,0.6666666666666666,1.8510934618910764,1,0.0,0.0,0.0,0,-0.7917570498915402,0.6838842975206612,2024,3,286.0,1,False,False,False,False,False,False,False,False,False,False,False,False,True,False,False,False,False,False,False,False,False,4.0,2.0,3,0.3720742534301856,2.7766401886716547,11.473238243018637,310.0129029572802,1.0404852823356814e-05,1.5426492480397047,1.5426489777637815,2,0
287,0.5,0.17095753687118478,1.0,1.1590860863026258,1,0.0,0.0,0.0,0,-0.17787418655097614,0.2706611570247934,2023,6,287.0,1,False,False,False,False,True,False,False,False,False,False,False,False,False,False,False,False,False,False,False,False,False,0.0,3.0,2,0.848987108655617,1.1590860851435396,10.897609317364129,232.47795594421422,1.8502414565100747e-05,0.18215333241018,0.18215271697176622,1,1
288,1.9166666666666667,0.0,-0.6666666666666666,-0.7098262204229632,1,0.0,0.0,0.0,1,-0.9197396963123644,-0.13429752066115702,2024,5,288.0,1,False,False,False,False,False,False,False,False,False,False,False,False,False,False,True,False,False,False,False,False,False,1.0,2.0,1,-0.34726930320150656,1.0647393322315537,10.804684950962628,221.92341021172146,2.030415626078658e-05,-0.03503730162965734,-0.03503751246862067,1,0
289,-1.1666666666666667,0.7752974201309986,0.0,0.07109820039762259,1,0.0,0.0,0.0,0,0.11496746203904555,0.27892561983471076,2023,1,289.0,1,False,False,False,False,False,False,False,False,False,False,False,False,False,False,False,False,False,False,False,False,False,1.0,1.0,3,0.0,0.0,11.170449240431308,266.45825188948453,1.4084308671708849e-05,0.8237570271237911,0.8237557810167689,1,0
290,-0.8333333333333334,-0.12151673127478502,0.3333333333333333,-0.34661969364525064,1,0.0,0.0,0.0,0,0.006507592190889371,-0.026859504132231406,2023,3,290.0,0,False,False,False,False,False,False,False,False,False,False,True,False,False,False,False,False,False,False,False,False,False,3.0,3.0,1,0.33117816091954017,-1.0398590778161747,10.732955980454312,214.1051143714227,2.1814056978316828e-05,-0.2022290437878579,-0.20222891288670602,0,0
291,0.4166666666666667,-0.5359354809963017,0.3333333333333333,0.1803784624576369,0,0.0,0.0,0.0,0,0.8134490238611713,-0.7913223140495868,2022,3,291.0,1,False,False,False,False,False,False,False,False,False,False,False,False,False,False,False,False,True,False,False,False,False,4.0,3.0,0,0.18381180223285484,0.5411353857495045,10.440448649906745,184.9729709984678,2.922609305588029e-05,-0.8799072481534915,-0.8799058635713598,0,0
292,-0.08333333333333333,0.11809472886868957,-1.0,-0.38915500066957154,0,0.0,0.0,0.0,0,-0.96529284164859,0.9524793388429752,2024,6,292.0,2,False,False,True,False,False,False,False,False,False,False,False,False,False,False,False,False,False,False,False,False,False,1.0,2.0,2,-0.5088300220750552,0.3891550010587265,10.86978675376353,229.26622080018677,1.902442736473632e-05,0.11705356285003025,0.11705306217054459,1,0
293,-0.75,0.0,0.0,-0.6280416576532031,1,0.0,0.0,0.0,1,-0.3123644251626898,-0.506198347107438,2023,8,293.0,2,False,False,False,False,False,False,False,False,False,False,False,False,False,False,False,False,True,False,False,False,False,3.0,0.0,1,0.0,0.0,10.804684950962628,221.92341021172146,2.030415626078658e-05,-0.03503730162965734,-0.03503751246862067,1,0
294,0.0,-0.5242079935837455,-0.6666666666666666,-0.33962318571855327,0,0.0,0.0,0.0,0,0.3557483731019523,0.5020661157024794,2022,10,294.0,2,True,False,False,False,False,False,False,False,False,False,False,False,False,False,False,False,False,False,False,False,False,0.0,4.0,0,-0.49173333333333336,0.5094347793419821,10.450018100922895,185.8601624878231,2.8947749312490954e-05,-0.8578411701545847,-0.8578398141914079,0,0
295,-0.5,-0.07692376242035379,-0.3333333333333333,-0.20126085478537656,1,0.0,0.0,0.0,0,0.4837310195227766,-0.18801652892561985,2022,8,295.0,2,True,False,False,False,False,False,False,False,False,False,False,False,False,False,False,False,False,False,False,False,False,1.0,0.0,1,-0.22465886939571147,0.6037825661674775,10.759879649001931,217.00691233230336,2.1234578387446116e-05,-0.13951999299997125,-0.1395199920932503,0,0
296,0.08333333333333333,-0.10768613821681593,-0.3333333333333333,0.08943416051175879,1,0.0,0.0,0.0,0,0.7809110629067245,-0.40702479338842973,2022,3,296.0,0,False,False,False,False,True,False,False,False,False,False,False,False,False,False,False,False,False,False,False,False,False,3.0,4.0,1,-0.18717011774259035,-0.26830248234018383,10.74138421698227,215.00930212434997,2.163097555699762e-05,-0.1826045308019894,-0.18260444073800433,0,0
297,-0.6666666666666666,0.18646348527380474,0.3333333333333333,0.4382933135552193,1,0.0,0.0,0.0,0,-0.1193058568329718,0.13016528925619836,2023,5,297.0,2,False,False,False,False,False,False,False,False,False,True,False,False,False,False,False,False,False,False,False,False,False,2.0,2.0,2,0.2978036175710594,1.314879936721018,10.905625650869101,233.41165352226955,1.8354685951323372e-05,0.20092130443961395,0.20092065715927335,1,0
298,-1.1666666666666667,2.110519983959364,0.6666666666666666,-0.42036939748859153,1,0.0,0.0,0.0,0,0.23427331887201736,-0.7293388429752066,2022,12,298.0,0,False,False,False,False,False,False,False,False,False,False,False,False,False,False,False,True,False,False,False,False,False,3.0,0.0,3,0.5401288810779145,-0.6305540952870562,11.59412750036361,329.32962211134304,9.220073944993039e-06,1.831700570090392,1.8317013633179693,2,0
299,1.3333333333333333,-1.0708372320990955,1.0,2.2444574925059495,0,0.0,0.0,0.0,0,-0.006507592190889371,-0.9442148760330579,2023,3,299.0,0,False,False,False,False,False,False,False,False,False,False,False,False,True,False,False,False,False,False,False,False,False,3.0,4.0,0,0.9935344827586206,2.244457490261492,9.863186255762603,138.5965367532681,5.2056220718375845e-05,-2.198080917280802,-2.1980827420171396,0,1
300,-0.25,-0.05236376598493962,0.0,-0.602229158297022,1,0.0,0.0,0.0,0,-0.06073752711496746,0.7747933884297521,2023,4,300.0,1,False,False,False,False,False,False,False,True,False,False,False,False,False,False,False,False,False,False,False,False,False,3.0,1.0,1,0.0,0.0,10.774404278521965,218.58865478336244,2.092838307312377e-05,-0.10566670127103218,-0.10566676977874762,0,0
301,0.08333333333333333,-0.9162411442320545,0.0,0.30771655489971894,1,0.0,0.0,0.0,0,0.22125813449023862,0.6632231404958677,2022,12,301.0,0,False,False,False,False,False,False,False,False,False,False,False,False,False,False,True,False,False,False,False,False,False,2.0,1.0,0,0.0,0.0,10.066753702794923,153.44705927452634,4.2468254979402894e-05,-1.7361273455577055,-1.7361265409632127,0,0
302,0.25,0.9636501358998352,0.3333333333333333,-0.1041070490435427,1,0.0,0.0,0.0,0,-0.7266811279826464,0.621900826446281,2024,2,302.0,0,False,False,False,False,False,False,False,False,False,False,False,False,False,True,False,False,False,False,False,False,False,1.0,2.0,3,0.19304857621440535,-0.3123211461936647,11.242231605547303,276.1955828756137,1.3108736973192634e-05,0.9935299746371058,0.9935287691790443,1,0
303,0.08333333333333333,0.45020719155193156,-0.3333333333333333,-0.48151467391864194,1,0.0,0.0,0.0,0,0.6268980477223427,-0.05165289256198347,2022,6,303.0,0,False,True,False,False,False,False,False,False,False,False,False,False,False,False,False,False,False,False,False,False,False,4.0,0.0,2,-0.20488888888888887,1.4445440260895581,11.032968464866704,248.75690945177783,1.6160049126549343e-05,0.49973162742550936,0.4997305670969773,1,0
304,-0.6666666666666666,-0.8044557322996034,1.0,0.2784305242230395,1,0.0,0.0,0.0,0,0.14316702819956617,0.7747933884297521,2023,1,304.0,2,False,False,False,False,False,False,False,False,False,False,False,False,False,True,False,False,False,False,False,False,False,0.0,4.0,0,0.874762808349146,0.27843052394460893,10.191781937486343,163.3462579920336,3.747704530974778e-05,-1.450845054029359,-1.4508435878642751,0,1
305,0.16666666666666666,2.8266017912043817,-0.3333333333333333,-0.248003131534761,1,0.0,0.0,0.0,0,-0.48590021691973967,-0.5847107438016529,2023,10,305.0,1,False,False,False,False,False,False,False,False,False,False,True,False,False,False,False,False,False,False,False,False,False,2.0,0.0,3,-0.22433090024330898,0.7440093968363113,11.952044538551585,393.8692676510824,6.446040197506672e-06,2.6943529797150463,2.694359722830105,3,0
306,0.0,2.1211424497616185,0.6666666666666666,-0.7781822676844156,1,0.0,0.0,0.0,0,-0.6095444685466378,-0.05578512396694215,2023,12,306.0,0,False,False,False,False,False,False,False,True,False,False,False,False,False,False,False,False,False,False,False,False,False,1.0,2.0,3,0.41419586702605565,-1.1672733997757134,11.596871314695504,329.7817460078711,9.194810448982595e-06,1.8382746670345211,1.8382754894963658,2,0
307,0.9166666666666666,-0.790482555808047,1.6666666666666667,1.0192774807626939,1,0.0,0.0,0.0,0,0.8156182212581344,-0.2871900826446281,2022,3,307.0,2,False,False,False,False,False,False,False,False,False,False,False,False,False,False,True,False,False,False,False,False,False,2.0,2.0,0,0.9179609717244126,0.6115664880906764,10.20636607186919,164.54178800535746,3.6934441366574334e-05,-1.417490349941116,-1.4174888434378308,0,1
308,0.6666666666666666,0.10034309138706947,-0.6666666666666666,-0.4693861573802239,0,0.0,0.0,0.0,0,-0.4945770065075922,0.493801652892562,2023,11,308.0,2,False,False,False,False,False,False,False,False,False,False,True,False,False,False,False,False,False,False,False,False,False,1.0,3.0,2,-0.44605708756652146,0.7040792371264547,10.860267423540328,228.17756243767704,1.9206391887220068e-05,0.09479390239476723,0.09479344237679993,1,0
309,0.5833333333333334,0.014258343358731008,-0.6666666666666666,-0.452249245444338,1,0.0,0.0,0.0,0,-0.16702819956616052,-0.21694214876033058,2023,6,309.0,0,False,False,False,False,False,False,False,False,False,False,False,False,False,False,True,False,False,False,False,False,False,0.0,4.0,2,-0.5712515489467163,0.6783738691840677,10.8127738102574,222.82279955157193,2.0140581257175083e-05,-0.016158046794712288,-0.016158294981380293,1,0
310,-1.0,0.4337744508309941,-1.0,-0.8356974360559144,0,0.0,0.0,0.0,0,-0.8937093275488069,0.5805785123966942,2024,5,310.0,1,False,False,False,False,False,False,False,False,False,False,False,False,False,False,True,False,False,False,False,False,False,1.0,1.0,2,-0.5280641466208477,0.8356974368916118,11.025490793994813,247.82856978161337,1.6281341582546403e-05,0.48215019146168736,0.48214914979926893,1,0
311,1.0,-0.2017912043844406,1.0,0.893327976760716,1,0.0,0.0,0.0,0,-0.6399132321041214,-0.05578512396694215,2024,1,311.0,2,False,False,False,False,False,False,False,False,False,False,False,False,False,True,False,False,False,False,False,False,False,4.0,1.0,1,0.6097883597883598,0.8933279758673879,10.682583045232438,208.77978829379055,2.2941041523285156e-05,-0.31940380618510517,-0.31940343037032703,0,1
312,0.5833333333333334,0.029229603885398567,2.0,2.4585674876644252,1,0.0,0.0,0.0,0,0.14533622559652928,0.4524793388429752,2023,1,312.0,0,False,False,False,False,False,False,False,False,False,False,False,False,True,False,False,False,False,False,False,False,False,1.0,2.0,2,1.746212121212121,1.2292837432175707,10.821197277163698,223.76326776305356,1.997164027081544e-05,0.0035075848723802134,0.003507298144834298,1,1
313,-0.3333333333333333,-0.3091921757340819,-0.3333333333333333,-0.3168762940758367,0,0.0,0.0,0.0,0,0.8459869848156182,0.3739669421487603,2022,2,313.0,2,False,False,False,False,False,False,False,False,True,False,False,False,False,False,False,False,False,False,False,False,False,4.0,1.0,1,-0.18057187622405013,0.9506288850793968,10.610956682603621,201.43485299222675,2.4644503043596124e-05,-0.48567888629263045,-0.4856781694397837,0,0
314,0.0,0.18607138083143965,0.3333333333333333,0.8904498490888676,1,0.0,0.0,0.0,0,-0.8828633405639913,-0.05991735537190083,2024,4,314.0,1,False,False,False,False,False,False,False,True,False,False,False,False,False,False,False,False,False,False,False,False,False,0.0,0.0,2,0.17703533026113671,2.671349539252554,10.905423728938777,233.38808881346108,1.8358392539149273e-05,0.20044849994957692,0.2004478534641803,1,0
315,-0.08333333333333333,-0.04662478278305039,0.6666666666666666,1.0297990255158278,1,0.0,0.0,0.0,0,0.25379609544468545,0.9855371900826446,2022,11,315.0,1,False,False,False,False,False,False,False,False,True,False,False,False,False,False,False,False,False,False,False,False,False,2.0,3.0,1,0.5317185697808535,1.544698535956694,10.777768084253218,218.95661670751127,2.085810232985003e-05,-0.09782417184957615,-0.09782425634027356,0,0
316,-1.1666666666666667,0.05097357750746335,-0.6666666666666666,-0.6171842970013494,1,0.0,0.0,0.0,0,-0.03470715835140998,0.3202479338842975,2023,4,316.0,2,False,False,False,False,True,False,False,False,False,False,False,False,False,False,False,False,False,False,False,False,False,2.0,0.0,2,-0.644304682040531,0.9257764468906887,10.833306365889975,225.12218904408334,1.9731260235591246e-05,0.03178743040184309,0.03178708895305065,1,0
317,0.9166666666666666,1.555799135587934,0.0,-0.24736034282064748,1,0.0,0.0,0.0,0,0.4316702819956616,-0.09710743801652892,2022,9,317.0,0,False,False,False,False,False,False,False,False,False,False,False,True,False,False,False,False,False,False,False,False,False,2.0,0.0,3,0.0,0.0,11.439246631492562,304.78845122477986,1.0764610267285273e-05,1.4615833412232955,1.461582847574168,2,0
318,1.8333333333333333,0.0,0.0,0.17619415515518616,1,0.0,0.0,0.0,1,-0.403470715835141,-0.23760330578512398,2023,9,318.0,1,False,True,False,False,False,False,False,False,False,False,False,False,False,False,False,False,False,False,False,False,False,1.0,4.0,1,0.0,0.0,10.804684950962628,221.92341021172146,2.030415626078658e-05,-0.03503730162965734,-0.03503751246862067,1,0
319,0.3333333333333333,0.594572918059083,-0.3333333333333333,0.5330840466845906,1,0.0,0.0,0.0,0,-0.26898047722342733,-0.9400826446280992,2023,7,319.0,0,False,False,False,False,False,False,False,False,False,False,False,True,False,False,False,False,False,False,False,False,False,2.0,0.0,2,-0.26267806267806265,-1.5992521448515287,11.09636401959432,256.7683781153746,1.5167371949462316e-05,0.64896282271492,0.6489616376186101,1,0
320,0.0,2.16281245822751,-0.3333333333333333,-0.21846987442957647,1,0.0,0.0,0.0,0,-0.7527114967462039,0.24586776859504134,2024,3,320.0,2,False,False,False,False,False,False,False,False,False,False,False,False,False,True,False,False,False,False,False,False,False,2.0,0.0,3,-0.19018151815181517,0.6554096252549584,11.6075626911193,331.54939300200806,9.097028910357877e-06,1.8638966184734724,1.8638975570824772,2,0
321,0.9166666666666666,2.8266017912043817,1.6666666666666667,0.6803774323475181,1,0.0,0.0,0.0,0,-0.6290672451193059,0.6590909090909091,2024,1,321.0,1,False,False,False,False,False,False,False,False,False,False,True,False,False,False,False,False,False,False,False,False,False,1.0,0.0,3,1.0230803373280073,0.408226459163575,11.93712727299866,390.9424510078178,6.54291827240786e-06,2.6581935510184658,2.6581999542548993,3,1
322,0.6666666666666666,0.4399411843336452,1.0,0.63191899214026,1,0.0,0.0,0.0,0,-0.7114967462039046,0.38636363636363635,2024,2,322.0,2,False,False,False,False,False,False,False,False,False,False,False,False,False,False,False,False,False,False,False,False,False,4.0,3.0,2,0.5842839036755386,0.631918991508341,11.028303506700874,248.17735593724097,1.623561118958323e-05,0.488762903677073,0.4887618549011953,1,1
323,0.16666666666666666,1.2517756093213919,0.0,-0.36909051577613644,1,0.0,0.0,0.0,0,0.20824295010845986,1.0764462809917354,2022,12,323.0,2,True,False,False,False,False,False,False,False,False,False,False,False,False,False,False,False,False,False,False,False,False,1.0,1.0,3,0.0,0.0,11.34294346177025,290.4599800316732,1.1852835198179404e-05,1.232409726885755,1.2324087670055888,1,0
324,0.6666666666666666,-0.861596043309718,0.6666666666666666,0.7142618745943943,1,0.0,0.0,0.0,0,-0.24945770065075923,-0.3615702479338843,2023,7,324.0,2,False,False,False,True,False,False,False,False,False,False,False,False,False,False,False,False,False,False,False,False,False,0.0,2.0,0,0.5335648148148148,1.0713928102845023,10.129825994746858,158.36350589703426,3.9872408293460924e-05,-1.5923611196670022,-1.592359906462141,0,0
325,1.25,-0.08148643229514771,0.3333333333333333,0.45452578880682365,1,0.0,0.0,0.0,0,-0.403470715835141,-0.0640495867768595,2023,9,325.0,1,False,False,False,False,False,False,False,True,False,False,False,False,False,False,False,False,False,False,False,False,False,2.0,1.0,1,0.23750643997939205,1.363577362329739,10.757157922428616,216.71179017303143,2.1292451825827744e-05,-0.14586183708008726,-0.14586182310118917,0,0
326,0.8333333333333334,-0.6545648977409437,-0.3333333333333333,-0.4196503806256889,0,0.0,0.0,0.0,0,-0.9240780911062907,0.3037190082644628,2024,5,326.0,2,False,False,False,False,False,False,False,True,False,False,False,False,False,False,False,False,False,False,False,False,False,2.0,3.0,0,-0.1732431416760616,1.2589511456539202,10.338123037944072,175.74697721440333,3.237503237503238e-05,-1.1154193219112518,-1.1154177299762533,0,0
327,0.3333333333333333,1.7790847925856614,0.6666666666666666,0.4805340090855714,1,0.0,0.0,0.0,0,0.13882863340563992,-0.1962809917355372,2023,1,327.0,0,False,False,False,False,False,False,True,False,False,False,False,False,False,False,False,False,False,False,False,False,False,2.0,3.0,3,0.5853968253968254,0.7208010125471557,11.504500070809854,314.89680849446535,1.0084609876866913e-05,1.6172860342709463,1.617285997978125,2,0
328,0.5,0.9693178273849307,-0.3333333333333333,-0.29485872039721045,1,0.0,0.0,0.0,0,-0.28633405639913234,-0.7334710743801653,2023,7,328.0,2,False,False,True,False,False,False,False,False,False,False,False,False,False,False,False,False,False,False,False,False,False,0.0,3.0,3,-0.2591343451377178,0.88457616384536,11.244313725608873,276.4832725500767,1.3081471403903511e-05,0.9984604723878902,0.9984592696991169,1,0
329,-0.8333333333333334,-0.09595865080425968,0.6666666666666666,0.9989801909824162,1,0.0,0.0,0.0,0,0.7678958785249458,0.7293388429752066,2022,3,329.0,2,False,False,False,False,False,False,False,False,False,False,False,False,False,False,False,False,True,False,False,False,False,2.0,1.0,1,0.3770961145194274,1.498470284225919,10.748475604511441,215.77302889842372,2.1478124530166025e-05,-0.1660885005841622,-0.1660884447888098,0,0
330,-0.9166666666666666,0.0,2.0,2.4585674876644252,1,0.0,0.0,0.0,1,-0.8004338394793926,-0.21694214876033058,2024,3,330.0,1,False,False,True,False,False,False,False,False,False,False,False,False,False,False,False,False,False,False,False,False,False,3.0,4.0,1,1.110843373493976,1.2292837432175707,10.804684950962628,221.92341021172146,2.030415626078658e-05,-0.03503730162965734,-0.03503751246862067,1,1
331,0.4166666666666667,-0.6566680033863566,-0.3333333333333333,-0.2308353162953119,0,0.0,0.0,0.0,0,0.6746203904555315,0.3119834710743802,2022,5,331.0,0,False,False,False,False,False,False,False,False,False,False,False,False,True,False,False,False,False,False,False,False,False,3.0,3.0,0,-0.19905008635578583,0.6925059509634537,10.336211084415119,175.57904202950874,3.243699114470142e-05,-1.1198122271859905,-1.1198106333477253,0,0
332,-0.5,-0.019355701109477343,0.3333333333333333,0.17512696107213863,1,0.0,0.0,0.0,0,-0.0737527114967462,0.45661157024793386,2023,4,332.0,2,False,False,False,True,False,False,False,False,False,False,False,False,False,False,False,False,False,False,False,False,False,1.0,0.0,1,0.3104377104377104,0.5253808816402732,10.793598566626898,220.69662435116672,2.0530508335386383e-05,-0.060904463180324615,-0.060904622338796614,0,0
333,-0.5,2.8266017912043817,0.0,-0.21033612493175516,1,0.0,0.0,0.0,0,-0.8850325379609545,-0.7210743801652892,2024,5,333.0,2,False,False,False,False,True,False,False,False,False,False,False,False,False,False,False,False,False,False,False,False,False,3.0,4.0,3,0.0,0.0,11.912533453593994,386.16447273150334,6.705828706311526e-06,2.598617394401923,2.598623255726247,3,0
334,-0.6666666666666666,-0.04527024016397095,0.0,0.2943786890818629,1,0.0,0.0,0.0,0,0.351409978308026,-0.7169421487603306,2022,10,334.0,2,False,False,False,False,False,False,False,False,False,False,False,False,False,False,True,False,False,False,False,False,False,1.0,4.0,1,0.0,0.0,10.778560378194001,219.04337470008082,2.08415831266543e-05,-0.095976853890907,-0.09597694214057952,0,0
335,1.4166666666666667,-0.5775698436037963,-0.6666666666666666,-0.45029615665914685,0,0.0,0.0,0.0,0,0.8698481561822126,0.762396694214876,2022,2,335.0,0,False,False,False,False,False,False,False,False,False,False,False,False,True,False,False,False,False,False,False,False,False,2.0,4.0,0,-0.35653518948182517,0.6754442360018866,10.4057163290766,181.78833845986932,3.025901718712176e-05,-0.9599369961488211,-0.9599355198092151,0,0
336,-0.75,-0.21576438087599698,0.0,0.17107450786489076,0,0.0,0.0,0.0,0,0.3188720173535792,0.3739669421487603,2022,10,336.0,0,False,False,False,False,False,True,False,False,False,False,False,False,False,False,False,False,False,False,False,False,False,4.0,4.0,1,0.0,0.0,10.6735494768642,207.83887990460303,2.314921987129034e-05,-0.34039641109274366,-0.3403959915093128,0,0
337,-0.5833333333333334,2.1936461257407656,0.3333333333333333,0.5032953222699508,1,0.0,0.0,0.0,0,0.6420824295010846,-0.3202479338842975,2022,5,337.0,0,False,True,False,False,False,False,False,False,False,False,False,False,False,False,False,False,False,False,False,False,False,2.0,2.0,3,0.2029942756494936,1.5098859622801943,11.615400822559371,332.8513181587238,9.0260039172857e-06,1.8826865490881233,1.8826875751192322,2,0
338,0.16666666666666666,0.9241188789377535,0.3333333333333333,-0.3555095439702504,1,0.0,0.0,0.0,0,-0.0368763557483731,-0.4607438016528926,2023,4,338.0,2,False,False,False,True,False,False,False,False,False,False,False,False,False,False,False,False,False,False,False,False,False,3.0,1.0,3,0.3214783821478382,-1.0665286287111653,11.227587310062901,274.1805974171039,1.3302117697137385e-05,0.9588616802197726,0.9588604578917109,1,0
339,-0.3333333333333333,0.5527959720180011,1.0,1.7537212728040628,1,0.0,0.0,0.0,0,-0.14533622559652928,0.10537190082644628,2023,5,339.0,1,False,False,False,False,True,False,False,False,False,False,False,False,False,False,False,False,False,False,False,False,False,1.0,0.0,2,0.8731060606060606,1.7537212710503414,11.078427966041712,254.47593206431134,1.5441869083833907e-05,0.6067099241751732,0.6067087680370673,1,1
340,-0.3333333333333333,0.16639486699639086,-1.0,-0.5719645230075094,0,0.0,0.0,0.0,0,0.3362255965292842,0.0640495867768595,2022,10,340.0,1,False,False,False,False,False,False,True,False,False,False,False,False,False,False,False,False,False,False,False,False,False,3.0,0.0,2,-0.7483766233766234,0.5719645235794739,10.895238199420143,232.202497833249,1.8546338025556854e-05,0.1766029925309225,0.1766023866201983,1,0
341,0.0,0.9033729893507998,0.0,0.4665821976369275,1,0.0,0.0,0.0,0,0.8481561822125814,0.22107438016528927,2022,2,341.0,0,False,False,False,False,False,False,False,False,False,False,False,False,False,False,False,False,True,False,False,False,False,1.0,0.0,3,0.0,0.0,11.219815354002847,273.11719096387907,1.3405903960104029e-05,0.9404695448236722,0.9404683153744196,1,0
342,0.25,1.0436037962839193,1.0,2.0541652502652537,1,0.0,0.0,0.0,0,0.08676789587852494,-0.1921487603305785,2023,2,342.0,1,False,False,False,False,False,False,False,True,False,False,False,False,False,False,False,False,False,False,False,False,False,2.0,2.0,3,0.9201596806387226,2.0541652482110884,11.271210528070583,280.22669394616923,1.2734311328443357e-05,1.0621833402312175,1.0621821817905215,1,1
343,1.0833333333333333,-0.43687564051151806,0.3333333333333333,0.5267056048291563,0,0.0,0.0,0.0,0,-0.824295010845987,0.01859504132231405,2024,4,343.0,2,False,False,False,False,False,False,False,True,False,False,False,False,False,False,False,False,False,False,False,False,False,3.0,4.0,0,0.18271898533491873,1.5801168097471183,10.518538047359652,192.33824372703418,2.7030679821597515e-05,-0.6996361820764747,-0.6996350667862449,0,0
344,0.0,1.2064340774406275,0.3333333333333333,0.05806112673444805,1,0.0,0.0,0.0,0,-0.8785249457700651,0.09297520661157024,2024,4,344.0,1,False,False,False,False,False,False,False,False,False,False,False,False,False,False,False,False,False,False,False,False,False,0.0,2.0,3,0.17744418783679752,0.174183379680794,11.327751844907647,288.26203357362203,1.2034273611244825e-05,1.196325181547876,1.1963241694784241,1,0
345,-0.8333333333333334,-0.7797175065722052,0.0,0.6088198028369233,0,0.0,0.0,0.0,0,-0.4945770065075922,0.6714876033057852,2023,11,345.0,0,False,False,False,False,False,False,False,True,False,False,False,False,False,False,False,False,False,False,False,False,False,0.0,0.0,0,0.0,0.0,10.217458523810828,165.45694303957148,3.6527011725170766e-05,-1.3921104592882303,-1.3921089266680131,0,0
346,-1.1666666666666667,0.20357349730428195,0.3333333333333333,0.8056244012484935,1,0.0,0.0,0.0,0,0.5379609544468547,-0.9442148760330579,2022,7,346.0,1,False,False,True,False,False,False,False,False,False,False,False,False,False,False,False,False,False,False,False,False,False,0.0,4.0,2,0.2167371885284438,2.416873196494861,10.91439731633602,234.43762496664223,1.819438885047851e-05,0.22146341603999511,0.22146273459074722,1,0
347,1.0,1.2626475961324244,0.0,-0.00941726670581086,1,0.0,0.0,0.0,0,0.5010845986984815,0.20454545454545456,2022,8,347.0,1,False,False,False,False,False,False,False,False,False,False,False,False,False,False,False,False,True,False,False,False,False,3.0,1.0,3,0.0,0.0,11.346552057684555,290.9845356715714,1.1810140186364013e-05,1.2409838851999544,1.2409829385425184,1,0
348,0.0,-0.0371786303078911,-0.3333333333333333,0.059311680418636825,1,0.0,0.0,0.0,0,0.41431670281995664,-0.39462809917355374,2022,9,348.0,0,False,False,False,False,False,False,False,False,False,True,False,False,False,False,False,False,False,False,False,False,False,4.0,2.0,1,-0.2356850715746421,-0.17793504178971561,10.783280261370082,219.56092548538777,2.0743445071357452e-05,-0.08497093151507197,-0.08497104211202637,0,0
349,0.0,0.0547876843559239,-1.0,-0.9512646249884114,0,0.0,0.0,0.0,0,0.3232104121475054,-0.7252066115702479,2022,10,349.0,0,False,False,False,False,False,False,False,False,False,False,False,False,False,False,True,False,False,False,False,False,False,0.0,3.0,2,-0.7557377049180327,0.951264625939676,10.835415385189682,225.35971245988046,1.9689690478065685e-05,0.036714049476049934,0.036713698584032256,1,0
350,0.75,0.28669963908568374,0.0,-0.42918095944456464,1,0.0,0.0,0.0,0,-0.4945770065075922,-0.44008264462809915,2023,11,350.0,2,False,False,False,False,False,False,False,False,False,False,False,False,False,False,True,False,False,False,False,False,False,2.0,4.0,2,0.0,0.0,10.955951185178257,239.35956216537497,1.745383460746326e-05,0.31885885141225423,0.31885801850427936,1,0
351,0.5,0.0,1.3333333333333333,0.3802589696838593,1,0.0,0.0,0.0,1,0.4598698481561822,0.365702479338843,2022,8,351.0,0,False,False,False,False,False,False,False,False,False,False,False,False,False,False,True,False,False,False,False,False,False,2.0,3.0,1,0.9133234274393264,0.2851942270489988,10.804684950962628,221.92341021172146,2.030415626078658e-05,-0.03503730162965734,-0.03503751246862067,1,1
352,0.16666666666666666,1.0480951744419196,0.0,-0.5039051474602635,1,0.0,0.0,0.0,0,-0.09761388286334056,0.39462809917355374,2023,5,352.0,2,True,False,False,False,False,False,False,False,False,False,False,False,False,False,False,False,False,False,False,False,False,0.0,1.0,3,0.0,0.0,11.272813765425864,280.4514218184675,1.2713911562031174e-05,1.06598347197166,1.06598231667246,1,0
353,1.25,-0.5207503453192532,0.3333333333333333,0.4654078721015278,0,0.0,0.0,0.0,0,0.03470715835140998,0.8822314049586777,2023,3,353.0,2,False,False,False,False,False,False,False,False,True,False,False,False,False,False,False,False,False,False,False,False,False,2.0,0.0,0,0.3221523410202655,1.3962236121159124,10.452822097730225,186.1209284309532,2.8866693608914036e-05,-0.8513741360028506,-0.8513727886811164,0,0
354,0.3333333333333333,1.5777213385019828,1.6666666666666667,1.4050372384807939,1,0.0,0.0,0.0,0,0.21691973969631237,-0.3822314049586777,2022,12,354.0,1,False,False,False,False,False,False,False,False,False,False,False,False,False,True,False,False,False,False,False,False,False,3.0,3.0,3,1.3695781342840168,0.8430223425826628,11.445845049287605,305.7956834227717,1.0693814697578921e-05,1.4773125943606966,1.477312141588972,2,1
355,-0.75,-0.7723744597424587,0.0,-0.7779061981725847,0,0.0,0.0,0.0,0,-0.4772234273318872,-0.44008264462809915,2023,10,355.0,2,False,False,False,True,False,False,False,False,False,False,False,False,False,False,False,False,False,False,False,False,False,4.0,4.0,0,0.0,0.0,10.224954919906036,166.07829478893382,3.625421455244172e-05,-1.3749531493445433,-1.3749516012459535,0,0
356,1.25,0.0,0.6666666666666666,-0.3286339709714969,1,0.0,0.0,0.0,1,0.23427331887201736,-0.7995867768595041,2022,12,356.0,0,False,False,False,False,False,False,False,False,False,False,False,False,False,False,False,True,False,False,False,False,False,4.0,2.0,1,0.5401288810779145,-0.49295095571781894,10.804684950962628,221.92341021172146,2.030415626078658e-05,-0.03503730162965734,-0.03503751246862067,1,0
357,-1.0833333333333333,1.5930847034710154,0.6666666666666666,-0.8235751001782091,1,0.0,0.0,0.0,0,0.29067245119305857,0.25,2022,11,357.0,1,False,False,False,False,False,False,False,False,False,False,False,False,False,False,False,False,False,False,False,False,False,1.0,2.0,3,0.5165266106442576,-1.23536264841427,11.450443494348903,306.4995921693861,1.0644752669171731e-05,1.4882763739740301,1.4882759503921141,2,0
358,0.5833333333333334,0.22756316000534688,0.0,0.018189684477270616,1,0.0,0.0,0.0,0,-0.5704989154013015,-0.7334710743801653,2023,12,358.0,1,False,False,False,False,False,False,False,False,False,False,False,False,False,True,False,False,False,False,False,False,False,4.0,3.0,2,0.0,0.0,10.926567778591801,235.8686074915439,1.7974296755639435e-05,0.24997501710253509,0.24997428946173125,1,0
359,-0.6666666666666666,-0.5745399456400659,0.6666666666666666,-0.20071489642242754,0,0.0,0.0,0.0,0,-0.720173535791757,0.15495867768595042,2024,2,359.0,1,False,False,False,False,True,False,False,False,False,False,False,False,False,False,False,False,False,False,False,False,False,1.0,4.0,0,0.3875577973938629,-0.3010723441820328,10.408285043563778,182.02197669512327,3.0181390154830533e-05,-0.9540213693482992,-0.9540198991069972,0,0
360,-0.6666666666666666,-0.1761618321971216,0.0,0.11419388732655536,0,0.0,0.0,0.0,0,-0.16052060737527116,-0.5557851239669421,2023,6,360.0,1,False,False,True,False,False,False,False,False,False,False,False,False,False,False,False,False,False,False,False,False,False,0.0,4.0,1,0.0,0.0,10.698943095669854,210.49465551410088,2.2568778352027804e-05,-0.2813695130585217,-0.2813692167478096,0,0
361,-0.6666666666666666,1.5215434656685827,0.0,-0.002309506886286152,1,0.0,0.0,0.0,0,0.039045553145336226,-0.01859504132231405,2023,3,361.0,0,False,False,False,False,False,False,False,True,False,False,False,False,False,False,False,False,False,False,False,False,False,2.0,0.0,3,0.0,0.0,11.428847961779017,303.2078495026143,1.08771319178559e-05,1.4368020968216313,1.4368015411464399,2,0
362,0.08333333333333333,0.0,0.0,-0.10128866775858328,1,0.0,0.0,0.0,1,0.8611713665943601,-0.08884297520661157,2022,2,362.0,1,False,False,True,False,False,False,False,False,False,False,False,False,False,False,False,False,False,False,False,False,False,2.0,3.0,1,0.0,0.0,10.804684950962628,221.92341021172146,2.030415626078658e-05,-0.03503730162965734,-0.03503751246862067,1,0
363,0.5833333333333334,0.6902107561377713,0.0,-0.3116824788569898,1,0.0,0.0,0.0,0,0.1301518438177874,0.9028925619834711,2023,1,363.0,0,False,False,False,False,False,False,False,False,False,False,False,False,False,False,False,False,True,False,False,False,False,0.0,4.0,3,0.0,0.0,11.136251874524806,261.94083301386974,1.457428513131431e-05,0.7430192873570556,0.7430180572279103,1,0
364,-0.5833333333333334,2.8266017912043817,0.3333333333333333,0.30915046818504915,1,0.0,0.0,0.0,0,0.08893709327548807,0.13429752066115702,2023,2,364.0,1,False,False,False,False,False,False,False,False,False,False,False,False,False,True,False,False,False,False,False,False,False,1.0,1.0,3,0.3061088977423639,0.9274514017727933,11.76533262933087,358.76315306898505,7.769283361302753e-06,2.243056233962355,2.243059317121975,3,0
365,-0.08333333333333333,0.940729848950675,0.3333333333333333,1.6483224656715805,1,0.0,0.0,0.0,0,0.4121475054229935,-0.010330578512396695,2022,9,365.0,2,False,False,False,False,False,True,False,False,False,False,False,False,False,False,False,False,False,False,False,False,False,0.0,0.0,3,0.23604710701484893,4.944967382179839,11.233766963459324,275.02908937056094,1.3220168689352477e-05,0.973489071160375,0.9734878553972796,1,0
366,-0.5833333333333334,1.8981063137726686,0.3333333333333333,0.6337422870504859,1,0.0,0.0,0.0,0,0.737527114967462,0.27479338842975204,2022,4,366.0,1,False,False,False,False,False,True,False,False,False,False,False,False,False,False,False,False,False,False,False,False,False,2.0,0.0,3,0.1918435289221806,1.901226855447777,11.5376180775606,320.1546501302144,9.75609756097561e-06,1.6964392411464937,1.6964394834608152,2,0
367,1.25,-0.2822082609276835,-0.3333333333333333,-0.2878745737919383,0,0.0,0.0,0.0,0,0.6507592190889371,0.08057851239669421,2022,5,367.0,2,False,False,False,False,False,False,False,False,False,False,True,False,False,False,False,False,False,False,False,False,False,1.0,2.0,1,-0.20192728865527812,0.8636237239666862,10.629440684821251,203.3051893090779,2.419315817486815e-05,-0.4428076779388211,-0.44280704739716853,0,0
368,-0.4166666666666667,-0.7481709218910128,-0.6666666666666666,-0.6133358055976185,0,0.0,0.0,0.0,0,0.351409978308026,-0.8533057851239669,2022,10,368.0,0,False,False,False,False,False,True,False,False,False,False,False,False,False,False,False,False,False,False,False,False,False,4.0,2.0,0,-0.4933119315141787,0.9200037097764333,10.249273425142691,168.11008298136076,3.538320005661312e-05,-1.3192648795816238,-1.3192632928957948,0,0
369,0.5833333333333334,1.0234995321481086,1.0,0.8704471708025588,1,0.0,0.0,0.0,0,-0.5856832971800434,-0.1012396694214876,2023,12,369.0,2,False,False,False,False,False,False,False,False,False,False,False,False,False,False,False,True,False,False,False,False,False,4.0,4.0,3,0.6306429548563611,0.8704471699321116,11.26400246066853,279.21855239220764,1.282643271253399e-05,1.045100663447758,1.0450994915900331,1,1
370,-0.16666666666666666,2.0452167713763756,-0.3333333333333333,-0.5797686372673239,1,0.0,0.0,0.0,0,0.0455531453362256,1.0640495867768596,2023,2,370.0,0,True,False,False,False,False,False,False,False,False,False,False,False,False,False,False,False,False,False,False,False,False,0.0,1.0,3,-0.3188105117565698,1.7393059170198897,11.577092041945145,326.53636857171057,9.37848762508558e-06,1.7908975677158294,1.7908981846394703,2,0
371,0.0,-0.597887982889988,1.0,0.8468535286422121,1,0.0,0.0,0.0,0,0.8481561822125814,-0.4152892561983471,2022,2,371.0,2,False,False,False,False,False,False,False,False,False,False,False,False,False,False,False,False,True,False,False,False,False,3.0,0.0,0,0.5410798122065728,0.8468535277953585,10.388318216025032,180.21376196062275,3.0790073280374405e-05,-0.9999906957822369,-0.9999891812293511,0,1
372,0.08333333333333333,0.7266764692777258,0.3333333333333333,0.5934155361208114,1,0.0,0.0,0.0,0,0.4924078091106291,0.9979338842975206,2022,8,372.0,0,False,False,False,False,False,False,False,False,False,True,False,False,False,False,False,False,False,False,False,False,False,3.0,3.0,3,0.22335271317829455,1.7802466030216944,11.151051314263803,263.88633916896873,1.4360182087108864e-05,0.7779485045564762,0.7779472648584075,1,0
373,0.5,-0.676201933787818,0.0,-0.4050908042069697,0,0.0,0.0,0.0,0,-0.0737527114967462,0.14669421487603307,2023,4,373.0,0,False,False,True,False,False,False,False,False,False,False,False,False,False,False,False,False,False,False,False,False,False,2.0,3.0,0,0.0,0.0,10.318275732105144,174.01149387324966,3.3024008454146164e-05,-1.1610068792288057,-1.1610052715586807,0,0
374,-0.75,-1.0923316847123825,1.3333333333333333,0.5900305942705276,0,0.0,0.0,0.0,0,0.8611713665943601,0.20867768595041322,2022,2,374.0,2,False,False,False,False,False,False,False,False,True,False,False,False,False,False,False,False,False,False,False,False,False,4.0,1.0,0,0.7163947163947163,0.4425229453710035,9.831293132987641,136.40381226344078,5.374321491911646e-05,-2.2701722055254954,-2.270174660505219,0,1
375,0.9166666666666666,0.5011807690593949,-0.6666666666666666,-0.3113713856011207,0,0.0,0.0,0.0,0,-0.1475054229934924,0.1797520661157025,2023,5,375.0,2,False,False,True,False,False,False,False,False,False,False,False,False,False,False,False,False,False,False,False,False,False,3.0,4.0,2,-0.5809703843730308,0.4670570791022667,11.05581436870643,251.61478493920026,1.5795043515344886e-05,0.5534738629484047,0.5534727505800777,1,0
376,0.4166666666666667,-0.5892616851579557,1.0,1.9794616644519305,0,0.0,0.0,0.0,0,-0.12364425162689804,-0.5929752066115702,2023,5,376.0,1,False,False,False,False,False,True,False,False,False,False,False,False,False,False,False,False,False,False,False,False,False,2.0,1.0,0,0.88996138996139,1.9794616624724686,10.395741790716682,180.88394069126204,3.0562347188264056e-05,-0.9829030825833129,-0.9829015836664129,0,1
377,0.5,0.0,-0.3333333333333333,-0.6988617283187573,1,0.0,0.0,0.0,0,0.9414316702819957,-0.5227272727272727,2022,1,377.0,2,False,False,True,False,False,False,False,False,False,False,False,False,False,False,False,False,False,False,False,False,False,2.0,3.0,1,-0.1716945996275605,2.0965851912460276,10.804684950962628,221.92341021172146,2.030415626078658e-05,-0.03503730162965734,-0.03503751246862067,1,0
378,0.08333333333333333,0.4621841999732656,0.3333333333333333,-0.4655974123633816,1,0.0,0.0,0.0,0,0.9349240780911063,-0.9483471074380165,2022,1,378.0,1,False,False,False,False,False,False,False,False,False,False,False,False,True,False,False,False,False,False,False,False,False,0.0,4.0,2,0.17227204783258593,-1.396792232899768,11.038383553281484,249.4313532818198,1.6072777536686113e-05,0.5124662718095798,0.5124651984588263,1,0
379,0.5,1.7242258165129438,-1.0,-0.5561770553272144,1,0.0,0.0,0.0,0,0.631236442516269,-0.4731404958677686,2022,6,379.0,0,False,False,False,False,False,False,False,True,False,False,False,False,False,False,False,False,False,False,False,False,False,2.0,0.0,3,-0.6130319148936171,0.5561770558833914,11.488858156836269,312.44359490954525,1.0243592632808179e-05,1.5799316617463324,1.579931504908252,2,0
380,-0.08333333333333333,1.6620950853272736,-0.6666666666666666,-0.5989554683395655,0,0.0,0.0,0.0,0,-0.49023861171366595,0.8326446280991735,2023,11,380.0,0,False,False,False,False,False,False,False,False,False,False,False,True,False,False,False,False,False,False,False,False,False,4.0,2.0,3,-0.44735565259582727,0.898433203856998,11.470842258790135,309.6417284540312,1.0429812576268004e-05,1.5369321057432255,1.5369318186738339,2,0
381,-0.25,-0.27429488036358773,-0.6666666666666666,-0.6343356304788982,0,0.0,0.0,0.0,0,-0.2950108459869848,0.8326446280991735,2023,8,381.0,2,False,False,True,False,False,False,False,False,False,False,False,False,False,False,False,False,False,False,False,False,False,3.0,4.0,1,-0.5147962032384142,0.9515034471456024,10.634797194190423,203.85043536867906,2.40639137549331e-05,-0.43037902530918654,-0.43037842005492394,0,0
382,0.16666666666666666,-0.005738983201889231,0.6666666666666666,0.43398745325875343,1,0.0,0.0,0.0,0,-0.49891540130151846,-0.9152892561983471,2023,11,382.0,2,False,False,False,False,False,False,False,True,False,False,False,False,False,False,False,False,False,False,False,False,False,1.0,3.0,1,0.4447660395561987,0.6509811789116584,10.801410627052098,221.56037551872853,2.0370747606437155e-05,-0.04267806937782499,-0.04267826501019075,1,0
383,0.75,-0.36469277725794236,0.0,-0.5441783326637617,0,0.0,0.0,0.0,0,-0.5422993492407809,0.9152892561983471,2023,11,383.0,2,False,False,False,False,True,False,False,False,False,False,False,False,False,False,False,False,False,False,False,False,False,0.0,0.0,1,0.0,0.0,10.571829614177101,197.5322758437213,2.5627883136852897e-05,-0.5763419221894833,-0.5763410287867675,0,0
384,-0.4166666666666667,-1.120121195918549,-1.0,-0.7743564387032974,0,0.0,0.0,0.0,0,0.20607375271149675,0.29545454545454547,2022,12,384.0,2,False,False,False,False,False,False,False,False,False,False,False,False,False,True,False,False,False,False,False,False,False,4.0,4.0,0,-0.8291366906474821,0.7743564394776539,9.634103708365723,123.596116443843,6.545787785559992e-05,-2.7142027216293467,-2.7142107488340024,0,0
385,0.3333333333333333,-0.8573541861604955,-1.0,-0.6841661773643603,1,0.0,0.0,0.0,0,-0.5054229934924078,-0.1797520661157025,2023,11,385.0,1,False,False,False,False,False,False,False,True,False,False,False,False,False,False,False,False,False,False,False,False,False,4.0,0.0,0,-0.6642651296829971,0.6841661780485264,10.13455959017246,158.73877913099875,3.968411444898607e-05,-1.5815592269490426,-1.5815579894887941,0,0
386,0.0,0.5122309851624114,0.0,-0.555064536398941,1,0.0,0.0,0.0,0,0.7592190889370932,-0.9731404958677686,2022,4,386.0,1,False,False,False,False,False,False,False,False,False,False,False,False,True,False,False,False,False,False,False,False,False,4.0,0.0,2,0.0,0.0,11.060698883507174,252.23005372080465,1.5718080508008362e-05,0.5649694040812858,0.5649682815918786,1,0
387,0.0,1.2004099273715636,1.3333333333333333,0.17041935782935208,1,0.0,0.0,0.0,0,0.175704989154013,0.18801652892561985,2022,12,387.0,0,False,False,False,False,True,False,False,False,False,False,False,False,False,False,False,False,False,False,False,False,False,1.0,1.0,3,1.134071340713407,0.12781451827615317,11.325715981703492,287.968748304395,1.205879870247326e-05,1.1914907969829969,1.1914897783428977,1,1
388,-0.4166666666666667,2.2186695183353384,-0.6666666666666666,-0.481446686650803,1,0.0,0.0,0.0,0,-0.3080260303687636,0.11776859504132231,2023,8,388.0,0,False,False,False,True,False,False,False,False,False,False,False,False,False,False,False,False,False,False,False,False,False,4.0,2.0,3,-0.509673852957435,0.7221700310594595,11.62171708764249,333.9041778714366,8.969172952562045e-06,1.897831761985635,1.8978328598716687,2,0
389,0.75,1.5410061043532504,0.3333333333333333,1.0327018758305266,1,0.0,0.0,0.0,0,0.403470715835141,1.0144628099173554,2022,9,389.0,1,False,False,False,False,False,False,False,False,False,False,False,False,False,False,True,False,False,False,False,False,False,3.0,3.0,3,0.23750643997939205,3.098105618197263,11.434769309969937,304.1068891031573,1.0812914945611037e-05,1.4509123086434952,1.4509117879302105,2,0
390,0.08333333333333333,2.037160807378693,-0.6666666666666666,-0.5499242869062704,1,0.0,0.0,0.0,0,-0.824295010845987,0.8409090909090909,2024,4,390.0,2,False,False,False,False,False,False,False,False,False,False,True,False,False,False,False,False,False,False,False,False,False,4.0,3.0,3,-0.36543797066983746,0.8248864315967352,11.574970254341755,326.1901286060018,9.398407909700098e-06,1.7858171244698875,1.785817720058718,2,0
391,0.16666666666666666,-0.8024952100877779,0.0,-0.44557001143422226,0,0.0,0.0,0.0,0,0.25379609544468545,-0.365702479338843,2022,11,391.0,0,False,False,False,False,False,False,False,True,False,False,False,False,False,False,False,False,False,False,False,False,False,2.0,4.0,0,0.0,0.0,10.193841053543068,163.5145253486674,3.7399955120053854e-05,-1.4461367267525358,-1.44613525447081,0,0
392,0.25,-0.4848193200552511,-0.6666666666666666,-0.21335640779999374,0,0.0,0.0,0.0,0,0.561822125813449,0.4607438016528926,2022,7,392.0,0,True,False,False,False,False,False,False,False,False,False,False,False,False,False,False,False,False,False,False,False,False,4.0,1.0,0,-0.4268518518518518,0.32003461218004253,10.481504425842441,188.80942773071476,2.8050490883590464e-05,-0.7851875707098213,-0.7851863180461347,0,0
393,-0.5,-0.8339705030521766,0.0,0.7771851210894448,1,0.0,0.0,0.0,0,-0.44468546637744033,-0.3409090909090909,2023,10,393.0,1,False,False,True,False,False,False,False,False,False,False,False,False,False,False,False,False,False,False,False,False,False,4.0,2.0,0,0.0,0.0,10.160259284830321,160.7917908352289,3.867723844517501e-05,-1.522883717401701,-1.5228823628280654,0,0
394,-0.4166666666666667,0.022456890790001335,1.6666666666666667,1.8904519093091057,1,0.0,0.0,0.0,0,-0.596529284164859,0.9111570247933884,2023,12,394.0,1,False,True,False,False,False,False,False,False,False,False,False,False,False,False,False,False,False,False,False,False,False,1.0,3.0,2,1.0439311594202898,1.1342711449049006,10.817395447708488,223.33830840229805,2.004771355826868e-05,-0.005368942405999787,-0.005369211784727395,1,1
395,0.0,-0.41848237757875506,0.3333333333333333,-0.5098530032860512,0,0.0,0.0,0.0,0,-0.7093275488069414,-0.2830578512396694,2024,2,395.0,2,False,False,False,False,False,False,False,False,False,False,False,False,False,False,False,False,True,False,False,False,False,4.0,3.0,0,0.19500846023688664,-1.5295590052694765,10.532389502278024,193.6749854782491,2.66588467382901e-05,-0.6676107957009928,-0.6676097356109647,0,0
396,0.16666666666666666,-0.132887760103373,1.3333333333333333,1.5092802620600145,1,0.0,0.0,0.0,0,-0.7527114967462039,0.4524793388429752,2024,3,396.0,1,False,False,False,False,False,False,False,False,True,False,False,False,False,False,False,False,False,False,False,False,False,0.0,1.0,1,0.7607260726072607,1.1319601956960408,10.725972971725227,213.35885264033456,2.196691782176043e-05,-0.21848427922900865,-0.21848411442390847,0,1
397,0.5833333333333334,0.5991712337922738,0.0,0.6150746314781051,1,0.0,0.0,0.0,0,0.18872017353579176,-0.3243801652892562,2022,12,397.0,0,False,False,False,False,False,False,False,False,False,False,False,False,False,True,False,False,False,False,False,False,False,0.0,0.0,3,0.0,0.0,11.09831869894478,257.01945451657934,1.5137753557372086e-05,0.6535690889250231,0.6535679009905851,1,0
398,0.0,-0.07439290647417904,1.3333333333333333,1.5829887614986047,1,0.0,0.0,0.0,0,0.911062906724512,0.8119834710743802,2022,1,398.0,2,False,False,False,True,False,False,False,False,False,False,False,False,False,False,False,False,False,False,False,False,False,4.0,1.0,1,0.6976920166477487,1.1872415702335224,10.761386168696564,217.17043997745182,2.1202612161818335e-05,-0.13600943243807137,-0.13600943875887192,0,1
399,-1.1666666666666667,0.6970191150915653,0.0,0.22331139198780353,1,0.0,0.0,0.0,0,-0.8091106290672451,-0.12603305785123967,2024,3,399.0,0,False,False,False,False,True,False,False,False,False,False,False,False,False,False,False,False,False,False,False,False,False,1.0,0.0,3,0.0,0.0,11.139031695699382,262.30516578977245,1.4533827483467772e-05,0.7495788287404272,0.7495775965109581,1,0
400,0.6666666666666666,-0.6039834246758454,0.0,0.8605354512397377,1,0.0,0.0,0.0,0,-0.6030368763557483,-0.53099173553719,2023,12,400.0,2,False,False,False,False,False,False,False,False,False,False,True,False,False,False,False,False,False,False,False,False,False,4.0,2.0,0,0.0,0.0,10.38303920399699,179.7386992275175,3.0953044231900206e-05,-1.012139375310429,-1.0121378502615517,0,0
401,0.3333333333333333,-0.7353740587265517,-0.3333333333333333,-0.047504558237275556,0,0.0,0.0,0.0,0,-0.3644251626898048,-0.16322314049586778,2023,9,401.0,2,False,False,False,False,False,False,False,False,True,False,False,False,False,False,False,False,False,False,False,False,False,2.0,1.0,0,-0.24430312665606782,0.14251367513936772,10.261895993101012,169.1744661584602,3.4939380175395687e-05,-1.2903419814767476,-1.29034038150163,0,0
402,-0.5833333333333334,0.5837365771064474,0.0,-0.369214128990389,1,0.0,0.0,0.0,0,0.2841648590021692,-0.737603305785124,2022,11,402.0,0,False,False,False,False,False,False,False,True,False,False,False,False,False,False,False,False,False,False,False,False,False,1.0,1.0,2,0.0,0.0,11.091742475620011,256.1757209417005,1.523763085315495e-05,0.6380731952504373,0.6380720171152465,1,0
403,-1.1666666666666667,0.52224747137192,0.0,0.20232804886842418,1,0.0,0.0,0.0,0,-0.27114967462039047,-0.6301652892561983,2023,7,403.0,0,False,True,False,False,False,False,False,False,False,False,False,False,False,False,False,False,False,False,False,False,False,2.0,4.0,2,0.0,0.0,11.065105938780365,252.7864711569826,1.564896247378799e-05,0.5753428657693287,0.5753417344601608,1,0
404,-1.0833333333333333,1.3286280800249521,0.3333333333333333,1.2351988627584292,1,0.0,0.0,0.0,0,-0.16052060737527116,0.3987603305785124,2023,6,404.0,0,True,False,False,False,False,False,False,False,False,False,False,False,False,False,False,False,False,False,False,False,False,2.0,2.0,3,0.28722741433021803,3.7055965771584978,11.368177111083392,294.1479219712422,1.1557486940039758e-05,1.2923874213767041,1.2923865607059286,2,0
405,1.5833333333333333,2.6629594973933965,0.3333333333333333,1.028923431914872,1,0.0,0.0,0.0,0,0.46203904555314534,0.15495867768595042,2022,8,405.0,0,False,False,False,False,False,False,False,False,False,False,False,False,False,False,False,False,False,False,False,False,False,1.0,2.0,3,0.22799208704253213,3.0867702864843047,11.727690010253552,352.07385588822126,8.067313665222618e-06,2.152410734894199,2.1524132309582145,3,0
406,-0.08333333333333333,-0.3305440449137816,0.6666666666666666,-0.09612987628377463,0,0.0,0.0,0.0,0,-0.24295010845986983,0.7582644628099173,2023,7,406.0,2,False,False,False,False,False,False,False,False,False,False,False,False,False,False,False,True,False,False,False,False,False,4.0,0.0,1,0.5363583478766725,-0.14419481420936975,10.596084581790592,199.9424917319978,2.5013757566661664e-05,-0.52015360373057,-0.520152818675712,0,0
407,-0.08333333333333333,0.4132067905360246,1.0,-0.40499809429628025,1,0.0,0.0,0.0,0,-0.013015184381778741,0.8491735537190083,2023,3,407.0,2,False,True,False,False,False,False,False,False,False,False,False,False,False,False,False,False,False,False,False,False,False,4.0,1.0,2,0.987152034261242,-0.4049980938912821,11.016052054822241,246.661711661944,1.643574445704518e-05,0.45996416120840394,0.4599631442174686,1,1
408,0.9166666666666666,-0.2317337254377757,0.0,0.10450879198986382,0,0.0,0.0,0.0,0,-0.7809110629067245,-0.5475206611570248,2024,3,408.0,2,False,False,False,False,False,False,False,False,True,False,False,False,False,False,False,False,False,False,False,False,False,1.0,0.0,1,0.0,0.0,10.663124474364906,206.7583130130443,2.3391812865497078e-05,-0.3646146406373619,-0.3646141707222552,0,0
409,-1.1666666666666667,0.2653834157643809,0.6666666666666666,0.4198254993458802,1,0.0,0.0,0.0,0,0.6616052060737527,1.0516528925619835,2022,5,409.0,1,False,False,False,False,False,False,False,False,False,False,False,False,False,False,True,False,False,False,False,False,False,2.0,3.0,2,0.4012184508268059,0.629738248074213,10.945458940490091,238.10711875120407,1.763792860166502e-05,0.294254029133857,0.29425323275736914,1,0
410,-0.8333333333333334,-0.048300138127701286,0.0,-0.2629191260545752,1,0.0,0.0,0.0,0,-0.12581344902386118,-0.6838842975206612,2023,5,410.0,0,True,False,False,False,False,False,False,False,False,False,False,False,False,False,False,False,False,False,False,False,False,3.0,3.0,1,0.0,0.0,10.776787272605189,218.84926319272816,2.0878570235510272e-05,-0.10011097143562574,-0.10011105126995737,0,0
411,0.4166666666666667,-0.6405560753909905,0.0,0.18406831690307707,1,0.0,0.0,0.0,0,0.23427331887201736,0.24586776859504134,2022,12,411.0,2,True,False,False,False,False,False,False,False,False,False,False,False,False,False,False,False,False,False,False,False,False,4.0,3.0,0,0.0,0.0,10.350766163457703,176.86152775547316,3.196828745884083e-05,-1.0863634268802118,-1.0863618495397258,0,0
412,-0.6666666666666666,0.0,0.3333333333333333,-0.04307714494679466,0,0.0,0.0,0.0,1,0.3665943600867679,-0.29958677685950413,2022,10,412.0,0,False,False,False,False,False,True,False,False,False,False,False,False,False,False,False,False,False,False,False,False,False,4.0,0.0,1,0.24391534391534392,-0.12923143445268967,10.804684950962628,221.92341021172146,2.030415626078658e-05,-0.03503730162965734,-0.03503751246862067,1,0
413,0.0,0.07364434344784565,-0.3333333333333333,-0.63180980046767,1,0.0,0.0,0.0,0,-0.9436008676789588,-0.6508264462809917,2024,5,413.0,1,False,False,False,False,False,False,False,False,False,False,False,False,False,False,True,False,False,False,False,False,False,3.0,2.0,2,-0.17150297619047616,1.8954294070892985,10.8457773602789,226.53035116734358,1.948671980045599e-05,0.06092440670787246,0.0609240098204375,1,0
414,0.25,0.06188121017689257,0.0,0.42757398765928084,1,0.0,0.0,0.0,0,0.40563991323210413,-0.8078512396694215,2022,9,414.0,0,False,False,False,False,False,False,False,False,False,False,False,False,False,False,False,True,False,False,False,False,False,0.0,0.0,2,0.0,0.0,10.839325977252653,225.80079716422614,1.961284248926197e-05,0.04585001587664679,0.045849647546658566,1,0
415,-0.9166666666666666,0.23861337610836342,0.0,-0.6359199398415691,1,0.0,0.0,0.0,0,-0.09761388286334056,-0.8202479338842975,2023,5,415.0,1,False,False,False,False,True,False,False,False,False,False,False,False,False,False,False,False,False,False,False,False,False,4.0,3.0,2,0.0,0.0,10.93212434424182,236.5248401331243,1.78746983644651e-05,0.26299616362881995,0.2629954153871574,1,0
416,-0.25,-0.386258521588023,0.0,0.2468761910648249,1,0.0,0.0,0.0,0,0.8047722342733189,-0.49793388429752067,2022,3,416.0,1,False,False,False,False,False,False,False,False,False,False,False,False,False,False,True,False,False,False,False,False,False,0.0,0.0,1,0.0,0.0,10.556203287301736,195.99489789277678,2.6031498112716386e-05,-0.6125173529909245,-0.6125163919981282,0,0
417,0.5833333333333334,0.1362384707926748,-0.3333333333333333,-0.3484883134007025,1,0.0,0.0,0.0,0,-0.3926247288503254,0.390495867768595,2023,9,417.0,2,False,False,False,False,False,False,False,False,False,False,False,False,True,False,False,False,False,False,False,False,False,2.0,0.0,2,-0.23935617860851502,1.0454649433385026,10.879423603336724,230.37360959971087,1.8841972377668495e-05,0.1395952183673299,0.1395946772258571,1,0
418,0.3333333333333333,0.8689747359978612,0.0,0.7257084582341854,1,0.0,0.0,0.0,0,0.6507592190889371,0.609504132231405,2022,5,418.0,0,False,False,False,False,False,False,False,False,False,False,False,False,False,False,True,False,False,False,False,False,False,2.0,4.0,3,0.0,0.0,11.206794248849917,271.3447991025441,1.3581605074087655e-05,0.9096661034243569,0.9096648648402648,1,0
419,0.08333333333333333,-0.44967250367597916,-0.3333333333333333,-0.2342161377051206,1,0.0,0.0,0.0,0,-0.6399132321041214,0.3037190082644628,2024,1,419.0,0,False,False,False,False,True,False,False,False,False,False,False,False,False,False,False,False,False,False,False,False,False,0.0,1.0,0,-0.20326278659611993,0.7026484152233071,10.508786642522878,191.4027168041248,2.7295556283437058e-05,-0.7221731462647889,-0.7221719932979037,0,0
420,0.9166666666666666,-0.518932406541015,0.6666666666666666,1.1842846400280194,1,0.0,0.0,0.0,0,-0.13665943600867678,-0.16735537190082644,2023,5,420.0,1,False,False,False,False,False,False,False,False,False,False,True,False,False,False,False,False,False,False,False,False,False,1.0,4.0,0,0.5865139949109415,1.7764269573773888,10.45429321647827,186.257885739101,2.882425849595019e-05,-0.8479809606937588,-0.8479796179511911,0,0
421,0.0,-0.14447266408234194,0.6666666666666666,2.4585674876644252,1,0.0,0.0,0.0,0,-0.5553145336225597,-0.6177685950413223,2023,12,421.0,1,False,False,False,False,False,True,False,False,False,False,False,False,False,False,False,False,False,False,False,False,False,4.0,4.0,1,0.4286378428637843,3.6878512259648613,10.718808117053749,212.59586073110643,2.2124872781981504e-05,-0.23515889026481238,-0.23515869062638614,0,0
422,-1.1666666666666667,0.1569843603796284,1.0,1.626739598463076,1,0.0,0.0,0.0,0,-0.7418655097613883,-0.10537190082644628,2024,2,422.0,2,False,False,False,False,False,False,True,False,False,False,False,False,False,False,False,False,False,False,False,False,False,2.0,1.0,2,0.5740971357409713,1.6267395968363363,10.890329940361228,231.6333309349067,1.8637592023110614e-05,0.16511507695079594,0.16511449091721453,1,1
423,0.5,0.7874526578443167,0.0,-0.17665770470863335,1,0.0,0.0,0.0,0,-0.2299349240780911,-0.29132231404958675,2023,7,423.0,2,False,False,False,False,False,False,False,False,True,False,False,False,False,False,False,False,False,False,False,False,False,2.0,0.0,3,0.0,0.0,11.175240493283022,267.0973605260823,1.4016988590171287e-05,0.8350762096699554,0.8350749630769314,1,0
424,-0.6666666666666666,0.3588112106224658,0.3333333333333333,0.23285021168762948,1,0.0,0.0,0.0,0,-0.0021691973969631237,-0.737603305785124,2023,3,424.0,2,False,False,False,True,False,False,False,False,False,False,False,False,False,False,False,False,False,False,False,False,False,0.0,2.0,2,0.3326118326118326,0.6985506329672365,10.990651221810495,243.54876308452071,1.6858573427516564e-05,0.4002934054348419,0.400292460751534,1,0
425,0.4166666666666667,-0.6722095976473733,-0.3333333333333333,-0.053547184193990315,0,0.0,0.0,0.0,0,-0.19956616052060738,0.10950413223140495,2023,6,425.0,0,False,False,False,False,False,False,False,False,False,False,False,False,False,False,False,False,False,False,False,False,False,2.0,2.0,0,-0.27787823990355637,0.16064155306389563,10.321967597721788,174.33301465872722,3.2902313032606195e-05,-1.1525292628555033,-1.1525276574283698,0,0
426,0.9166666666666666,0.0,0.0,0.1688309280262061,1,0.0,0.0,0.0,1,-0.2017353579175705,-0.8491735537190083,2023,6,426.0,0,False,True,False,False,False,False,False,False,False,False,False,False,False,False,False,False,False,False,False,False,False,2.0,2.0,1,0.0,0.0,10.804684950962628,221.92341021172146,2.030415626078658e-05,-0.03503730162965734,-0.03503751246862067,1,0
427,0.25,2.1863743706278127,0.3333333333333333,0.4988823305211328,1,0.0,0.0,0.0,0,-0.754880694143167,-0.7665289256198347,2024,3,427.0,2,False,False,False,False,True,False,False,False,False,False,False,False,False,False,False,False,False,False,False,False,False,2.0,0.0,3,0.1899464359291306,1.4966469870734573,11.613557820474762,332.54473383290855,9.042654199860742e-06,1.8782679781521705,1.8782689834539485,2,0
428,-0.3333333333333333,0.9759123111883438,-0.3333333333333333,-0.4220093327976761,1,0.0,0.0,0.0,0,0.1540130151843818,-0.17148760330578514,2023,1,428.0,2,False,False,False,False,False,False,False,False,False,False,False,False,True,False,False,False,False,False,False,False,False,3.0,0.0,3,-0.28884711779448624,1.2660280021911126,11.246730874159871,276.8176294963888,1.3049889728431796e-05,1.00418475264208,1.0041835532850574,1,0
429,-0.25,-0.45872655170877336,1.3333333333333333,-0.9247154320796893,1,0.0,0.0,0.0,0,-0.3080260303687636,-0.1962809917355372,2023,8,429.0,1,True,False,False,False,False,False,False,False,False,False,False,False,False,False,False,False,False,False,False,False,False,3.0,4.0,0,1.01934770591487,-0.6935365735396145,10.501829425822162,190.7380402541664,2.748611950964763e-05,-0.7382478463437736,-0.7382466671297266,0,1
430,-0.8333333333333334,1.2263957581428508,-0.6666666666666666,-0.5590077979335991,1,0.0,0.0,0.0,0,-0.052060737527114966,-0.9648760330578512,2023,4,430.0,1,False,False,True,False,False,False,False,False,False,False,False,False,False,False,False,False,False,False,False,False,False,1.0,1.0,3,-0.6336769759450172,0.8385116981581663,11.334468431278424,289.2317409967309,1.1953715214688725e-05,1.2122767916584563,1.2122758019736481,1,0
431,0.4166666666666667,0.0,0.3333333333333333,0.7626379059921508,0,0.0,0.0,0.0,1,0.6268980477223427,-0.96900826446281,2022,6,431.0,2,False,False,False,False,False,False,False,False,False,False,True,False,False,False,False,False,False,False,False,False,False,3.0,4.0,1,0.20488888888888887,2.287913711112711,10.804684950962628,221.92341021172146,2.030415626078658e-05,-0.03503730162965734,-0.03503751246862067,1,0
432,0.8333333333333334,-0.7893775341977454,1.6666666666666667,-0.6257300905466795,0,0.0,0.0,0.0,0,0.43383947939262474,-0.09710743801652892,2022,9,432.0,1,False,False,False,False,True,False,False,False,False,False,False,False,False,False,False,False,False,False,False,False,False,4.0,0.0,0,1.16238023197176,-0.37543805410274483,10.207510384575961,164.6359620496081,3.6892200988710984e-05,-1.4148725591306763,-1.4148710497531045,0,1
433,-1.1666666666666667,0.10615336630575235,0.0,0.5790393193032337,1,0.0,0.0,0.0,0,-0.3275488069414317,-0.7830578512396694,2023,8,433.0,2,False,False,False,False,False,False,False,False,False,False,False,False,True,False,False,False,False,False,False,False,False,3.0,2.0,2,0.0,0.0,10.86339317516243,228.53446129632178,1.9146451205269104e-05,0.10210226946040192,0.1021017960172687,1,0
434,0.25,0.14825112507240565,0.6666666666666666,1.1884030202828686,1,0.0,0.0,0.0,0,-0.8177874186550976,-0.15082644628099173,2024,3,434.0,0,False,False,False,False,False,False,False,False,False,True,False,False,False,False,False,False,False,False,False,False,False,0.0,1.0,2,0.3667462211614956,1.7826045277503964,10.885753273333815,231.10387274989574,1.872308556450103e-05,0.15440495400286147,0.15440438668783843,1,0
435,-0.3333333333333333,0.5954640645190037,-0.3333333333333333,-0.3557011444523419,1,0.0,0.0,0.0,0,-0.0368763557483731,0.002066115702479339,2023,4,435.0,1,False,False,False,False,False,False,False,False,False,False,False,False,False,True,False,False,False,False,False,False,False,2.0,2.0,2,-0.3214783821478382,1.0671034365583363,11.096743132020858,256.81705550839104,1.5161622900115229e-05,0.6498561901753909,0.6498550045236717,1,0
436,-1.1666666666666667,-0.22624426324466426,0.0,0.5047292355552809,0,0.0,0.0,0.0,0,-0.8741865509761388,0.506198347107438,2024,4,436.0,1,False,True,False,False,False,False,False,False,False,False,False,False,False,False,False,False,False,False,False,False,False,2.0,1.0,1,0.0,0.0,10.666720340662762,207.1303937137184,2.330785008390826e-05,-0.3562620662659592,-0.35626161368661907,0,0
437,1.3333333333333333,-0.08836608296573542,0.3333333333333333,0.17772901923215595,1,0.0,0.0,0.0,0,0.8937093275488069,1.03099173553719,2022,2,437.0,1,False,False,False,False,False,False,False,False,False,False,False,False,False,False,False,False,False,False,False,False,False,0.0,1.0,1,0.17602138220694918,0.5331870560969066,10.75304001226021,216.2660398675668,2.1380313007782435e-05,-0.15545580923751187,-0.15545577544663092,0,0
438,-0.6666666666666666,0.18970725838791605,1.0,0.21055862871741002,1,0.0,0.0,0.0,0,0.6724511930585684,-0.5640495867768595,2022,5,438.0,1,False,False,False,False,False,False,True,False,False,False,False,False,False,False,False,False,False,False,False,False,False,0.0,3.0,2,0.5979247730220493,0.21055862850685136,10.907294533930326,233.60650675869454,1.832407967309842e-05,0.2048291513687708,0.20482849753250523,1,1
439,-1.1666666666666667,0.4438265828988994,1.0,1.965143133801004,1,0.0,0.0,0.0,0,-0.8351409978308026,-0.7128099173553719,2024,4,439.0,1,False,False,False,False,False,True,False,False,False,False,False,False,False,False,False,False,False,False,False,False,False,4.0,3.0,2,0.5449172576832151,1.9651431318358605,11.030071624278987,248.39685988353395,1.620693008330362e-05,0.4929200808072788,0.4929190276165536,1,1
440,-0.16666666666666666,-0.5599251436973667,1.0,0.13407089217837392,1,0.0,0.0,0.0,0,-0.5553145336225597,-0.08057851239669421,2023,12,440.0,1,False,False,False,False,False,False,False,False,False,False,False,False,False,False,False,True,False,False,False,False,False,1.0,0.0,0,0.6429567642956765,0.13407089204430303,10.420583476815478,183.1447514945487,2.981247950392034e-05,-0.9256916494346121,-0.9256902099524998,0,1
441,-0.9166666666666666,-0.42867709308024776,0.0,0.016533267406285735,1,0.0,0.0,0.0,0,0.3405639913232104,-0.17148760330578514,2022,10,441.0,2,False,False,False,False,False,False,False,False,False,False,False,False,False,False,False,False,True,False,False,False,False,3.0,3.0,0,0.0,0.0,10.52473585755221,192.93522228976232,2.6863666890530558e-05,-0.6853083037933977,-0.6853072129658504,0,0
442,0.4166666666666667,0.0,-0.3333333333333333,0.18978748828249756,0,0.0,0.0,0.0,1,0.19739696312364424,0.9483471074380165,2022,12,442.0,2,False,False,False,False,False,False,True,False,False,False,False,False,False,False,False,False,False,False,False,False,False,1.0,4.0,1,-0.27838164251207725,-0.5693624665555802,10.804684950962628,221.92341021172146,2.030415626078658e-05,-0.03503730162965734,-0.03503751246862067,1,0
443,-0.4166666666666667,0.41327808225281826,-0.3333333333333333,0.8003337556784821,1,0.0,0.0,0.0,0,0.44468546637744033,1.0764462809917354,2022,8,443.0,2,False,False,False,False,False,True,False,False,False,False,False,False,False,False,False,False,False,False,False,False,False,1.0,3.0,2,-0.2307307307307307,-2.4010012742384506,11.016084925770901,246.66576576412058,1.6435204207412276e-05,0.4600414132214302,0.46004039614245557,1,0
444,-0.5833333333333334,0.21640600632713985,0.6666666666666666,0.0038896958084819497,1,0.0,0.0,0.0,0,0.1735357917570499,0.993801652892562,2022,12,444.0,2,False,False,False,False,False,False,False,False,False,False,False,True,False,False,False,False,False,False,False,False,False,1.0,4.0,2,0.5680837954405422,0.00583454370397111,10.92092593841513,235.2041666297602,1.8075991468132026e-05,0.23675650599713194,0.2367557995894806,1,0
445,-1.0833333333333333,0.0,1.0,-0.5942149015729782,0,0.0,0.0,0.0,1,0.544468546637744,0.7871900826446281,2022,7,445.0,1,False,False,False,False,False,False,False,False,False,False,False,False,False,False,False,True,False,False,False,False,False,3.0,1.0,1,0.6474719101123595,-0.5942149009787633,10.804684950962628,221.92341021172146,2.030415626078658e-05,-0.03503730162965734,-0.03503751246862067,1,1
446,-0.3333333333333333,0.11117943233970504,-0.6666666666666666,-0.6347147110026061,1,0.0,0.0,0.0,0,-0.8286334056399133,-0.7086776859504132,2024,4,446.0,1,False,False,False,False,False,False,False,False,False,False,False,False,False,False,True,False,False,False,False,False,False,3.0,2.0,2,-0.36457097667062077,0.9520720679320173,10.866089187273534,228.84274076317124,1.9094901661256445e-05,0.10840646743462654,0.10840598246947025,1,0
447,0.3333333333333333,-0.5540079312034933,0.0,-0.8506443338792917,0,0.0,0.0,0.0,0,-0.6030368763557483,1.0103305785123966,2023,12,447.0,1,False,False,False,False,False,False,False,False,False,False,False,False,True,False,False,False,False,False,False,False,False,3.0,4.0,0,0.0,0.0,10.4255201430002,183.597385602301,2.9665667922513276e-05,-0.9143166616469095,-0.9143152352200762,0,0
448,-0.16666666666666666,-0.4513122131622332,0.3333333333333333,0.7197956261524359,0,0.0,0.0,0.0,0,-0.579175704989154,0.8987603305785123,2023,12,448.0,0,False,False,False,False,False,False,False,False,True,False,False,False,False,False,False,False,False,False,False,False,False,1.0,4.0,0,0.21108058608058608,2.159386871979147,10.507530258013253,191.28251357612385,2.7329871549603716e-05,-0.7250763075443614,-0.7250751497977516,0,0
449,0.25,0.927719110635833,-0.3333333333333333,-0.1059035610906806,1,0.0,0.0,0.0,0,0.8893709327548807,-0.5971074380165289,2022,2,449.0,1,False,False,False,False,False,False,False,False,False,False,False,False,False,False,False,False,False,False,False,False,False,0.0,2.0,3,-0.17642556448526597,0.3177106842251739,11.228929922243076,274.3647207641682,1.3284270095779588e-05,0.9620394200681691,0.962038199098124,1,0
450,-0.8333333333333334,0.07934768079133805,-1.0,-0.7227211388897473,0,0.0,0.0,0.0,0,0.5900216919739696,0.3615702479338843,2022,6,450.0,0,False,False,False,False,False,False,True,False,False,False,False,False,False,False,False,False,False,False,False,False,False,3.0,0.0,2,-0.6289222373806276,0.7227211396124684,10.84889038495373,226.88322987827902,1.942615148512928e-05,0.06819950223183896,0.06819909166106783,1,0
451,-1.1666666666666667,-0.39050037873724547,0.3333333333333333,0.33945630787931236,1,0.0,0.0,0.0,0,-0.6377440347071583,-0.981404958677686,2024,1,451.0,0,False,False,False,False,False,False,False,True,False,False,False,False,False,False,False,False,False,False,False,False,False,4.0,4.0,1,0.20353200883002207,1.0183689205828304,10.553100731072345,195.6910830876052,2.6112387716732817e-05,-0.6196976261900538,-0.6196966520075721,0,0
452,-0.4166666666666667,2.129020184467317,1.3333333333333333,-0.7753721272804063,1,0.0,0.0,0.0,0,-0.4837310195227766,0.621900826446281,2023,10,452.0,1,False,False,False,False,False,False,False,False,False,False,True,False,False,False,False,False,False,False,False,False,False,3.0,3.0,3,0.8986354775828459,-0.5815290950241578,11.598901305977499,330.11664605105875,9.176163996402944e-06,1.8431388521312062,1.8431396963722477,2,1
453,-0.5,-0.9905627589894399,0.3333333333333333,1.0059808193495887,1,0.0,0.0,0.0,0,0.6052060737527115,0.5640495867768595,2022,6,453.0,0,False,False,False,False,False,False,False,False,False,False,False,False,True,False,False,False,False,False,False,False,False,4.0,0.0,0,0.20765765765765765,3.0179424489949387,9.974039208487072,146.49573372627614,4.659398005777654e-05,-1.9469119766403802,-1.9469120958855117,0,0
454,-0.6666666666666666,-0.3156797219623045,-0.6666666666666666,-0.5985887491372828,0,0.0,0.0,0.0,0,0.22559652928416485,-0.5475206611570248,2022,12,454.0,2,False,False,False,False,False,False,False,False,True,False,False,False,False,False,False,False,False,False,False,False,False,4.0,3.0,1,-0.543952802359882,0.8978831250527488,10.606461293913808,200.98258631035674,2.4755539051862855e-05,-0.49610135763649094,-0.4961006200414937,0,0
455,-0.08333333333333333,0.0,0.6666666666666666,-0.06839725166620308,1,0.0,0.0,0.0,1,0.6203904555314533,-0.8698347107438017,2022,6,455.0,2,False,False,False,False,False,False,False,False,False,False,False,False,False,False,False,False,False,False,False,False,False,3.0,3.0,1,0.4114234716644355,-0.10259587734541083,10.804684950962628,221.92341021172146,2.030415626078658e-05,-0.03503730162965734,-0.03503751246862067,1,0
456,0.0,-0.7125250634941853,-0.3333333333333333,-0.6196153568816506,1,0.0,0.0,0.0,0,-0.913232104121475,-0.737603305785124,2024,5,456.0,1,False,False,False,False,False,False,False,True,False,False,False,False,False,False,False,False,False,False,False,False,False,3.0,0.0,0,-0.17422524565381708,1.8588460762214902,10.284045024938107,171.05846953600397,3.41740140796938e-05,-1.2395610807252402,-1.239559467985742,0,0
457,-0.25,-0.9795125428864234,1.3333333333333333,0.6727031119626691,0,0.0,0.0,0.0,0,0.3774403470715835,-0.05165289256198347,2022,9,457.0,2,True,False,False,False,False,False,False,False,False,False,False,False,False,False,False,False,False,False,False,False,False,4.0,4.0,0,0.9679790026246718,0.5045273335936064,9.988380019554091,147.54999152829524,4.593055300385817e-05,-1.914350967413707,-1.9143509161510959,0,1
458,0.0,0.3818740810052132,-0.3333333333333333,0.43010599833122165,1,0.0,0.0,0.0,0,0.45770065075921906,0.18801652892561985,2022,8,458.0,2,False,False,True,False,False,False,False,False,False,False,False,False,False,False,False,False,False,False,False,False,False,3.0,0.0,2,-0.22867063492063494,-1.2903179988646192,11.001499661132206,244.87343669740906,1.667667267026883e-05,0.42577200498863527,0.42577102839282144,1,0
459,1.75,0.5730071737290023,-0.3333333333333333,-0.026646888552386096,1,0.0,0.0,0.0,0,-0.1540130151843818,0.22520661157024793,2023,5,459.0,1,False,False,False,False,False,False,False,False,False,False,False,False,False,True,False,False,False,False,False,False,False,2.0,1.0,2,-0.28884711779448624,0.07994066589698029,11.087145398346655,255.58755838264116,1.5307840675994243e-05,0.6272428813392793,0.6272417104752573,1,0
460,-0.08333333333333333,-0.3425923450519093,0.3333333333333333,1.5639935309084543,1,0.0,0.0,0.0,0,0.8676789587852495,-0.08884297520661157,2022,2,460.0,1,False,False,False,False,False,False,True,False,False,False,False,False,False,False,False,False,False,False,False,False,False,0.0,4.0,1,0.178474641889276,4.691980578649421,10.587593988443924,199.095454493567,2.5227043390514632e-05,-0.5398278188000512,-0.5398269953816498,0,0
461,-0.6666666666666666,-1.120121195918549,1.0,0.5290480752392431,1,0.0,0.0,0.0,0,0.08026030368763558,0.18388429752066116,2023,2,461.0,2,False,False,False,False,True,False,False,False,False,False,False,False,False,False,False,False,False,False,False,False,False,2.0,4.0,0,0.92570281124498,0.529048074710195,9.661479683575521,125.29964086141668,6.36902108145978e-05,-2.6527318301611866,-2.652738892236488,0,1
462,2.0,-0.8670498596444326,0.6666666666666666,0.26098663947175954,0,0.0,0.0,0.0,0,-0.3318872017353579,0.621900826446281,2023,8,462.0,0,False,True,False,False,False,False,False,False,False,False,False,False,False,False,False,False,False,False,False,False,False,4.0,3.0,0,0.500542888165038,0.3914799586204194,10.123706832333092,157.87970103848056,4.0117142054800014e-05,-1.6063223016820785,-1.6063211211042114,0,0
463,0.25,-0.4603662611950274,1.3333333333333333,1.8872338452980624,1,0.0,0.0,0.0,0,0.8785249457700651,-0.6177685950413223,2022,2,463.0,1,False,False,False,False,False,False,False,False,False,False,True,False,False,False,False,False,False,False,False,False,False,2.0,2.0,0,0.7097767513471901,1.4154253829119778,10.50056426434534,190.61741788199734,2.752091589608102e-05,-0.7411706108278485,-0.7411694268993724,0,1
464,-0.6666666666666666,-0.4535222563828365,1.6666666666666667,1.8890983446130396,1,0.0,0.0,0.0,0,0.13449023861171366,-0.9400826446280992,2023,1,464.0,2,False,False,False,False,False,False,False,False,False,False,False,False,False,False,False,True,False,False,False,False,False,4.0,2.0,0,1.4690885914595284,1.1334590060877483,10.505834368769577,191.1203809121361,2.7376259307928164e-05,-0.728994851448588,-0.7289936872778532,0,1
465,0.08333333333333333,-0.1566279017956601,0.6666666666666666,0.41710394841208537,1,0.0,0.0,0.0,0,0.3644251626898048,0.5599173553719008,2022,10,465.0,0,False,False,False,False,True,False,False,False,False,False,False,False,False,False,False,False,False,False,False,False,False,1.0,0.0,1,0.48860625331213564,0.6256559216796442,10.71123493111663,211.7923511366735,2.2293064627594354e-05,-0.2527794752880408,-0.25277923879998293,0,0
466,1.75,0.14978389698346922,-0.6666666666666666,-0.1816949431894269,0,0.0,0.0,0.0,0,0.27114967462039047,0.518595041322314,2022,11,466.0,1,False,False,False,False,False,False,False,False,False,True,False,False,False,False,False,False,False,False,False,False,False,4.0,2.0,2,-0.5244596131968146,0.27254241519295397,10.88655804209982,231.19688579217498,1.870802387143846e-05,0.156288121561243,0.15628755094202657,1,0
467,0.75,-0.5214632624871898,0.0,0.23611566076413584,1,0.0,0.0,0.0,0,-0.6030368763557483,-0.5640495867768595,2023,12,467.0,2,False,True,False,False,False,False,False,False,False,False,False,False,False,False,False,False,False,False,False,False,False,4.0,2.0,0,0.0,0.0,10.452244597136675,186.06719216455113,2.8883368956155048e-05,-0.8527061113354817,-0.8527047622246708,0,0
468,-0.3333333333333333,0.8136880096243818,-1.0,-0.6431657344170092,0,0.0,0.0,0.0,0,0.19739696312364424,-0.6384297520661157,2022,12,468.0,1,False,False,False,True,False,False,False,False,False,False,False,False,False,False,False,False,False,False,False,False,False,2.0,1.0,3,-0.8351449275362318,0.6431657350601749,11.18550414494943,268.47159998778267,1.3873858875107522e-05,0.8593298422544294,0.8593285961125423,1,0
469,0.5833333333333334,0.35667245911865614,0.6666666666666666,0.08886141928572178,1,0.0,0.0,0.0,0,-0.5422993492407809,-0.5475206611570248,2023,11,469.0,2,False,False,False,False,True,False,False,False,False,False,False,False,False,False,False,False,False,False,False,False,False,1.0,1.0,2,0.4322550398499765,0.1332921287286445,10.989639195478905,243.42555330120953,1.687564338390401e-05,0.39791703415984137,0.39791609252988985,1,0
470,-0.08333333333333333,-0.5058147306509825,-0.6666666666666666,-0.43320662978872443,0,0.0,0.0,0.0,0,0.40130151843817785,0.3037190082644628,2022,9,470.0,0,False,True,False,False,False,False,False,False,False,False,False,False,False,False,False,False,False,False,False,False,False,3.0,4.0,0,-0.47574819401444784,0.6498099456578016,10.464844680601267,187.2431574183687,2.8521719289238757e-05,-0.823638847679081,-0.8236375386764246,0,0
471,-0.08333333333333333,0.015755469411397764,-0.3333333333333333,0.013315203395242975,1,0.0,0.0,0.0,0,0.08026030368763558,0.25413223140495866,2023,2,471.0,0,False,False,False,False,False,False,False,False,True,False,False,False,False,False,False,False,False,False,False,False,False,0.0,2.0,2,-0.30856760374832665,-0.03994561030556576,10.8136193570947,222.9170249218305,2.0123558650111685e-05,-0.014184261668021725,-0.014184513740065888,1,0
472,-0.08333333333333333,0.057960165753241547,-0.6666666666666666,-0.6497584391771482,0,0.0,0.0,0.0,0,-0.4598698481561822,-0.29545454545454547,2023,10,472.0,0,False,False,False,False,True,False,False,False,False,False,False,False,False,False,False,False,False,False,False,False,False,1.0,2.0,2,-0.4566617137196632,0.9746376602276787,10.83716623401151,225.5570881173988,1.9655246968178154e-05,0.04080425379074093,0.04080389507974441,1,0
473,-0.6666666666666666,0.7824978835271577,0.6666666666666666,0.38554343459315804,1,0.0,0.0,0.0,0,-0.5509761388286334,-0.6880165289256198,2023,11,473.0,0,False,False,False,False,False,True,False,False,False,False,False,False,False,False,False,False,False,False,False,False,False,2.0,1.0,3,0.4298368298368298,0.5783151510222644,11.17329023134388,266.8370289146542,1.4044352063817535e-05,0.8304685597880916,0.830467313339764,1,0
474,-0.5833333333333334,0.2761841108586196,0.3333333333333333,-0.40110839848779833,1,0.0,0.0,0.0,0,-0.561822125813449,0.14669421487603307,2023,12,474.0,0,False,False,False,True,False,False,False,False,False,False,False,False,False,False,False,False,False,False,False,False,False,2.0,3.0,2,0.2134259259259259,-1.2033251918534194,10.950789002803143,238.7425391504413,1.754416744153406e-05,0.3067522087286635,0.30675139364286597,1,0
475,0.6666666666666666,0.7983959363721428,0.3333333333333333,0.6278500571711118,1,0.0,0.0,0.0,0,0.6767895878524945,0.5847107438016529,2022,5,475.0,1,False,False,False,False,False,False,False,False,False,False,True,False,False,False,False,False,False,False,False,False,False,2.0,2.0,3,0.19879258300991806,1.8835501658626848,11.179534476424797,267.67144038914574,1.3956928917361024e-05,0.8452221437314625,0.8452208970783328,1,0
476,-1.1666666666666667,-0.030085104486922427,-0.6666666666666666,-0.662929427155763,0,0.0,0.0,0.0,0,0.028199566160520606,0.6838842975206612,2023,3,476.0,1,True,False,False,False,False,False,False,False,False,False,False,False,False,False,False,False,False,False,False,False,False,0.0,3.0,1,-0.6483825597749648,0.9943941422252357,10.78739971034626,220.013635941048,2.0658169273039024e-05,-0.07536369964783127,-0.07536382968227259,0,0
477,0.9166666666666666,-0.007984672280889364,-0.6666666666666666,-0.46190549769770384,1,0.0,0.0,0.0,0,-0.21475054229934923,-0.35330578512396693,2023,6,477.0,2,False,False,False,False,False,False,False,False,False,False,False,False,False,True,False,False,False,False,False,False,False,2.0,3.0,1,-0.5488095238095237,0.6928582475858431,10.800126445744926,221.41815643709077,2.039692414383911e-05,-0.04567453103280332,-0.045674720687825736,1,0
478,-0.5833333333333334,1.1442320545381635,-0.6666666666666666,-0.5773416978274978,0,0.0,0.0,0.0,0,0.22342733188720174,0.35330578512396693,2022,12,478.0,1,False,False,False,True,False,False,False,False,False,False,False,False,False,False,False,False,False,False,False,False,False,0.0,3.0,3,-0.5449172576832151,0.8660125480402655,11.30652840513463,285.21921393903324,1.2292411894137748e-05,1.1459438582063046,1.1459427824824078,1,0
479,0.6666666666666666,0.2109878358508221,0.3333333333333333,0.401724404338824,1,0.0,0.0,0.0,0,-0.44468546637744033,-0.07644628099173553,2023,10,479.0,1,False,True,False,False,False,False,False,False,False,False,False,False,False,False,False,False,False,False,False,False,False,1.0,0.0,2,0.2307307307307307,1.2051732094009524,10.918174606266476,234.88082084325234,1.81257930034439e-05,0.23031119225284843,0.2303104963131962,1,0
480,-1.1666666666666667,0.0,-0.6666666666666666,-0.3304943498459985,1,0.0,0.0,0.0,1,-0.42950108459869846,0.5681818181818182,2023,10,480.0,2,False,False,False,True,False,False,False,False,False,False,False,False,False,False,False,False,False,False,False,False,False,2.0,3.0,1,-0.4663631765300961,0.4957415255126101,10.804684950962628,221.92341021172146,2.030415626078658e-05,-0.03503730162965734,-0.03503751246862067,1,0
481,-0.5833333333333334,0.14910662567392952,0.6666666666666666,0.580007622814879,1,0.0,0.0,0.0,0,-0.6550976138828634,0.11776859504132231,2024,1,481.0,1,False,False,True,False,False,False,False,False,False,False,False,False,False,False,False,False,False,False,False,False,False,4.0,0.0,2,0.4027959807776322,0.8700114329173015,10.886202526458066,231.15579162114886,1.8714676048957593e-05,0.15545620491432732,0.15545563575410035,1,0
482,0.0,-0.32858352270195607,0.3333333333333333,-0.03199109984857376,0,0.0,0.0,0.0,0,0.4642082429501085,0.5557851239669421,2022,8,482.0,1,False,False,False,False,False,True,False,False,False,False,False,False,False,False,False,False,False,False,False,False,False,1.0,4.0,1,0.2276543209876543,-0.09597329925780139,10.597459392970629,200.0799840063968,2.497939200159868e-05,-0.5169673981139402,-0.5169666193118752,0,0
483,-0.08333333333333333,-0.3305440449137816,0.6666666666666666,1.6065638616768134,1,0.0,0.0,0.0,0,0.8546637744034707,0.4152892561983471,2022,2,483.0,0,False,False,False,False,False,False,True,False,False,False,False,False,False,False,False,False,False,False,False,False,False,0.0,0.0,1,0.3594541910331384,2.409845788900452,10.596084581790592,199.9424917319978,2.5013757566661664e-05,-0.52015360373057,-0.520152818675712,0,0
484,0.75,1.8380073965156174,0.0,-0.5532618436910905,1,0.0,0.0,0.0,0,-0.5097613882863341,0.11776859504132231,2023,11,484.0,1,False,False,False,False,False,False,False,False,False,False,False,False,False,False,False,False,False,False,False,False,False,4.0,1.0,3,0.0,0.0,11.521032513864126,317.5106297433206,9.919257246017419e-06,1.656788240754455,1.6567883395347929,2,0
485,1.25,-0.5904023526266542,-0.3333333333333333,0.024362104308950628,0,0.0,0.0,0.0,0,-0.7657266811279827,-0.42768595041322316,2024,3,485.0,1,False,False,False,False,False,False,False,False,False,True,False,False,False,False,False,False,False,False,False,False,False,2.0,0.0,0,-0.18877968877968876,-0.07308631314611083,10.394763317057404,180.79546454488286,3.059226627508566e-05,-0.9851555788877931,-0.9851540778522102,0,0
486,0.08333333333333333,-0.6424453058860223,-0.6666666666666666,-0.8367048837520732,0,0.0,0.0,0.0,0,-0.5292841648590022,-0.7954545454545454,2023,11,486.0,2,False,False,False,False,False,False,False,False,False,False,False,False,False,False,False,False,False,False,False,False,False,4.0,2.0,0,-0.4359338061465721,1.2550573275106958,10.349070407240182,176.71162949845717,3.20225438708851e-05,-1.0902612526493793,-1.0902596731515455,0,0
487,0.0,-0.17145657888874036,-0.3333333333333333,-0.7171626646888554,1,0.0,0.0,0.0,0,0.3752711496746204,-0.002066115702479339,2022,9,487.0,2,False,False,False,False,False,False,False,False,False,False,False,False,False,False,False,False,False,False,False,False,False,0.0,0.0,1,-0.24237644584647738,2.1514880005210304,10.70191774575062,210.80796948882175,2.25017438851511e-05,-0.2744517374842737,-0.2744514556483302,0,0
488,0.4166666666666667,-0.04063627857238337,1.0,0.5708499438589987,1,0.0,0.0,0.0,0,0.6550976138828634,0.4194214876033058,2022,5,488.0,2,True,False,False,False,False,False,False,False,False,False,False,False,False,False,False,False,False,False,False,False,False,0.0,3.0,1,0.6041939711664482,0.5708499432881486,10.781266120176918,219.33991884743642,2.0785267402465132e-05,-0.0896677597940315,-0.0896678608643622,0,1
489,0.16666666666666666,0.961404446820835,-0.3333333333333333,-0.48762734736343316,1,0.0,0.0,0.0,0,0.3579175704989154,0.7830578512396694,2022,10,489.0,2,False,False,False,True,False,False,False,False,False,False,False,False,False,False,False,False,False,False,False,False,False,0.0,1.0,3,-0.24547390841320552,1.4628820464789458,11.241405413915658,276.08150970320344,1.3119571777177193e-05,0.9915736327765762,0.991572426245411,1,0
490,0.75,-0.804348794724413,0.3333333333333333,-0.785020138652822,0,0.0,0.0,0.0,0,0.7310195227765727,-0.1012396694214876,2022,4,490.0,2,False,True,False,False,False,False,False,False,False,False,False,False,False,False,False,False,False,False,False,False,False,2.0,3.0,0,0.19256474519632413,-2.355060408893285,10.191894362302365,163.35544068074378,3.747283219665742e-05,-1.4505879943745565,-1.4505865278719001,0,0
491,-0.6666666666666666,-0.2932584770307,0.0,-0.05396952934268675,1,0.0,0.0,0.0,0,0.7114967462039046,0.8946280991735537,2022,4,491.0,2,False,False,False,False,True,False,False,False,False,False,False,False,False,False,False,False,False,False,False,False,False,1.0,2.0,1,0.0,0.0,10.621912540280341,202.541353802131,2.437597503900156e-05,-0.4602714042402711,-0.4602707383586036,0,0
492,0.08333333333333333,0.18300583700931247,-0.3333333333333333,-0.3515168371498913,1,0.0,0.0,0.0,0,-0.19088937093275488,0.12190082644628099,2023,6,492.0,2,False,True,False,False,False,False,False,False,False,False,False,False,False,False,False,False,False,False,False,False,False,2.0,4.0,2,-0.2799028536733455,1.0545505146133256,10.90384365952795,233.20377355437455,1.8387423002666178e-05,0.19674884367695092,0.1967482034249404,1,0
493,-0.16666666666666666,1.3552198903889854,0.6666666666666666,0.9429277789795733,1,0.0,0.0,0.0,0,-0.39913232104121477,-0.8698347107438017,2023,9,493.0,0,False,False,False,True,False,False,False,False,False,False,False,False,False,False,False,False,False,False,False,False,False,2.0,2.0,3,0.4764857881136951,1.4143916663477725,11.376762040157358,295.4132698441287,1.1458691417440128e-05,1.3128043808245136,1.3128035575381662,2,0
494,0.5,-0.18475248407075703,0.0,-0.37809161799396357,1,0.0,0.0,0.0,0,0.8503253796095445,0.08884297520661157,2022,2,494.0,0,False,False,False,False,False,False,False,False,False,False,False,False,False,True,False,False,False,False,False,False,False,3.0,3.0,1,0.0,0.0,10.693489174459955,209.92141386718984,2.2692202959063264e-05,-0.29405124200389066,-0.29405091916514514,0,0
495,0.0,-0.9079356592255937,-0.3333333333333333,-0.14387135984836769,1,0.0,0.0,0.0,0,-0.6941431670281996,0.3987603305785124,2024,2,495.0,1,False,False,False,False,False,False,False,False,True,False,False,False,False,False,False,False,False,False,False,False,False,4.0,2.0,0,-0.1967562953478446,0.43161408083994535,10.076600170244772,154.20440979427275,4.2052144659377626e-05,-1.713703320657855,-1.7137024413617645,0,0
496,-0.08333333333333333,1.4855411486877867,-0.6666666666666666,-0.5092369974350258,0,0.0,0.0,0.0,0,-0.8720173535791758,-0.8698347107438017,2024,4,496.0,0,False,True,False,False,False,False,False,False,False,False,False,False,False,False,False,False,False,False,False,False,False,2.0,0.0,3,-0.3561220548474314,0.763855497298322,11.417801267870049,301.53772566629203,1.099795438048523e-05,1.4104859379071069,1.4104853195196354,2,0
497,-0.9166666666666666,0.3820166644388005,1.3333333333333333,1.3907290089310549,1,0.0,0.0,0.0,0,0.1735357917570499,0.7706611570247934,2022,12,497.0,2,False,False,False,True,False,False,False,False,False,False,False,False,False,False,False,False,False,False,False,False,False,4.0,4.0,2,1.1361675908810844,1.0430467559160062,11.001566365598094,244.88160404571022,1.667556029882604e-05,0.42592869530717453,0.4259277185198239,1,1
498,1.5833333333333333,0.0,-0.3333333333333333,-0.05444337999732158,1,0.0,0.0,0.0,1,0.527114967462039,-0.5847107438016529,2022,7,498.0,2,False,False,False,False,False,False,False,False,False,False,False,False,True,False,False,False,False,False,False,False,False,1.0,3.0,1,-0.21827651515151514,0.16333014048195518,10.804684950962628,221.92341021172146,2.030415626078658e-05,-0.03503730162965734,-0.03503751246862067,1,0
499,0.08333333333333333,-0.4462861471282805,0.3333333333333333,0.5836109480103424,0,0.0,0.0,0.0,0,-0.05422993492407809,0.41115702479338845,2023,4,499.0,2,False,False,False,False,False,False,False,False,False,False,False,False,False,False,False,False,True,False,False,False,False,4.0,1.0,0,0.3161865569272977,1.7508328387785286,10.511376364144162,191.65072397463047,2.7224959843184232e-05,-0.7161886238598406,-0.7161874807995939,0,0
500,1.1666666666666667,0.2950764158089382,-1.0,-0.8613986835192682,1,0.0,0.0,0.0,0,-0.5748373101952278,0.24173553719008264,2023,12,500.0,0,False,False,False,False,False,False,False,True,False,False,False,False,False,False,False,False,False,False,False,False,False,2.0,2.0,2,-0.6349862258953168,0.8613986843806668,10.96004444747091,239.8499530956802,1.7382537502824663e-05,0.32846008231758167,0.3284592354898894,1,0
501,0.5,0.8435948848193201,-0.3333333333333333,-0.38003234545772946,1,0.0,0.0,0.0,0,0.3080260303687636,-0.026859504132231406,2022,10,501.0,2,False,False,False,False,False,False,False,False,False,False,False,False,False,False,False,False,True,False,False,False,False,1.0,1.0,3,-0.2548369264787175,1.1400970397934798,11.197077086969873,270.0296280040396,1.3714223020694763e-05,0.8866873572066075,0.8866861140510444,1,0
502,1.5833333333333333,-0.191988593325313,0.3333333333333333,-0.11928263131328731,0,0.0,0.0,0.0,0,0.4967462039045553,0.3367768595041322,2022,8,502.0,2,False,False,False,True,False,False,False,False,False,False,False,False,False,False,False,False,False,False,False,False,False,3.0,2.0,1,0.22270531400966181,-0.35784789286631824,10.688872014562484,209.43734146517426,2.2797218739313804e-05,-0.30478549092561186,-0.304785145645051,0,0
503,1.0,1.5544445929688544,1.0,0.25698363155021287,1,0.0,0.0,0.0,0,-0.28633405639913234,0.030991735537190084,2023,7,503.0,2,False,False,False,False,False,False,False,False,False,False,False,False,False,False,False,False,True,False,False,False,False,0.0,0.0,3,0.7774030354131535,0.2569836312932292,11.438837492616509,304.72610652846924,1.0769015388922992e-05,1.4606081532383153,1.460607657093529,2,1
504,-0.8333333333333334,0.6722095976473733,-0.3333333333333333,-0.36332601955149,1,0.0,0.0,0.0,0,0.11496746203904555,-0.6756198347107438,2023,1,504.0,1,False,False,False,False,False,False,True,False,False,False,False,False,False,False,False,False,False,False,False,False,False,3.0,4.0,3,-0.29896238651102464,1.0899780619244044,11.128864641995735,260.9750945971665,1.4682347413704504e-05,0.725590593784148,0.7255893699079727,1,0
505,0.5833333333333334,0.07713763757073475,0.3333333333333333,0.6432790465300742,1,0.0,0.0,0.0,0,0.8893709327548807,-0.22520661157024793,2022,2,505.0,2,False,False,False,False,False,False,False,False,False,False,False,False,False,False,False,False,True,False,False,False,False,3.0,0.0,2,0.17642556448526597,1.929837133800711,10.84768523766329,226.74655454934702,1.9449576971700864e-05,0.06538300020478428,0.06538259492363838,1,0
506,-0.08333333333333333,0.8899701465935926,0.3333333333333333,0.8302275513252368,1,0.0,0.0,0.0,0,0.11496746203904555,-0.16322314049586778,2023,1,506.0,2,False,False,False,False,False,False,True,False,False,False,False,False,False,False,False,False,False,False,False,False,False,4.0,2.0,3,0.29896238651102464,2.4906826465036627,11.214761987336935,272.42797213208485,1.3473820367026867e-05,0.9285134364155844,0.9285122030081597,1,0
507,-0.25,-1.120121195918549,1.0,0.9486737332220816,0,0.0,0.0,0.0,0,-0.7158351409978309,0.26239669421487605,2024,2,507.0,0,True,False,False,False,False,False,False,False,False,False,False,False,False,False,False,False,False,False,False,False,False,1.0,0.0,0,0.5828065739570164,0.9486737322734078,9.62819507773027,123.23148948219364,6.58457891617831e-05,-2.727462795444997,-2.727471039918409,0,1
508,-1.1666666666666667,0.0,-0.6666666666666666,-0.2889623700773612,0,0.0,0.0,0.0,1,0.010845986984815618,-0.39462809917355374,2023,3,508.0,0,False,False,False,False,False,False,False,False,False,False,False,False,False,False,True,False,False,False,False,False,False,1.0,4.0,1,-0.6595135908440629,0.43344355576620713,10.804684950962628,221.92341021172146,2.030415626078658e-05,-0.03503730162965734,-0.03503751246862067,1,0
509,-1.1666666666666667,-0.49825780867085506,-0.6666666666666666,-0.712566313338896,1,0.0,0.0,0.0,0,-0.911062906724512,0.4152892561983471,2024,5,509.0,0,False,False,False,True,False,False,False,False,False,False,False,False,False,False,False,False,False,False,False,False,False,2.0,4.0,0,-0.34884600832387436,1.0688494716116181,10.470873077735911,187.8084130170957,2.8350296260595925e-05,-0.8097275594622692,-0.8097262704235855,0,0
510,0.5833333333333334,-0.7135231475292965,1.0,1.4543877540509083,1,0.0,0.0,0.0,0,0.0650759219088937,-0.7871900826446281,2023,2,510.0,1,False,False,False,False,True,False,False,False,False,False,False,False,False,False,False,False,False,False,False,False,False,0.0,2.0,0,0.9389002036659878,1.4543877525965203,10.283087694449238,170.9766065869831,3.420674557022645e-05,-1.241756719264894,-1.2417551068076438,0,1
511,-0.16666666666666666,-0.42012208706500914,0.3333333333333333,1.1611916313853954,0,0.0,0.0,0.0,0,-0.028199566160520606,-0.4731404958677686,2023,4,511.0,0,False,False,False,False,False,False,False,False,False,False,False,False,False,False,False,False,False,False,False,False,False,3.0,0.0,0,0.3241912798874824,3.483574883705461,10.531162442798411,193.55619339096333,2.669157880688643e-05,-0.6704484267520651,-0.6704473616957478,0,0
512,0.3333333333333333,1.5277458450296306,-0.6666666666666666,-0.852317232712177,0,0.0,0.0,0.0,0,-0.18655097613882862,0.7541322314049587,2023,6,512.0,0,False,False,False,False,False,False,False,False,False,True,False,False,False,False,False,False,False,False,False,False,False,0.0,4.0,3,-0.5618525289457648,1.2784758509859793,11.43073879398228,303.49464575178257,1.0856584518510477e-05,1.4413075321970872,1.441306987583528,2,0
513,0.6666666666666666,0.9486432295147708,-0.3333333333333333,0.08554034426280185,1,0.0,0.0,0.0,0,-0.22342733188720174,-0.96900826446281,2023,7,513.0,1,False,False,False,False,False,False,False,False,False,False,False,False,True,False,False,False,False,False,False,False,False,4.0,0.0,3,-0.27245862884160754,-0.2566210335582687,11.236697542563563,275.43238734760297,1.3181482653168828e-05,0.9804268764624373,0.9804256640945829,1,0
514,0.8333333333333334,0.9794056053112329,1.0,-0.34759005737713355,1,0.0,0.0,0.0,0,-0.6963123644251626,0.4690082644628099,2024,2,514.0,1,False,False,False,True,False,False,False,False,False,False,False,False,False,False,False,False,False,False,False,False,False,1.0,2.0,3,0.5895140664961637,-0.3475900570295435,11.248008946271037,276.9945847846127,1.303322168206759e-05,1.0072116635453259,1.007210466000865,1,1
515,-0.8333333333333334,0.0,0.6666666666666666,1.2246690771243447,1,0.0,0.0,0.0,1,0.05639913232104121,-0.16322314049586778,2023,2,515.0,0,False,False,False,False,False,False,False,False,False,False,False,False,False,False,False,False,True,False,False,False,False,0.0,4.0,1,0.6310746064339494,1.8370036129310119,10.804684950962628,221.92341021172146,2.030415626078658e-05,-0.03503730162965734,-0.03503751246862067,1,0
516,-0.16666666666666666,-0.06355656552154347,-1.0,-0.8944610978913646,0,0.0,0.0,0.0,0,0.8611713665943601,0.49793388429752067,2022,2,516.0,0,False,False,False,False,False,False,False,False,True,False,False,False,False,False,False,False,False,False,False,False,False,4.0,0.0,1,-0.5372960372960373,0.8944610987858257,10.76781107878503,217.8692268311429,2.1066823965618945e-05,-0.1210358371246523,-0.12103587419954108,0,0
517,-0.25,0.8530053914360826,0.0,0.3192579086704369,1,0.0,0.0,0.0,0,-0.0911062906724512,-0.6508264462809917,2023,5,517.0,2,False,False,False,False,False,False,False,False,False,False,False,False,False,False,True,False,False,False,False,False,False,3.0,0.0,3,0.0,0.0,11.200691103415608,270.5180215808182,1.3664749046883754e-05,0.8952327663385046,0.8952315246612857,1,0
518,-0.16666666666666666,0.21672681905271132,0.3333333333333333,-0.4083933372477518,1,0.0,0.0,0.0,0,-0.2668112798264642,0.8657024793388429,2023,7,518.0,2,False,False,False,False,False,False,False,False,False,False,False,False,False,False,False,False,True,False,False,False,False,2.0,2.0,2,0.2631278538812785,-1.2251800080677153,10.921088609106748,235.2232981658067,1.8073051273246463e-05,0.23713759940316356,0.23713689237891108,1,0
519,-0.75,0.31453905449360603,0.6666666666666666,1.1299545721437623,1,0.0,0.0,0.0,0,0.4924078091106291,-0.10950413223140495,2022,8,519.0,1,False,False,False,False,False,False,True,False,False,False,False,False,False,False,False,False,False,False,False,False,False,1.0,4.0,2,0.4467054263565891,1.6949318556732458,10.96949055763861,240.9854767408194,1.7219113215669393e-05,0.3506220490393229,0.3506211708206713,1,0
520,-0.25,0.10832776366795883,0.0,0.6369665317222413,1,0.0,0.0,0.0,0,-0.06290672451193059,0.3822314049586777,2023,4,520.0,1,False,False,True,False,False,False,False,False,False,False,False,False,False,False,False,False,False,False,False,False,False,2.0,4.0,2,0.0,0.0,10.864560427182177,228.66788143506292,1.9124115509657678e-05,0.1048316342109025,0.10483115577266976,1,0
521,-0.5833333333333334,-0.471808581740409,0.3333333333333333,0.18840096006263077,1,0.0,0.0,0.0,0,0.806941431670282,0.9194214876033058,2022,3,521.0,2,False,True,False,False,False,False,False,False,False,False,False,False,False,False,False,False,False,False,False,False,False,2.0,0.0,0,0.1844737895158063,0.5652028784922837,10.491690797323463,189.77354926332595,2.7766208524226018e-05,-0.7616665514784703,-0.7616653350064528,0,0
522,0.4166666666666667,-0.12476050438889631,0.6666666666666666,-0.1855001699681696,1,0.0,0.0,0.0,0,0.41431670281995664,0.6797520661157025,2022,9,522.0,0,False,False,False,False,False,False,False,False,False,False,True,False,False,False,False,False,False,False,False,False,False,3.0,3.0,1,0.4713701431492842,-0.27825025453487906,10.730968928388284,213.89249636207438,2.1857445738890955e-05,-0.20685494196082235,-0.20685480141766457,0,0
523,-0.6666666666666666,0.2842044289979058,-0.6666666666666666,-0.4716338576593838,1,0.0,0.0,0.0,0,-0.26247288503253796,-0.7541322314049587,2023,7,523.0,1,False,False,False,False,False,False,False,False,False,True,False,False,False,False,False,False,False,False,False,False,False,0.0,0.0,2,-0.5280641466208477,0.7074507875502519,10.954728669788219,239.21329394496453,1.7475185236963512e-05,0.3159915508669054,0.3159907221528148,1,0
524,1.1666666666666667,-0.42960388539856526,0.0,-0.00640934515899743,0,0.0,0.0,0.0,0,-0.9240780911062907,0.08884297520661157,2024,5,524.0,1,False,False,False,False,False,False,False,False,False,False,False,False,False,False,False,False,True,False,False,False,False,2.0,1.0,0,0.0,0.0,10.524037158179487,192.86783039169595,2.6882443076426786e-05,-0.6869236802452184,-0.6869225866404466,0,0
525,-1.0833333333333333,-0.6014882145880676,0.0,-0.46156350113827166,0,0.0,0.0,0.0,0,-0.7527114967462039,0.26239669421487605,2024,3,525.0,0,False,False,False,False,False,False,False,False,False,False,False,True,False,False,False,False,False,False,False,False,False,1.0,4.0,0,0.0,0.0,10.385203573155552,179.93332098307974,3.088612286499676e-05,-1.0071587344435353,-1.0071572136345452,0,0
526,0.0,0.14415185135677047,0.0,0.4360435530558219,1,0.0,0.0,0.0,0,0.6507592190889371,-0.03925619834710744,2022,5,526.0,1,False,False,True,False,False,False,False,False,False,False,False,False,False,False,False,False,False,False,False,False,False,2.0,1.0,2,0.0,0.0,10.883597797123237,230.85493280413135,1.8763486255746317e-05,0.149361365228146,0.1493608067893973,1,0
527,-0.8333333333333334,0.7703069999554427,0.3333333333333333,1.2326174068007871,1,0.0,0.0,0.0,0,0.8221258134490239,-0.42355371900826444,2022,3,527.0,0,False,False,False,False,False,False,False,False,False,False,False,False,False,True,False,False,False,False,False,False,False,2.0,0.0,3,0.18293650793650792,3.6978522093088046,11.168475490654066,266.19541694026213,1.4112135024907918e-05,0.8190946314706484,0.819093385691522,1,0
528,0.4166666666666667,0.2812814686093659,0.3333333333333333,-0.6642520885482658,1,0.0,0.0,0.0,0,-0.6008676789587852,1.0640495867768596,2023,12,528.0,0,False,False,False,True,False,False,False,False,False,False,False,False,False,False,False,False,False,False,False,False,False,1.0,0.0,2,0.2082204155374887,-1.9927562596665285,10.953294676922305,239.04183734233638,1.7500262503937558e-05,0.31262839764040073,0.3126275738669326,1,0
529,0.4166666666666667,0.504887938332665,0.3333333333333333,0.24363546463116922,1,0.0,0.0,0.0,0,-0.18655097613882862,-0.4524793388429752,2023,6,529.0,0,False,False,True,False,False,False,False,False,False,False,False,False,False,False,False,False,False,False,False,False,False,2.0,3.0,2,0.2809262644728824,0.7309063917007885,11.05745570550153,251.82136525719974,1.5769139793424267e-05,0.5573364851470926,0.557335369337476,1,0
530,0.0,-0.1400169317827385,0.0,0.8642726907506414,1,0.0,0.0,0.0,0,0.5943600867678959,-0.49793388429752067,2022,6,530.0,1,False,False,False,False,False,False,False,False,False,False,False,False,False,False,False,False,False,False,False,False,False,3.0,3.0,1,0.0,0.0,10.72156990889107,212.88964277296347,2.2063852789974185e-05,-0.228731903390322,-0.22873171718330992,0,0
531,-0.3333333333333333,0.0,0.0,-0.008049280468081978,1,0.0,0.0,0.0,1,-0.5379609544468547,0.030991735537190084,2023,11,531.0,0,False,False,False,False,True,False,False,False,False,False,False,False,False,False,False,False,False,False,False,False,False,2.0,4.0,1,0.0,0.0,10.804684950962628,221.92341021172146,2.030415626078658e-05,-0.03503730162965734,-0.03503751246862067,1,0
532,0.25,-0.18307712872610613,-1.0,-0.8037166373085284,0,0.0,0.0,0.0,0,0.8741865509761388,0.9028925619834711,2022,2,532.0,0,False,False,False,False,False,False,False,False,False,False,False,True,False,False,False,False,False,False,False,False,False,3.0,1.0,1,-0.5335648148148148,0.803716638112245,10.694555139656206,210.03333068825052,2.2668026748271564e-05,-0.29157278786744445,-0.2915724702121695,0,0
533,-0.5,-0.5985296083411309,0.0,-0.3764496224646414,0,0.0,0.0,0.0,0,-0.03470715835140998,0.29958677685950413,2023,4,533.0,1,False,False,False,True,False,False,False,False,False,False,False,False,False,False,False,False,False,False,False,False,False,2.0,2.0,0,0.0,0.0,10.387763841068582,180.1638143468327,3.080714725816389e-05,-1.001266588643088,-1.0012650729634065,0,0
534,0.3333333333333333,0.38650804259680077,1.3333333333333333,1.6995003965923956,1,0.0,0.0,0.0,0,-0.0455531453362256,0.27892561983471076,2023,4,534.0,1,False,False,False,False,True,False,False,False,False,False,False,False,False,False,False,False,False,False,False,False,False,4.0,4.0,2,1.2752420470262793,1.2746252964883278,11.003665281928944,245.13873622909946,1.6640596398974938e-05,0.4308592757229887,0.4308582929383813,1,1
535,-0.08333333333333333,1.0763979860090005,1.0,2.4585674876644252,1,0.0,0.0,0.0,0,0.7483731019522777,-0.609504132231405,2022,4,535.0,2,False,False,False,False,False,False,False,False,False,False,False,False,False,False,False,False,False,False,False,False,False,1.0,0.0,3,0.5719602977667494,2.4585674852058577,11.282857998583195,281.8634421133752,1.2586849259893263e-05,1.08979580132569,1.0897946670215282,1,1
536,-0.4166666666666667,2.032491199928708,0.3333333333333333,0.042801075434964,1,0.0,0.0,0.0,0,-0.7592190889370932,0.4524793388429752,2024,3,536.0,1,False,False,False,False,False,False,False,False,False,False,False,False,True,False,False,False,False,False,False,False,False,4.0,4.0,3,0.18947801068639541,0.12840322591968234,11.57373830436674,325.98926362688695,9.40999341300461e-06,1.782867487915348,1.782868071179895,2,0
537,0.0,0.011941362562937218,-0.3333333333333333,-0.9242704245083799,1,0.0,0.0,0.0,0,0.7440347071583514,-0.08471074380165289,2022,4,537.0,1,False,False,False,False,False,False,False,False,False,False,False,False,False,False,False,False,True,False,False,False,False,0.0,0.0,2,-0.19112769485903813,2.772811281843574,10.811463814806197,222.6768959726177,2.0166982616060984e-05,-0.01921589833141186,-0.019216140491398435,1,0
538,-0.3333333333333333,1.5904469099496503,-0.3333333333333333,0.08072148912718778,1,0.0,0.0,0.0,0,-0.19305856832971802,-0.96900826446281,2023,6,538.0,0,False,False,False,False,False,False,False,False,False,False,False,False,False,False,True,False,False,False,False,False,False,3.0,3.0,3,-0.27939393939393936,-0.24216446810805678,11.449655472243506,306.3788504450005,1.0653144275532923e-05,1.4863974238097177,1.4863969951845395,2,0
539,0.3333333333333333,0.5033908122799983,-0.6666666666666666,-0.22024578427433886,0,0.0,0.0,0.0,0,-0.2928416485900217,-0.20867768595041322,2023,8,539.0,2,False,True,False,False,False,False,False,False,False,False,False,False,False,False,False,False,False,False,False,False,False,3.0,3.0,2,-0.5156599552572706,0.3303686769070613,11.056793182210109,251.73795899704916,1.5779590677417828e-05,0.5557773177010596,0.5557762032756258,1,0
540,0.08333333333333333,-0.9275765272022457,1.3333333333333333,1.1086930992923147,0,0.0,0.0,0.0,0,-0.6724511930585684,-0.6921487603305785,2024,1,540.0,2,False,False,False,False,False,False,False,False,False,False,False,False,False,False,False,False,False,False,False,False,False,3.0,4.0,0,0.7972330306960657,0.8315198238455962,10.053156777054832,152.4073489041785,4.3049636230573854e-05,-1.7670804521297496,-1.767079757690758,0,1
541,-1.1666666666666667,-0.17983335561199484,1.3333333333333333,0.1817917735405916,0,0.0,0.0,0.0,0,-0.5856832971800434,0.46487603305785125,2023,12,541.0,2,False,False,False,False,False,False,False,False,False,False,False,False,False,False,True,False,False,False,False,False,False,0.0,1.0,1,0.8408572731418148,0.13634383005318582,10.696615805459388,210.2498513673672,2.2621363615798762e-05,-0.2867813258994133,-0.28678101826662844,0,1
542,-0.75,0.29824889720625586,0.0,0.5173419038495216,1,0.0,0.0,0.0,0,0.13882863340563992,-0.8161157024793388,2023,1,542.0,0,False,False,False,False,True,False,False,False,False,False,False,False,False,False,False,False,False,False,False,False,False,0.0,1.0,2,0.0,0.0,10.961590297866028,240.0354140538433,1.7355687458780242e-05,0.3320863979069277,0.3320855458717612,1,0
543,0.75,-0.7579735329501404,-1.0,-0.7000422345148697,1,0.0,0.0,0.0,0,-0.4598698481561822,0.0640495867768595,2023,10,543.0,0,False,False,False,False,True,False,False,False,False,False,False,False,False,False,False,False,False,False,False,False,False,2.0,2.0,0,-0.6849925705794948,0.7000422352149119,10.23949539562907,167.29016707505556,3.5730875049129956e-05,-1.3416615456514993,-1.3416599723851703,0,0
544,-0.5,-0.7637125161520296,-0.3333333333333333,-0.7232547359312711,1,0.0,0.0,0.0,0,0.4316702819956616,0.40289256198347106,2022,9,544.0,0,False,False,False,False,False,False,False,True,False,False,False,False,False,False,False,False,False,False,False,False,False,0.0,4.0,0,-0.23282828282828283,2.169764214303106,10.233726114401822,166.80827317612278,3.593761230503845e-05,-1.3548727150645263,-1.3548711510280487,0,0
545,-0.4166666666666667,1.0114155861515841,0.3333333333333333,1.5728689596917913,1,0.0,0.0,0.0,0,0.3297180043383948,0.5516528925619835,2022,10,545.0,0,False,False,False,False,False,False,False,False,False,True,False,False,False,False,False,False,False,False,False,False,False,0.0,3.0,3,0.25067971723762916,4.718606864919553,11.25964481923578,278.6108397029807,1.288244766505636e-05,1.034775310563169,1.0347741311518068,1,0
546,-1.1666666666666667,-0.005489462193111438,0.3333333333333333,-0.2713104030820894,1,0.0,0.0,0.0,0,-0.16268980477223427,-0.7582644628099173,2023,6,546.0,1,False,False,False,False,False,False,True,False,False,False,False,False,False,False,False,False,False,False,False,False,False,1.0,3.0,1,0.2866915422885572,-0.8139312068044746,10.80155321211961,221.57617200412142,2.0367843249078355e-05,-0.04234535869308828,-0.04234555498866896,1,0
547,-0.25,-0.6392728244887047,0.3333333333333333,0.6845184750249803,0,0.0,0.0,0.0,0,0.12364425162689804,0.20867768595041322,2023,1,547.0,2,False,False,False,False,False,False,False,False,False,False,False,True,False,False,False,False,False,False,False,False,False,4.0,1.0,0,0.29665379665379665,2.0535554189142746,10.351916360076409,176.96327302578916,3.193153878085385e-05,-1.083719486364473,-1.0837179105219972,0,0
548,2.0,-0.6960923227732477,-0.3333333333333333,-0.10830783810789375,1,0.0,0.0,0.0,0,-0.5422993492407809,0.5020661157024794,2023,11,548.0,1,False,False,False,False,False,False,True,False,False,False,False,False,False,False,False,False,False,False,False,False,False,3.0,1.0,0,-0.21612751992498824,0.32492351529845187,10.299676435863896,172.4006960542793,3.3643979409884604e-05,-1.2037005137625987,-1.2036988997372504,0,0
549,1.3333333333333333,0.3103684890611772,0.3333333333333333,0.5225995858957323,1,0.0,0.0,0.0,0,-0.09544468546637744,-0.3202479338842975,2023,5,549.0,2,False,False,False,False,False,False,False,False,False,True,False,False,False,False,False,False,False,False,False,False,False,2.0,1.0,2,0.30429042904290426,1.5677987529838007,10.967473889283008,240.7426011324128,1.7253873494599537e-05,0.3458900622609414,0.34588919065710444,1,0
550,-0.5833333333333334,-0.057389832018892306,0.0,-0.1014761478001997,1,0.0,0.0,0.0,0,0.45336225596529284,-0.5557851239669421,2022,8,550.0,1,True,False,False,False,False,False,False,False,False,False,False,False,False,False,False,False,False,False,False,False,False,1.0,0.0,1,0.0,0.0,10.771449014012997,218.26589289213283,2.0990323460884532e-05,-0.11255601390217644,-0.11255606833753262,0,0
551,0.75,0.4289979058058192,-0.6666666666666666,-0.44866240201077495,0,0.0,0.0,0.0,0,-0.9414316702819957,0.16322314049586778,2024,5,551.0,2,False,False,True,False,False,False,False,False,False,False,False,False,False,False,False,False,False,False,False,False,False,1.0,1.0,2,-0.343389199255121,0.6729936040256529,11.023306710848635,247.55807399476996,1.6316940247364814e-05,0.47701582023845496,0.4770147841757329,1,0
552,0.9166666666666666,-0.3551396872075926,0.3333333333333333,-0.10381449776981153,1,0.0,0.0,0.0,0,-0.7049891540130152,0.23760330578512398,2024,2,552.0,1,False,False,False,False,False,False,False,True,False,False,False,False,False,False,False,False,False,False,False,False,False,4.0,4.0,1,0.19550466497031382,-0.3114434923751041,10.578674407719081,198.20948514135242,2.5453064548971696e-05,-0.5604900805875359,-0.5604892173628484,0,0
553,-0.08333333333333333,-0.4244708817894221,-0.3333333333333333,-0.8778268796934393,0,0.0,0.0,0.0,0,-0.06073752711496746,-0.31611570247933884,2023,4,553.0,0,False,False,False,False,False,False,True,False,False,False,False,False,False,False,False,False,False,False,False,False,False,3.0,4.0,0,-0.3142467620995228,2.63348064698076,10.527900756664334,193.24078244511432,2.677878049433629e-05,-0.6779906608232512,-0.6779895826366077,0,0
554,0.5,-0.7082832063449628,-1.0,-0.6328131277233536,1,0.0,0.0,0.0,0,0.19956616052060738,-0.20867768595041322,2022,12,554.0,0,False,False,False,False,False,False,True,False,False,False,False,False,False,False,False,False,False,False,False,False,False,1.0,0.0,0,-0.833634719710669,0.6328131283561668,10.288103485908332,171.40595088852663,3.4035601238895884e-05,-1.2302522182184334,-1.230250604546106,0,0
555,0.5833333333333334,-0.49979058058191866,1.0,0.8474757151539499,0,0.0,0.0,0.0,0,-0.6399132321041214,-0.41115702479338845,2024,1,555.0,2,False,False,False,False,False,False,False,False,False,False,False,True,False,False,False,False,False,False,False,False,False,1.0,2.0,0,0.6097883597883598,0.8474757143064742,10.469653271335284,187.69389974104112,2.838489923360772e-05,-0.8125426423630571,-0.8125413492453925,0,1
556,1.0833333333333333,0.0,0.6666666666666666,1.110870752083398,1,0.0,0.0,0.0,1,-0.7830802603036876,0.047520661157024795,2024,3,556.0,0,False,False,False,True,False,False,False,False,False,False,False,False,False,False,False,False,False,False,False,False,False,4.0,0.0,1,0.37388483373884834,1.666306125625638,10.804684950962628,221.92341021172146,2.030415626078658e-05,-0.03503730162965734,-0.03503751246862067,1,0
557,0.25,2.2883215256427394,0.0,0.5836542126353308,1,0.0,0.0,0.0,0,-0.0368763557483731,0.5929752066115702,2023,4,557.0,0,False,False,False,False,False,False,False,False,False,False,False,False,True,False,False,False,False,False,False,False,False,1.0,4.0,3,0.0,0.0,11.639091046491234,336.8174579798381,8.814688797412007e-06,1.939507683898465,1.93950898595997,2,0
558,-0.75,-0.5280577462906029,0.0,0.14474695344932373,0,0.0,0.0,0.0,0,-0.48156182212581344,0.390495867768595,2023,10,558.0,2,True,False,False,False,False,False,False,False,False,False,False,False,False,False,False,False,False,False,False,False,False,2.0,2.0,0,0.0,0.0,10.446886846733607,185.5693940282179,2.9038534134796877e-05,-0.8650622645994036,-0.8650608991218943,0,0
559,-0.3333333333333333,1.1840484783674197,1.0,0.41229127393718407,1,0.0,0.0,0.0,0,0.026030368763557483,0.35330578512396693,2023,3,559.0,1,False,False,False,False,False,False,False,False,False,False,False,False,False,False,False,True,False,False,False,False,False,3.0,3.0,3,0.9746300211416491,0.41229127352489275,11.320165618290458,287.1706809547242,1.212591550662075e-05,1.1783125045948428,1.1783114685447946,1,1
560,-0.5833333333333334,-0.4273581963195651,0.6666666666666666,0.012517898163313704,1,0.0,0.0,0.0,0,0.3600867678958785,0.8946280991735537,2022,10,560.0,0,False,False,False,False,False,False,False,False,False,False,False,True,False,False,False,False,False,False,False,False,False,3.0,0.0,0,0.4901648059542796,0.01877684721680529,10.525729319580298,193.03108557949935,2.683699210992432e-05,-0.6830113782970046,-0.6830102914267419,0,0
561,0.5,0.20913425121418705,-0.6666666666666666,-0.5928221926923988,1,0.0,0.0,0.0,0,0.4945770065075922,-0.6301652892561983,2022,8,561.0,1,False,False,False,False,True,False,False,False,False,False,False,False,False,False,False,False,False,False,False,False,False,0.0,4.0,2,-0.44605708756652146,0.8892332903724481,10.917231620558995,234.7701003109212,1.8142893428644e-05,0.22810227512110168,0.22810158278609524,1,0
562,-0.16666666666666666,0.4244352359310253,-0.3333333333333333,0.036356706531928316,1,0.0,0.0,0.0,0,0.6160520607375272,-0.8037190082644629,2022,6,562.0,0,False,False,False,False,False,False,False,False,False,False,False,False,False,False,True,False,False,False,False,False,False,0.0,0.0,2,-0.20626398210290825,-0.10907011992299533,11.021215958396468,247.29941366691511,1.6351090617744204e-05,0.472101202017202,0.4721001713767544,1,0
563,-0.16666666666666666,-0.3407031145568774,-0.6666666666666666,-0.3002379554374362,0,0.0,0.0,0.0,0,0.16919739696312364,0.8367768595041323,2023,1,563.0,0,False,False,False,False,False,False,False,False,False,False,False,False,False,False,True,False,False,False,False,False,False,2.0,3.0,1,-0.5701917130488559,0.45035693383168973,10.58893012871052,199.2285120157253,2.5193359030559546e-05,-0.5367321131103993,-0.5367312956995584,0,0
564,0.5833333333333334,0.5463440716481753,-0.3333333333333333,-0.5894063475385518,1,0.0,0.0,0.0,0,-0.4403470715835141,0.6012396694214877,2023,10,564.0,2,False,True,False,False,False,False,False,False,False,False,False,False,False,False,False,False,False,False,False,False,False,0.0,2.0,2,-0.23142570281124497,1.7682190479203128,11.075629074492353,254.120050369899,1.5485149741398e-05,0.6001187062349927,0.6001175550821716,1,0
565,0.0,-0.03878269393574834,0.3333333333333333,0.1989451672383779,1,0.0,0.0,0.0,0,0.0455531453362256,-0.4318181818181818,2023,2,565.0,1,False,False,True,False,False,False,False,False,False,False,False,False,False,False,False,False,False,False,False,False,False,4.0,3.0,1,0.3188105117565698,0.5968354999246273,10.782346370401418,219.45842430856922,2.0762826235907232e-05,-0.08714873536400339,-0.08714884154562172,0,0
566,0.5,1.4221271665998307,0.0,0.5128650452733398,1,0.0,0.0,0.0,0,0.29718004338394793,-0.9648760330578512,2022,11,566.0,1,False,False,False,False,False,False,False,False,False,True,False,False,False,False,False,False,False,False,False,False,False,4.0,3.0,3,0.0,0.0,11.398041971575326,298.573274088623,1.1217427395201185e-05,1.3634381951115517,1.363437472605952,2,0
567,0.25,1.8896225994742235,1.3333333333333333,2.4585674876644252,1,0.0,0.0,0.0,0,-0.8785249457700651,-0.18388429752066116,2024,4,567.0,2,False,False,False,False,False,False,True,False,False,False,False,False,False,False,False,False,False,False,False,False,False,3.0,0.0,3,0.7097767513471901,1.8439256143653746,11.535293426432174,319.7827387461681,9.778803465607948e-06,1.6908803923207862,1.6908806140285633,2,1
568,0.3333333333333333,0.0,1.0,2.4585674876644252,1,0.0,0.0,0.0,1,0.5574837310195228,-0.6962809917355371,2022,7,568.0,2,False,False,False,False,False,False,False,False,False,False,True,False,False,False,False,False,False,False,False,False,False,2.0,1.0,1,0.6420612813370474,2.4585674852058577,10.804684950962628,221.92341021172146,2.030415626078658e-05,-0.03503730162965734,-0.03503751246862067,1,1
569,-0.3333333333333333,-0.6704985964443256,0.6666666666666666,1.628218836593632,1,0.0,0.0,0.0,0,0.735357917570499,-0.38636363636363635,2022,4,569.0,1,False,False,False,False,True,False,False,False,False,False,False,False,False,False,False,False,False,False,False,False,False,4.0,3.0,0,0.38416666666666666,2.442328251226956,10.323545662947193,174.4706279005151,3.2850431983180576e-05,-1.1489052398104773,-1.148903635438899,0,0
570,0.3333333333333333,-0.6523192086619436,0.6666666666666666,1.681988524573277,1,0.0,0.0,0.0,0,-0.5856832971800434,0.6921487603305785,2023,12,570.0,0,True,False,False,False,False,False,False,False,False,False,False,False,False,False,False,False,False,False,False,False,False,3.0,0.0,0,0.4204286365709074,2.5229827830754417,10.340160587768485,175.9261208575918,3.2309133792123036e-05,-1.110737538521991,-1.1107359487041233,0,0
571,0.6666666666666666,0.350505725616005,0.3333333333333333,0.5684168237584599,1,0.0,0.0,0.0,0,0.6919739696312365,1.0764462809917354,2022,5,571.0,1,False,False,False,False,False,True,False,False,False,False,False,False,False,False,False,False,False,False,False,False,False,0.0,1.0,2,0.19700854700854697,1.7052504661596284,10.98671543916049,243.0699487801814,1.6925055852684312e-05,0.39105211888491004,0.39105118614818946,1,0
572,0.3333333333333333,-0.16176090540480328,-0.3333333333333333,-0.23980345498933833,0,0.0,0.0,0.0,0,-0.08893709327548807,-0.1590909090909091,2023,4,572.0,2,False,False,False,False,True,False,False,False,False,False,False,False,False,False,False,False,False,False,False,False,False,3.0,0.0,1,-0.3061088977423639,0.7194103671262462,10.708019566059964,211.45212224047316,2.236486033144723e-05,-0.2602593434007178,-0.26025909126284846,0,0
573,-0.3333333333333333,0.15213652363765984,1.3333333333333333,0.27388361815878126,1,0.0,0.0,0.0,0,-0.9566160520607375,0.42768595041322316,2024,6,573.0,1,False,False,False,False,False,False,True,False,False,False,False,False,False,False,False,False,False,False,False,False,False,2.0,0.0,2,0.6814486326681448,0.2054127134650264,10.887792010023665,231.33957724522625,1.8684953007343186e-05,0.15917571782559606,0.1591751421504548,1,1
574,0.25,0.051650848817003076,-0.3333333333333333,-0.08515714329861847,1,0.0,0.0,0.0,0,0.8676789587852495,0.24586776859504134,2022,2,574.0,1,False,False,True,False,False,False,False,False,False,False,False,False,False,False,False,False,False,False,False,False,False,0.0,1.0,2,-0.178474641889276,0.25547143066226974,10.833681189579275,225.16438439504591,1.972386587771203e-05,0.03266298435816111,0.032662641229123185,1,0
575,0.25,-0.4608296573541862,-0.3333333333333333,-0.27827600770522365,0,0.0,0.0,0.0,0,-0.596529284164859,0.15082644628099173,2023,12,575.0,2,False,False,False,False,False,False,False,False,False,False,False,False,False,True,False,False,False,False,False,False,False,2.0,1.0,0,-0.20878623188405795,0.8348280256201551,10.500206428423052,190.58331511441395,2.7530765630592185e-05,-0.7419972577563589,-0.7419960724977771,0,0
576,-1.1666666666666667,-0.33667513255803594,0.0,-0.34588007457997255,1,0.0,0.0,0.0,0,0.40563991323210413,0.9194214876033058,2022,9,576.0,0,False,False,False,True,False,False,False,False,False,False,False,False,False,False,False,False,False,False,False,False,False,4.0,4.0,1,0.0,0.0,10.591772933679167,199.51190440672957,2.512184092850324e-05,-0.5301451548461299,-0.5301443502544023,0,0
577,-0.9166666666666666,-0.33239762955041663,-0.3333333333333333,-0.14509925110994357,1,0.0,0.0,0.0,0,-0.9501084598698482,0.18801652892561985,2024,5,577.0,2,False,False,False,False,False,False,False,False,False,False,False,True,False,False,False,False,False,False,False,False,False,2.0,4.0,1,-0.17093066370040785,0.435297754635724,10.5947830197326,199.81241202688085,2.5046335721084007e-05,-0.5231699157265961,-0.5231691247623594,0,0
578,0.0,-0.5627055206523192,0.0,-0.5415227087775683,0,0.0,0.0,0.0,0,-0.9414316702819957,-0.2128099173553719,2024,5,578.0,2,False,False,False,False,False,False,False,False,False,True,False,False,False,False,False,False,False,False,False,False,False,1.0,2.0,0,0.0,0.0,10.418255395534743,182.93168123646598,2.9881966233378156e-05,-0.9310553281922683,-0.9310538826923801,0,0
579,0.08333333333333333,-0.8358953794056053,-0.3333333333333333,0.07737981190189235,0,0.0,0.0,0.0,0,0.24511930585683298,-0.11776859504132231,2022,11,579.0,1,False,False,False,False,False,True,False,False,False,False,False,False,False,False,False,False,False,False,False,False,False,0.0,0.0,0,-0.267711962833914,-0.2321394364020954,10.158168529848494,160.6237840420901,3.8758187667144686e-05,-1.527659041288023,-1.5276576953417775,0,0
580,-0.8333333333333334,0.0,2.0,1.4577623948000045,1,0.0,0.0,0.0,1,-0.4642082429501085,0.7871900826446281,2023,10,580.0,1,True,False,False,False,False,False,False,False,False,False,False,False,False,False,False,False,False,False,False,False,False,4.0,0.0,1,1.365925925925926,0.7288811970355616,10.804684950962628,221.92341021172146,2.030415626078658e-05,-0.03503730162965734,-0.03503751246862067,1,1
581,-1.0,-0.04887047186205053,0.6666666666666666,1.7931992129958698,1,0.0,0.0,0.0,0,-0.07809110629067245,0.7128099173553719,2023,4,581.0,0,False,False,False,False,False,True,False,False,False,False,False,False,False,False,False,False,False,False,False,False,False,0.0,2.0,1,0.6183769282360831,2.6897988154591066,10.77645315967191,218.81270529838983,2.0885547201336676e-05,-0.10088995135836702,-0.10089002960577058,0,0
582,-0.3333333333333333,0.2852738047498106,0.0,1.1319282631313288,1,0.0,0.0,0.0,0,0.789587852494577,1.0144628099173554,2022,3,582.0,2,False,False,False,False,False,False,False,False,False,True,False,False,False,False,False,False,False,False,False,False,False,2.0,4.0,2,0.0,0.0,10.955252787971395,239.27599127367543,1.7466028574422747e-05,0.3172208089041569,0.3172199783900171,1,0
583,-0.08333333333333333,0.24046696074499843,0.0,-0.715061240046561,1,0.0,0.0,0.0,0,0.039045553145336226,0.5971074380165289,2023,3,583.0,0,False,False,False,False,False,False,False,False,False,False,False,False,True,False,False,False,False,False,False,False,False,2.0,4.0,2,0.0,0.0,10.933053396853715,236.63473963051158,1.785809954104684e-05,0.26517352244705583,0.2651727707916105,1,0
584,-0.6666666666666666,-0.48891859377088626,0.6666666666666666,1.4326338885626875,1,0.0,0.0,0.0,0,0.21258134490238612,0.40702479338842973,2022,12,584.0,2,False,False,False,False,False,False,False,False,False,False,True,False,False,False,False,False,False,False,False,False,False,4.0,2.0,0,0.5497912939773405,2.1489508296206052,10.478273405260996,188.50464185266102,2.8141269171239623e-05,-0.792646547932224,-0.7926452840593535,0,0
585,-0.3333333333333333,-0.49055830325714034,0.3333333333333333,0.13959434263522785,0,0.0,0.0,0.0,0,-0.39045553145336226,-0.4731404958677686,2023,9,585.0,0,False,False,False,False,False,False,False,False,False,False,False,False,False,True,False,False,False,False,False,False,False,0.0,4.0,0,0.23972958918356735,0.4187830266493345,10.476978068292311,188.38258942906586,2.817774521682775e-05,-0.7956366744921716,-0.795635406162935,0,0
586,0.3333333333333333,-0.23415764380875997,-0.6666666666666666,-0.3863819442298381,1,0.0,0.0,0.0,0,0.9262472885032538,0.11363636363636363,2022,1,586.0,0,False,False,False,False,True,False,False,False,False,False,False,False,False,False,False,False,False,False,False,False,False,3.0,4.0,1,-0.3460960960960961,0.5795729172141165,10.661532564673916,206.59380436015016,2.3429080174312358e-05,-0.36831205148647705,-0.3683115739059938,0,0
587,0.3333333333333333,1.4582007752974202,-0.3333333333333333,0.0430874460479826,1,0.0,0.0,0.0,0,-0.27331887201735355,0.22520661157024793,2023,7,587.0,1,False,True,False,False,False,False,False,False,False,False,False,False,False,False,False,False,False,False,False,False,False,3.0,0.0,3,-0.2617830777967064,-0.12926233853173483,11.40933005725907,300.26321786059646,1.1091516099335619e-05,1.3903118246139587,1.3903111603318938,2,0
588,0.6666666666666666,-0.029514770752573187,-0.6666666666666666,-0.38736878972362143,0,0.0,0.0,0.0,0,-0.30585683297180044,-0.1384297520661157,2023,8,588.0,0,False,False,False,False,False,False,False,False,False,False,False,False,False,False,False,False,False,False,False,False,False,1.0,0.0,1,-0.5105204872646734,0.5810531854570119,10.78773018644139,220.04999431947277,2.065134336988621e-05,-0.07459291796113714,-0.07459304955209903,0,0
589,-0.08333333333333333,-1.1173194314485586,1.0,-0.8496183442009952,1,0.0,0.0,0.0,0,-0.7505422993492408,-0.27479338842975204,2024,2,589.0,1,False,False,False,False,False,False,False,False,False,False,False,True,False,False,False,False,False,False,False,False,False,0.0,0.0,0,0.5712515489467163,-0.8496183433513769,9.792891131194102,133.80956617521784,5.5847202055177036e-05,-2.3568745941585694,-2.3568778996699353,0,1
590,-0.25,0.3205275587042731,-1.0,-0.6893723539046324,0,0.0,0.0,0.0,0,0.25379609544468545,0.1590909090909091,2022,11,590.0,2,False,False,False,False,False,False,False,True,False,False,False,False,False,False,False,False,False,False,False,False,False,1.0,1.0,2,-0.7975778546712803,0.6893723545940047,10.972379192532934,241.3337937380507,1.7169445255223802e-05,0.3574006049048659,0.3573997172946138,1,0
591,-1.1666666666666667,0.7134518558125028,-0.3333333333333333,-0.13250306457760327,1,0.0,0.0,0.0,0,0.0021691973969631237,-0.36983471074380164,2023,3,591.0,2,False,False,False,False,False,False,False,False,False,False,False,False,False,False,False,False,True,False,False,False,False,1.0,1.0,3,-0.3326118326118326,0.3975091949253375,11.145709444293761,263.1824462231476,1.4437097565905351e-05,0.7653387884895914,0.7653375517854069,1,0
592,-1.1666666666666667,2.0415452479615026,-0.6666666666666666,-0.843581898904993,0,0.0,0.0,0.0,0,-0.7310195227765727,-0.6962809917355371,2024,2,592.0,2,False,False,False,False,True,False,False,False,False,False,False,False,False,False,False,False,False,False,False,False,False,4.0,4.0,3,-0.38512949039264827,1.2653728502555488,11.57612559085632,326.3786144954966,9.387555855957342e-06,1.7885834367464912,1.7885840439352911,2,0
593,-0.16666666666666666,0.19918905672147216,0.0,-0.40694294220052124,1,0.0,0.0,0.0,0,0.7635574837310195,-0.7458677685950413,2022,4,593.0,0,False,False,False,False,False,False,False,False,False,False,False,True,False,False,False,False,False,False,False,False,False,3.0,3.0,2,0.0,0.0,10.912156898644932,234.17514812635434,1.823519757836576e-05,0.21621607529868198,0.21621540250828514,1,0
594,-0.3333333333333333,0.29771420933030346,0.6666666666666666,1.6669283146368348,1,0.0,0.0,0.0,0,-0.4229934924078091,-0.6756198347107438,2023,10,594.0,2,True,False,False,False,False,False,False,False,False,False,False,False,False,False,False,False,False,False,False,False,False,2.0,1.0,2,0.46849593495934955,2.5003924682046637,10.961329928661026,240.0041666304983,1.736020693366665e-05,0.3314756006858073,0.3314747495258364,1,0
595,0.16666666666666666,-0.48189635966671124,0.0,-0.5608166713021623,0,0.0,0.0,0.0,0,-0.9674620390455532,0.7789256198347108,2024,6,595.0,0,False,False,False,False,False,False,False,False,False,False,True,False,False,False,False,False,False,False,False,False,False,2.0,2.0,0,0.0,0.0,10.48380192482173,189.02645317521038,2.7986118885033023e-05,-0.7798831876463893,-0.7798819430335535,0,0
596,1.25,0.9670364924475338,1.3333333333333333,2.004013309022735,1,0.0,0.0,0.0,0,-0.2559652928416486,0.03925619834710744,2023,7,596.0,2,False,False,False,False,True,False,False,False,False,False,False,False,False,False,False,False,False,False,False,False,False,0.0,0.0,3,1.061600460564191,1.5030099806397939,11.243476160779506,276.36750894415934,1.3092432573972244e-05,0.9964770626899576,0.9964758588760158,1,1
597,0.8333333333333334,-0.6847569398030566,-0.6666666666666666,-0.7758995436612174,0,0.0,0.0,0.0,0,0.3318872017353579,-0.5599173553719008,2022,10,597.0,1,False,False,False,False,False,False,True,False,False,False,False,False,False,False,False,False,False,False,False,False,False,3.0,0.0,0,-0.500542888165038,1.1638493172376,10.310318394272075,173.32051234634636,3.328783995206551e-05,-1.179275737093185,-1.179274125682289,0,0
598,0.75,-0.33902775921222655,0.0,-0.506777094471399,0,0.0,0.0,0.0,0,0.3123644251626898,0.8533057851239669,2022,10,598.0,2,False,False,False,False,False,False,False,False,False,False,True,False,False,False,False,False,False,False,False,False,False,0.0,4.0,1,0.0,0.0,10.590113516105808,199.346432122574,2.5163563160543534e-05,-0.5339902057349293,-0.5339893936542427,0,0
599,0.0,-0.05100922336586018,1.3333333333333333,1.5032520576449624,1,0.0,0.0,0.0,0,-0.05422993492407809,0.20454545454545456,2023,4,599.0,0,False,False,False,False,False,False,False,True,False,False,False,False,False,False,False,False,False,False,False,False,False,2.0,2.0,1,1.2647462277091908,1.1274390423881424,10.775199241012317,218.6755587622906,2.0911752404851527e-05,-0.10381336893489676,-0.10381344122324657,0,1
600,-0.6666666666666666,2.080470525330838,1.0,0.31880466021817744,1,0.0,0.0,0.0,0,-0.42733188720173537,-0.3450413223140496,2023,10,600.0,0,False,False,False,False,False,False,False,False,False,False,False,True,False,False,False,False,False,False,False,False,False,2.0,3.0,3,0.7006079027355623,0.31880465989937273,11.586324614539997,328.04725269387643,9.292298542967588e-06,1.813008373643441,1.8130090850078662,2,1
601,-0.75,1.274303791828187,0.0,-0.0931446171595743,1,0.0,0.0,0.0,0,-0.4967462039045553,-0.6921487603305785,2023,11,601.0,2,False,False,False,False,False,False,False,False,False,False,False,False,False,False,False,True,False,False,False,False,False,4.0,4.0,3,0.0,0.0,11.350406535472453,291.5458797513695,1.1764705882352942e-05,1.2501434066533825,1.250142474472895,1,0
602,0.6666666666666666,-0.9144232054538164,-0.6666666666666666,-0.23429236585390978,0,0.0,0.0,0.0,0,0.2299349240780911,-0.03512396694214876,2022,12,602.0,1,False,False,False,False,False,False,False,False,True,False,False,False,False,False,False,False,False,False,False,False,False,2.0,1.0,0,-0.5420340975896532,0.3514385493080225,10.068917241659864,153.6131504787269,4.237647258242224e-05,-1.7312008030504584,-1.7311999816808705,0,0
603,0.08333333333333333,1.3301964977944125,1.3333333333333333,0.18682489158091015,1,0.0,0.0,0.0,0,-0.4945770065075922,0.9896694214876033,2023,11,603.0,2,False,False,False,False,False,False,False,False,False,False,True,False,False,False,False,False,False,False,False,False,False,0.0,3.0,3,0.8921141751330429,0.1401186685805936,11.368685511251485,294.22270476630456,1.1551612605119674e-05,1.2935963526403143,1.2935954941315884,2,1
604,0.4166666666666667,0.43905003787372454,-0.3333333333333333,-0.1571577201602851,1,0.0,0.0,0.0,0,0.04772234273318872,-0.3409090909090909,2023,2,604.0,2,False,False,False,False,False,False,False,False,False,True,False,False,False,False,False,False,False,False,False,False,False,1.0,4.0,2,-0.31815044858523117,0.47147316189527483,11.027897534025378,248.12698361927508,1.6242203742203743e-05,0.48780842009426734,0.4878073723382726,1,0
605,-0.5,0.358561689613688,-0.6666666666666666,0.05481421964007961,1,0.0,0.0,0.0,0,-0.29718004338394793,0.3119834710743802,2023,8,605.0,2,False,False,False,False,False,False,False,False,False,False,False,False,False,False,True,False,False,False,False,False,False,3.0,3.0,2,-0.5139353400222965,-0.08222132958345141,10.990533204832772,243.53439182177124,1.686056314280897e-05,0.4000162818821065,0.40001533755419777,1,0
606,0.3333333333333333,-0.12607940114957894,0.6666666666666666,0.6253468895824965,1,0.0,0.0,0.0,0,-0.1301518438177874,0.01859504132231405,2023,5,606.0,1,False,False,False,False,False,False,False,False,False,False,False,False,True,False,False,False,False,False,False,False,False,2.0,0.0,1,0.5898912348048625,0.9380203329667144,10.730159875701064,213.80598681982693,2.1875136719604496e-05,-0.20873834556817347,-0.20873820109782046,0,0
607,-0.16666666666666666,-0.8740364478902107,0.6666666666666666,0.35581033612493185,0,0.0,0.0,0.0,0,0.5683297180043384,0.9772727272727273,2022,7,607.0,0,False,False,False,False,False,False,False,False,False,False,False,False,True,False,False,False,False,False,False,False,False,2.0,3.0,0,0.42508068234209306,0.5337155033868246,10.115812796414458,157.25775020646836,4.0435081476689173e-05,-1.6243287445995953,-1.6243276082603477,0,0
608,-0.9166666666666666,-0.8237044958338903,-0.3333333333333333,-0.7758130144112406,1,0.0,0.0,0.0,0,-0.6377440347071583,-0.3202479338842975,2024,1,608.0,2,False,False,False,False,True,False,False,False,False,False,False,False,False,False,False,False,False,False,False,False,False,0.0,1.0,0,-0.20353200883002207,2.3274390502160394,10.17133674723419,161.68487869927725,3.82511570975022e-05,-1.4975770332021332,-1.4975756355036354,0,0
609,-1.1666666666666667,-0.32922514815309895,1.0,1.2539427464795987,1,0.0,0.0,0.0,0,-0.19088937093275488,0.15495867768595042,2023,6,609.0,1,False,False,False,False,False,False,False,False,False,False,False,False,False,True,False,False,False,False,False,False,False,3.0,3.0,1,0.8397085610200364,1.2539427452256557,10.597009662801147,200.03499693803582,2.4990628514307134e-05,-0.5180096902442897,-0.5180089093955849,0,1
610,0.16666666666666666,0.3832999153410863,-0.6666666666666666,-0.7432553539973423,0,0.0,0.0,0.0,0,0.3080260303687636,0.3119834710743802,2022,10,610.0,2,False,False,False,False,True,False,False,False,False,False,False,False,False,False,False,False,False,False,False,False,False,1.0,3.0,2,-0.509673852957435,1.114883032668338,11.00216650564878,244.95509792613012,1.666555562962469e-05,0.42733845369528,0.4273374751872765,1,0
611,-0.16666666666666666,0.1227999821770708,0.0,0.061205022816939125,1,0.0,0.0,0.0,0,0.24295010845986983,-0.030991735537190084,2022,11,611.0,1,True,False,False,False,False,False,False,False,False,False,False,False,False,False,False,False,False,False,False,False,False,2.0,0.0,2,0.0,0.0,10.872294830320529,229.5539152356152,1.8976772430545012e-05,0.12291953426740651,0.12291902298782756,1,0
612,0.5,0.11973443835494363,-0.3333333333333333,0.21745006541199263,1,0.0,0.0,0.0,0,0.7592190889370932,-0.7417355371900827,2022,4,612.0,2,False,False,False,False,True,False,False,False,False,False,False,False,False,False,False,False,False,False,False,False,False,1.0,1.0,2,-0.18947801068639541,-0.6523501981930285,10.870661494724853,229.36651891677653,1.9007793195210037e-05,0.11909937993311932,0.11909887555117739,1,0
613,-0.25,0.3605935035423072,-0.6666666666666666,-0.16361445038474612,0,0.0,0.0,0.0,0,0.21691973969631237,0.2128099173553719,2022,12,613.0,2,False,False,False,False,False,False,False,False,True,False,False,False,False,False,False,False,False,False,False,False,False,4.0,1.0,2,-0.5478312537136066,0.2454216759452517,10.991493795417014,243.65139031000828,1.6844374821028517e-05,0.4022719404910574,0.40227099327547544,1,0
614,-0.75,-0.9736309762509469,0.0,0.19181268477600272,1,0.0,0.0,0.0,0,0.7006507592190889,0.9194214876033058,2022,5,614.0,0,False,False,True,False,False,False,False,False,False,False,False,False,False,False,False,False,False,False,False,False,False,2.0,1.0,0,0.0,0.0,9.995929987925688,148.10806865258894,4.558508456033186e-05,-1.8972024080240009,-1.8972022712417187,0,0
615,-0.16666666666666666,-0.0800605979592746,0.0,-0.22688381387970372,1,0.0,0.0,0.0,0,0.4793926247288503,0.26239669421487605,2022,8,615.0,2,False,False,False,False,False,False,False,False,False,False,False,False,False,False,False,True,False,False,False,False,False,1.0,1.0,1,0.0,0.0,10.75800925801265,216.8040590025934,2.1274332517817253e-05,-0.14387821779633345,-0.14387820790829603,0,0
616,0.0,-0.19822661854475784,2.0,1.8074909607837082,1,0.0,0.0,0.0,0,0.8524945770065075,-0.5929752066115702,2022,2,616.0,2,False,False,False,False,False,False,False,False,True,False,False,False,False,False,False,False,False,False,False,False,False,0.0,1.0,1,1.079625292740047,0.9037454799399813,10.684874521945481,209.0191378797645,2.2888532845044633e-05,-0.3140777667912097,-0.31407740209686835,0,1
617,-0.16666666666666666,1.243719645323709,0.6666666666666666,0.6334023507112913,1,0.0,0.0,0.0,0,0.6030368763557483,0.44008264462809915,2022,6,617.0,2,False,False,False,True,False,False,False,False,False,False,False,False,False,False,False,False,False,False,False,False,False,3.0,0.0,3,0.41587731168245373,0.9501035246417817,11.34026112676931,290.0706810417075,1.1884671151149247e-05,1.2260370668651903,1.226036097362739,1,0
618,0.5833333333333334,-0.9657175956868511,-0.6666666666666666,-0.4829588883051598,1,0.0,0.0,0.0,0,-0.7440347071583514,-0.34917355371900827,2024,2,618.0,2,False,False,True,False,False,False,False,False,False,False,False,False,False,False,False,False,False,False,False,False,False,3.0,3.0,0,-0.38225538971807627,0.7244383335443972,10.005999013489205,148.85563476066332,4.512839027031906e-05,-1.8743254951074673,-1.8743252487387723,0,0
619,0.3333333333333333,-0.5709753598003832,1.0,1.8836367007633117,0,0.0,0.0,0.0,0,-0.2039045553145336,-0.5392561983471075,2023,6,619.0,2,True,False,False,False,False,False,False,False,False,False,False,False,False,False,False,False,False,False,False,False,False,3.0,2.0,0,0.8306306306306307,1.8836366988796749,10.411298637141247,182.29646184169346,3.0090572623597026e-05,-0.9470805618456067,-0.9470790989041951,0,1
620,1.25,1.0733680880452703,0.0,-0.3186975287658251,1,0.0,0.0,0.0,0,0.38611713665943603,0.13016528925619836,2022,9,620.0,2,False,False,True,False,False,False,False,False,False,False,False,False,False,False,False,False,False,False,False,False,False,1.0,2.0,3,0.0,0.0,11.281787543663615,281.71261952564356,1.260033012864937e-05,1.087257644825462,1.087256508175388,1,0
621,-0.75,-1.120121195918549,-0.3333333333333333,0.25536635866374124,1,0.0,0.0,0.0,0,0.5314533622559653,-0.981404958677686,2022,7,621.0,1,False,False,False,False,False,False,False,False,False,False,False,False,True,False,False,False,False,False,False,False,False,1.0,1.0,0,-0.21765816808309726,-0.7660990782895211,9.788413344690662,133.51029922818688,5.609783462358353e-05,-2.3669771285511354,-2.3669805400301422,0,0
622,-0.5833333333333334,-0.17623312391391524,-1.0,-0.8468452877612618,1,0.0,0.0,0.0,0,0.9370932754880694,0.36983471074380164,2022,1,622.0,2,False,False,False,False,False,False,False,False,False,False,False,True,False,False,False,False,False,False,False,False,False,4.0,4.0,1,-0.5162374020156775,0.846845288608107,10.69889795709442,210.48990474604713,2.2569797097524094e-05,-0.28147448097694433,-0.2814741844466142,0,0
623,0.3333333333333333,-0.27860802922960387,0.0,-0.2159749477219114,1,0.0,0.0,0.0,0,0.8980477223427332,0.7789256198347108,2022,1,623.0,0,False,False,False,False,False,False,False,False,False,False,False,False,False,False,True,False,False,False,False,False,False,1.0,3.0,1,0.0,0.0,10.631881213283142,203.55343278854326,2.4134186074574636e-05,-0.4371452203555863,-0.4371446013213573,0,0
624,-1.1666666666666667,0.0,-0.6666666666666666,-0.6268961752011291,1,0.0,0.0,0.0,1,-0.7787418655097614,0.737603305785124,2024,3,624.0,2,False,False,False,False,False,False,False,False,False,False,False,False,False,False,False,False,True,False,False,False,False,3.0,2.0,1,-0.3747967479674797,0.94034426421221,10.804684950962628,221.92341021172146,2.030415626078658e-05,-0.03503730162965734,-0.03503751246862067,1,0
625,0.8333333333333334,0.06965200730740097,0.6666666666666666,0.15560637432141497,1,0.0,0.0,0.0,0,0.8156182212581344,1.0681818181818181,2022,3,625.0,0,False,False,False,True,False,False,False,False,False,False,False,False,False,False,False,False,False,False,False,False,False,1.0,2.0,2,0.36718438868976505,0.23340956113200814,10.843592462509537,226.2830086418333,1.9529342837613515e-05,0.05581878150954916,0.05581839426379497,1,0
626,0.6666666666666666,-1.0846321792986677,0.0,0.34915170431719167,1,0.0,0.0,0.0,0,-0.6052060737527115,0.8326446280991735,2023,12,626.0,1,False,False,False,False,False,False,False,False,True,False,False,False,False,False,False,False,False,False,False,False,False,0.0,0.0,0,0.0,0.0,9.842834805324179,137.19329429676947,5.312649418264889e-05,-2.2440922268839287,-2.244094446031735,0,0
627,0.0,-1.0404313148866016,0.0,-0.26678203899996905,0,0.0,0.0,0.0,0,-0.7657266811279827,-0.5557851239669421,2024,3,627.0,2,False,False,False,False,False,False,False,False,False,False,True,False,False,False,False,False,False,False,False,False,False,1.0,2.0,0,0.0,0.0,9.9066326016802,141.6403897198818,4.984299456711359e-05,-2.0997513653590207,-2.099752435804341,0,0
628,-1.1666666666666667,-0.2793565922559373,0.0,0.33569228550532065,0,0.0,0.0,0.0,0,0.6442516268980477,0.6425619834710744,2022,5,628.0,1,False,False,False,False,True,False,False,False,False,False,False,False,False,False,False,False,False,False,False,False,False,0.0,4.0,1,0.0,0.0,10.63137426689997,203.5018427434995,2.4146423914618244e-05,-0.438321463492089,-0.4383208420655871,0,0
629,0.5833333333333334,-0.13827028472129393,0.0,-0.04904560297495792,1,0.0,0.0,0.0,0,-0.9739696312364425,-0.7995867768595041,2024,6,629.0,2,False,False,False,False,False,False,False,False,False,False,False,True,False,False,False,False,False,False,False,False,False,2.0,1.0,1,0.0,0.0,10.722650453678932,213.00469478394132,2.2040024684827647e-05,-0.22621719841262594,-0.22621701745922687,0,0
630,0.0,-0.30644744463752616,0.6666666666666666,0.18134676596928223,0,0.0,0.0,0.0,0,0.32537960954446854,-0.3987603305785124,2022,10,630.0,0,False,False,False,False,False,False,False,False,False,False,False,False,False,False,False,False,True,False,False,False,False,3.0,2.0,1,0.503000545553737,0.2720201485458931,10.612852511118907,201.62589119455865,2.4597825552221184e-05,-0.4812829767259314,-0.48128226865166124,0,0
631,-1.0,0.7058236421155817,0.6666666666666666,-0.3205908711641274,1,0.0,0.0,0.0,0,0.648590021691974,1.0103305785123966,2022,5,631.0,1,False,False,False,False,False,False,False,False,False,False,True,False,False,False,False,False,False,False,False,False,False,2.0,0.0,3,0.4043859649122807,-0.48088630602486165,11.142615122936439,262.7755696407107,1.4481839772924753e-05,0.7580355349485036,0.7580343002171934,1,0
632,-0.8333333333333334,0.8568907900013367,0.3333333333333333,0.833977152157566,1,0.0,0.0,0.0,0,-0.5379609544468547,-0.878099173553719,2023,11,632.0,1,False,False,False,False,False,False,False,False,False,False,False,False,False,True,False,False,False,False,False,False,False,2.0,4.0,3,0.2167371885284438,2.5019314489669036,11.202179452919896,270.7194119378956,1.3644426251876108e-05,0.8987522955657764,0.8987510545735811,1,0
633,1.4166666666666667,-0.30234817092189104,0.3333333333333333,0.7223358777053269,0,0.0,0.0,0.0,0,0.7874186550976139,1.0764462809917354,2022,3,633.0,2,False,False,False,False,False,False,False,False,False,False,False,False,False,True,False,False,False,False,False,False,False,4.0,1.0,1,0.18648867313915857,2.167007626614958,10.615677267673389,201.9108714259834,2.4528440727022985e-05,-0.47473262116613557,-0.47473192620487575,0,0
634,-0.25,0.3718932406541015,0.3333333333333333,-0.30652162716194353,1,0.0,0.0,0.0,0,0.6420824295010846,0.8367768595041323,2022,5,634.0,2,False,False,False,False,False,False,False,False,False,False,True,False,False,False,False,False,False,False,False,False,False,4.0,0.0,2,0.2029942756494936,-0.919564878727136,10.996819256760313,244.3010437963784,1.67549091883922e-05,0.4147784972591959,0.4147775342466924,1,0
635,-0.5,-0.5213206790536025,-0.3333333333333333,0.09548914778989889,1,0.0,0.0,0.0,0,-0.09327548806941431,-0.7458677685950413,2023,5,635.0,2,False,False,False,False,True,False,False,False,False,False,False,False,False,False,False,False,False,False,False,False,False,0.0,0.0,0,-0.3048941798941799,-0.28646744422909903,10.452360123939021,186.07794065928394,2.8880032345636228e-05,-0.8524396567750627,-0.8524383080217666,0,0
636,0.75,0.38526043755291184,1.0,0.14027421531361703,1,0.0,0.0,0.0,0,-0.7982646420824295,-0.3450413223140496,2024,3,636.0,2,False,False,False,True,False,False,False,False,False,False,False,False,False,False,False,False,False,False,False,False,False,3.0,4.0,2,0.5560916767189384,0.1402742151733428,11.003082691382058,245.0673376849718,1.665029387768694e-05,0.4294906732417224,0.4294896921159901,1,1
637,0.5833333333333334,-0.6662210934367063,-0.3333333333333333,0.06852910576140593,0,0.0,0.0,0.0,0,0.004338394793926247,0.6756198347107438,2023,3,637.0,1,True,False,False,False,False,False,False,False,False,False,False,False,False,False,False,False,False,False,False,False,False,4.0,4.0,0,-0.33189344852411806,-0.20558731790097978,10.327479965258176,174.81418706729727,3.2721442361179283e-05,-1.139869294191465,-1.1398676927015947,0,0
638,0.25,-0.6352448424898632,-0.3333333333333333,0.07663401217590167,0,0.0,0.0,0.0,0,-0.06724511930585683,-0.29545454545454547,2023,4,638.0,2,False,False,False,False,False,False,False,True,False,False,False,False,False,False,False,False,False,False,False,False,False,0.0,1.0,0,-0.31233062330623307,-0.22990203721741115,10.355518129791614,177.28226081590904,3.181673560292714e-05,-1.0754394944249042,-1.0754379234535707,0,0
639,0.0,-0.30773069553981197,-1.0,-0.9508699279953028,0,0.0,0.0,0.0,0,-0.3275488069414317,0.9276859504132231,2023,8,639.0,2,False,False,False,False,False,False,False,False,False,False,False,False,False,True,False,False,False,False,False,False,False,3.0,2.0,1,-0.7532679738562091,0.9508699289461727,10.611966597093055,201.5365971728212,2.461962676645822e-05,-0.4833372044298978,-0.4833364922511828,0,0
640,-0.75,2.374406273671078,0.3333333333333333,0.3962359776260084,1,0.0,0.0,0.0,0,-0.004338394793926247,0.5351239669421488,2023,3,640.0,2,False,False,False,False,False,False,False,False,False,False,False,False,False,False,True,False,False,False,False,False,False,1.0,0.0,3,0.33189344852411806,1.1887079293119014,11.66015510671464,340.3836071258427,8.630957518427095e-06,1.9900676295685928,1.9900691921460096,2,0
641,0.75,0.001711001203047721,-1.0,-0.3522605766556445,0,0.0,0.0,0.0,0,-0.6008676789587852,0.20041322314049587,2023,12,641.0,1,False,False,False,False,False,False,False,True,False,False,False,False,False,False,False,False,False,False,False,False,False,4.0,4.0,2,-0.6246612466124661,0.35226057700790503,10.8056590758494,222.03152929257593,2.0284387107243556e-05,-0.032763980788414,-0.03276419614178804,1,0
642,-1.1666666666666667,1.058289889943412,0.3333333333333333,0.6549192908721944,1,0.0,0.0,0.0,0,0.4924078091106291,0.4194214876033058,2022,8,642.0,0,False,False,False,False,False,False,False,False,False,False,False,False,False,False,True,False,False,False,False,False,False,2.0,0.0,3,0.22335271317829455,1.9647578667223093,11.276443349216837,280.9608513654527,1.2667848999239928e-05,1.0745873751269657,1.0745862271524915,1,0
643,0.25,0.5736487991801452,-0.3333333333333333,0.18001174325535402,1,0.0,0.0,0.0,0,-0.4772234273318872,-0.9483471074380165,2023,10,643.0,1,False,False,False,False,False,False,False,False,False,False,False,False,True,False,False,False,False,False,False,False,False,1.0,4.0,2,-0.2256485560450318,-0.5400352313861678,11.087420901524338,255.62276893891905,1.530362389813908e-05,0.6278918961207741,0.6278907248113045,1,0
644,-0.5833333333333334,-0.487314530143029,-0.3333333333333333,-0.5478475849068265,0,0.0,0.0,0.0,0,0.561822125813449,-0.022727272727272728,2022,7,644.0,1,False,False,False,False,False,False,False,False,False,False,False,True,False,False,False,False,False,False,False,False,False,2.0,2.0,0,-0.2134259259259259,1.643542759651108,10.479538961219825,188.62396454321492,2.810567734682406e-05,-0.789725042554112,-0.7897237830559278,0,0
645,0.9166666666666666,0.6018446731720358,-0.6666666666666666,0.020313771542177936,0,0.0,0.0,0.0,0,0.049891540130151846,0.9772727272727273,2023,2,645.0,2,False,False,True,False,False,False,False,False,False,False,False,False,False,False,False,False,False,False,False,False,False,1.0,2.0,3,-0.6349862258953167,-0.03047065735897289,11.099453386460148,257.1653164794973,1.5120586678763136e-05,0.6562431550047173,0.6562419654518399,1,0
646,-0.5,0.2328743929064742,0.0,-0.41820822645940847,1,0.0,0.0,0.0,0,-0.07158351409978309,0.10950413223140495,2023,4,646.0,0,True,False,False,False,False,False,False,False,False,False,False,False,False,False,False,False,False,False,False,False,False,1.0,0.0,2,0.0,0.0,10.929242368900846,236.18425010995122,1.7926287107414314e-05,0.2562422984702055,0.2562415608743957,1,0
647,1.0833333333333333,1.2030477208929287,0.3333333333333333,0.3650772067534021,1,0.0,0.0,0.0,0,0.19956616052060738,0.14669421487603307,2022,12,647.0,2,False,False,False,False,False,False,False,False,False,False,False,False,True,False,False,False,False,False,False,False,False,3.0,0.0,3,0.27787823990355637,1.0952316169745115,11.326607934898927,288.09720581775866,1.204804761388417e-05,1.193608799108219,1.1936077833346197,1,0
648,-1.1666666666666667,1.6816646615871318,-0.6666666666666666,-0.467395984630757,0,0.0,0.0,0.0,0,-0.5813449023861171,0.96900826446281,2023,12,648.0,2,False,False,False,True,False,False,False,False,False,False,False,False,False,False,False,False,False,False,False,False,False,3.0,4.0,3,-0.42158207590306357,0.7010939779977765,11.47655189485587,310.5269714533667,1.0370431824781185e-05,1.5505568213849015,1.5505565745994745,2,0
649,0.25,1.0713006282582542,1.0,0.8554302254911051,1,0.0,0.0,0.0,0,0.9023861171366594,-0.378099173553719,2022,1,649.0,0,False,False,False,False,False,False,True,False,False,False,False,False,False,False,False,False,False,False,False,False,False,0.0,4.0,3,0.5256556442417332,0.8554302246356749,11.28105645733766,281.60965892525775,1.2609545425887397e-05,1.0855242174854718,1.0855230792481438,1,1
650,-0.5833333333333334,-0.29539722853450967,1.0,1.4211955458038465,0,0.0,0.0,0.0,0,-0.6789587852494577,-0.6632231404958677,2024,1,650.0,1,False,False,False,False,True,False,False,False,False,False,False,False,False,False,False,False,False,False,False,False,False,0.0,4.0,1,0.5956072351421189,1.421195544382651,10.620448911195329,202.39318170333704,2.441167854701689e-05,-0.46366621012353876,-0.46366553739977484,0,1
651,1.0833333333333333,-0.33460767277101994,0.3333333333333333,-0.7921938255199481,0,0.0,0.0,0.0,0,-0.8633405639913232,-0.6590909090909091,2024,4,651.0,2,False,False,False,False,False,False,False,False,False,True,False,False,False,False,False,False,False,False,False,False,False,0.0,0.0,1,0.17889018238261545,-2.3765814694301,10.593228939961241,199.65720623107998,2.5085289985952238e-05,-0.5267712549382289,-0.5267704569313879,0,0
652,1.9166666666666667,-0.44671389742904244,-0.6666666666666666,-0.4111169484017841,0,0.0,0.0,0.0,0,0.8459869848156182,-0.6301652892561983,2022,2,652.0,2,False,False,False,False,False,False,False,True,False,False,False,False,False,False,False,False,False,False,False,False,False,4.0,0.0,0,-0.36114375244810026,0.6166754235276892,10.511049611248131,191.61941446523628,2.723385713118549e-05,-0.7169437373540699,-0.716942593039862,0,0
653,-0.6666666666666666,-0.8852292474268146,-0.3333333333333333,-0.11671147645683315,1,0.0,0.0,0.0,0,-0.8091106290672451,-0.03512396694214876,2024,3,653.0,2,False,False,False,False,False,False,False,False,False,False,False,False,True,False,False,False,False,False,False,False,False,3.0,2.0,0,-0.18425259792166268,0.3501344304209028,10.10303488999515,156.25619987699687,4.095507228570259e-05,-1.6534653521227811,-1.6534642926228351,0,0
654,-0.75,0.7885220335962215,1.3333333333333333,1.6158492742874218,1,0.0,0.0,0.0,0,-0.8199566160520607,-0.7747933884297521,2024,4,654.0,2,False,False,False,False,False,False,False,False,False,True,False,False,False,False,False,False,False,False,False,False,False,2.0,0.0,3,0.7326181962653953,1.211886954806651,11.175660914551319,267.1535139203675,1.4011096788656617e-05,0.836069527782703,0.8360682811680792,1,1
655,-0.6666666666666666,-1.0531925321926658,-0.6666666666666666,-0.25961865323403066,0,0.0,0.0,0.0,0,-0.5314533622559653,-0.9648760330578512,2023,11,655.0,0,False,False,False,False,False,False,False,False,True,False,False,False,False,False,False,False,False,False,False,False,False,2.0,0.0,0,-0.43531633616619453,0.38942798043518795,9.888627689629104,140.3709371629327,5.074854097944684e-05,-2.1405180913260433,-2.1405194602476416,0,0
656,-0.75,1.2837499443033462,0.6666666666666666,0.691004048332767,1,0.0,0.0,0.0,0,-0.3579175704989154,0.40702479338842973,2023,9,656.0,1,False,False,False,False,False,False,False,False,False,False,False,False,False,False,True,False,False,False,False,False,False,1.0,1.0,3,0.49094781682641103,1.0365060709443914,11.353519332747014,292.0,1.1728141675951446e-05,1.2575413070408719,1.2575403868191148,1,0
657,-0.6666666666666666,-0.07603261596043309,-0.6666666666666666,-0.3759819524707191,1,0.0,0.0,0.0,0,0.7158351409978309,0.4896694214876033,2022,4,657.0,0,False,False,False,False,False,False,True,False,False,False,False,False,False,False,False,False,False,False,False,False,False,3.0,0.0,1,-0.38853771597134423,0.563972929552038,10.76041037260293,217.06450654125837,2.1223311685555414e-05,-0.13828329688209215,-0.1382832985221885,0,0
658,0.4166666666666667,-0.631145568774228,0.0,-0.07063465084417514,1,0.0,0.0,0.0,0,0.3470715835140998,0.6590909090909091,2022,10,658.0,0,True,False,False,False,False,False,False,False,False,False,False,False,False,False,False,False,False,False,False,False,False,1.0,3.0,0,0.0,0.0,10.35917037680491,177.60630619434662,3.1700744967506735e-05,-1.0670424472337052,-1.0670408814782084,0,0
659,0.75,1.8077440627367107,0.3333333333333333,-0.4087888995333601,1,0.0,0.0,0.0,0,0.720173535791757,-0.6797520661157025,2022,4,659.0,1,False,False,False,False,False,False,True,False,False,False,False,False,False,False,False,False,False,False,False,False,False,1.0,3.0,3,0.19377889869693146,-1.2263666949209802,11.512575403705933,316.17083989514276,1.00035012254289e-05,1.6365783147217885,1.6365783434150445,2,0
660,0.0,-0.38650804259680077,-0.3333333333333333,-0.6268858740999412,0,0.0,0.0,0.0,0,0.9197396963123644,0.9152892561983471,2022,1,660.0,0,False,False,False,False,False,False,False,False,False,False,True,False,False,False,False,False,False,False,False,False,False,1.0,3.0,1,-0.17363465160075328,1.8806576279417968,10.556021050210775,195.97703947146462,2.603624244948969e-05,-0.6129391264124225,-0.612938164642708,0,0
661,-0.25,-0.5583923717863031,0.0,0.3693150797820288,1,0.0,0.0,0.0,0,-0.09978308026030369,-0.05991735537190083,2023,5,661.0,2,False,False,True,False,False,False,False,False,False,False,False,False,False,False,False,False,False,False,False,False,False,3.0,2.0,0,0.0,0.0,10.421864592454954,183.26210737629316,2.9774310724706724e-05,-0.9227399028867785,-0.9227384667543479,0,0
662,0.8333333333333334,-0.39980394777881745,0.0,-0.3462467937822553,0,0.0,0.0,0.0,0,0.07158351409978309,-0.8657024793388429,2023,2,662.0,0,False,False,False,False,False,False,False,False,False,False,False,False,False,True,False,False,False,False,False,False,False,2.0,0.0,1,0.0,0.0,10.546262067431401,195.0230755577401,2.6291573550677007e-05,-0.6355217849659291,-0.6355207819966253,0,0
663,-0.25,-0.1740587265517088,0.6666666666666666,-0.3231661464610566,1,0.0,0.0,0.0,0,0.10845986984815618,0.4152892561983471,2023,1,663.0,0,False,False,False,False,False,False,False,False,False,False,False,False,False,True,False,False,False,False,False,False,False,2.0,0.0,1,0.6014350945857795,-0.48474921896446116,10.70027376785556,210.6347549669807,2.2538766678687343e-05,-0.27827501817611167,-0.2782747283401154,0,0
664,1.75,-0.29889052265739874,1.0,1.1537727783100016,0,0.0,0.0,0.0,0,-0.3557483731019523,-0.4772727272727273,2023,8,664.0,2,False,False,False,False,False,False,False,False,False,False,False,False,False,True,False,False,False,False,False,False,False,2.0,2.0,1,0.7376,1.1537727771562287,10.618053700469373,202.1509337104333,2.4470219742573287e-05,-0.4692214104670579,-0.46922072656745106,0,1
665,-1.1666666666666667,0.619596310653656,0.0,0.0972362145513356,1,0.0,0.0,0.0,0,-0.7874186550976139,0.5433884297520661,2024,3,665.0,2,False,False,False,False,False,False,False,False,False,False,False,False,False,False,False,False,True,False,False,False,False,0.0,0.0,3,0.0,0.0,11.10695522930662,258.1317493064346,1.5007578827307791e-05,0.6739249480418974,0.6739237483305985,1,0
666,-0.4166666666666667,0.0,0.0,0.45054956374836486,1,0.0,0.0,0.0,1,0.648590021691974,0.05165289256198347,2022,5,666.0,1,False,False,False,False,False,False,False,False,False,False,False,False,False,False,True,False,False,False,False,False,False,3.0,0.0,1,0.0,0.0,10.804684950962628,221.92341021172146,2.030415626078658e-05,-0.03503730162965734,-0.03503751246862067,1,0
667,0.16666666666666666,0.0,0.0,-0.22828476364123318,1,0.0,0.0,0.0,1,-0.052060737527114966,0.30785123966942146,2023,4,667.0,0,False,False,False,False,False,False,False,False,False,False,False,False,False,False,False,True,False,False,False,False,False,3.0,3.0,1,0.0,0.0,10.804684950962628,221.92341021172146,2.030415626078658e-05,-0.03503730162965734,-0.03503751246862067,1,0
668,0.9166666666666666,-0.3969879249654681,1.6666666666666667,2.4585674876644252,0,0.0,0.0,0.0,0,0.24078091106290672,-0.7293388429752066,2022,11,668.0,1,False,False,False,True,False,False,False,False,False,False,False,False,False,False,False,False,False,False,False,False,False,2.0,1.0,1,1.3432400932400934,1.4751404917135706,10.548336947688322,195.2255106280939,2.623707823896731e-05,-0.6307210474407859,-0.630720053163204,0,1
669,1.5,1.5259635521097892,-0.3333333333333333,-0.006852292510069185,1,0.0,0.0,0.0,0,-0.5856832971800434,-0.20041322314049587,2023,12,669.0,1,False,False,False,False,False,False,False,True,False,False,False,False,False,False,False,False,False,False,False,False,False,2.0,0.0,3,-0.2102143182854537,0.02055687759187819,11.430195817371233,303.4122607937919,1.0862480990658266e-05,1.440013709850171,1.4400131620502907,2,0
670,-0.8333333333333334,-0.1658245332620416,-0.3333333333333333,-0.10624761787035036,0,0.0,0.0,0.0,0,0.9457700650759219,-0.6053719008264463,2022,1,670.0,2,False,False,True,False,False,False,False,False,False,False,False,False,False,False,False,False,False,False,False,False,False,3.0,3.0,1,-0.17131178000743216,0.3187428545672797,10.705466716232126,211.18238562910497,2.2422027399717484e-05,-0.26619743906999765,-0.2661971745066438,0,0
671,-1.1666666666666667,-1.120121195918549,-0.3333333333333333,-0.33797912996899365,1,0.0,0.0,0.0,0,0.4316702819956616,1.0020661157024793,2022,9,671.0,2,False,False,False,False,False,False,False,False,True,False,False,False,False,False,False,False,False,False,False,False,False,2.0,0.0,0,-0.23282828282828283,1.0139373929487934,9.73068058811076,129.71121771072848,5.943183168905266e-05,-2.4970956895455814,-2.4971006014443886,0,0
672,0.16666666666666666,-0.5000044557322996,0.3333333333333333,1.5822821059571273,0,0.0,0.0,0.0,0,-0.21475054229934923,-0.7830578512396694,2023,6,672.0,2,False,False,False,False,False,True,False,False,False,False,False,False,False,False,False,False,False,False,False,False,False,4.0,1.0,0,0.2744047619047619,4.746846303630843,10.46948294743559,187.67791558944808,2.8389734272087213e-05,-0.8129357086678994,-0.8129344149822624,0,0
673,0.5,0.0,-0.6666666666666666,-0.2566416349907805,1,0.0,0.0,0.0,1,-0.527114967462039,0.96900826446281,2023,11,673.0,0,False,False,False,False,False,False,False,False,False,False,False,False,False,True,False,False,False,False,False,False,False,1.0,0.0,1,-0.4365530303030303,0.3849624530636145,10.804684950962628,221.92341021172146,2.030415626078658e-05,-0.03503730162965734,-0.03503751246862067,1,0
674,0.08333333333333333,-0.6713184511874527,0.3333333333333333,0.8864282991851832,1,0.0,0.0,0.0,0,-0.11496746203904555,0.10537190082644628,2023,5,674.0,0,False,False,False,False,False,False,False,False,False,False,True,False,False,False,False,False,False,False,False,False,False,2.0,3.0,0,0.29896238651102464,2.6592848895776946,10.322789817432314,174.40470177148322,3.2875271220987576e-05,-1.150641061016175,-1.1506394561318245,0,0
675,-1.1666666666666667,1.1810185804036895,-0.3333333333333333,0.3017336753298929,1,0.0,0.0,0.0,0,-0.9696312364425163,-0.5599173553719008,2024,6,675.0,1,False,False,False,False,False,False,False,False,False,False,False,False,False,False,True,False,False,False,False,False,False,2.0,1.0,3,-0.16923641703377384,-0.905201028705282,11.319134383932976,287.02264719007803,1.2138426617141886e-05,1.1758643013009766,1.175863262097131,1,0
676,-0.75,-0.36975448915029185,0.3333333333333333,0.07995508719882159,1,0.0,0.0,0.0,0,-0.05422993492407809,0.5392561983471075,2023,4,676.0,2,False,False,False,False,False,False,True,False,False,False,False,False,False,False,False,False,False,False,False,False,False,4.0,2.0,1,0.3161865569272977,0.239865260876869,10.568183816922058,197.17251329736607,2.5721487730850353e-05,-0.5847837402782166,-0.584782830939314,0,0
677,-0.08333333333333333,0.4289979058058192,0.3333333333333333,-0.048788075445265,1,0.0,0.0,0.0,0,0.47288503253796094,0.890495867768595,2022,8,677.0,2,False,False,False,False,False,False,False,False,False,False,False,False,False,False,False,False,True,False,False,False,False,1.0,1.0,2,0.22631320569464897,-0.1463642258967023,11.023306710848635,247.55807399476996,1.6316940247364814e-05,0.47701582023845496,0.4770147841757329,1,0
678,0.9166666666666666,-0.4379093704050261,0.6666666666666666,0.0862037351792907,0,0.0,0.0,0.0,0,-0.351409978308026,0.01859504132231405,2023,8,678.0,1,False,False,False,False,False,False,False,False,False,False,False,False,True,False,False,False,False,False,False,False,False,1.0,4.0,0,0.4933119315141787,0.12930560257497764,10.517753850242626,192.26284092356485,2.7051885516420494e-05,-0.7014488503799005,-0.7014477320225531,0,0
679,0.8333333333333334,-0.39374415185135675,0.6666666666666666,1.7153599719810046,0,0.0,0.0,0.0,0,0.9501084598698482,-0.1012396694214876,2022,1,679.0,0,False,False,True,False,False,False,False,False,False,False,False,False,False,False,False,False,False,False,False,False,False,0.0,1.0,1,0.3418613274008157,2.5730399541119473,10.550721676081666,195.4584354792599,2.6174584478471403e-05,-0.6252029913651205,-0.6252020071230054,0,0
680,1.0,0.0,0.3333333333333333,-0.07750754555662002,0,0.0,0.0,0.0,1,0.7765726681127982,0.1962809917355372,2022,3,680.0,0,True,False,False,False,False,False,False,False,False,False,False,False,False,False,False,False,False,False,False,False,False,2.0,4.0,1,0.1876271876271876,-0.23252263597229217,10.804684950962628,221.92341021172146,2.030415626078658e-05,-0.03503730162965734,-0.03503751246862067,1,0
681,-0.8333333333333334,-0.15705565209642205,0.0,1.05732974855012,1,0.0,0.0,0.0,0,-0.6984815618221258,0.25,2024,2,681.0,0,False,True,False,False,False,False,False,False,False,False,False,False,False,False,False,False,False,False,False,False,False,0.0,0.0,1,0.0,0.0,10.710967378552104,211.76401960673113,2.229902999219534e-05,-0.25340191041867344,-0.2534016726284368,0,0
682,2.0,-0.807236109254556,-0.3333333333333333,0.23436035312174877,0,0.0,0.0,0.0,0,0.10629067245119306,0.9070247933884298,2023,1,682.0,2,False,False,False,False,False,False,False,False,False,False,False,False,False,False,False,False,True,False,False,False,False,0.0,2.0,0,-0.3013071895424837,-0.7030810614744896,10.18885444703047,163.10732662881824,3.758691975192633e-05,-1.4575384301526406,-1.4575369729256553,0,0
683,-0.4166666666666667,-0.9131399545515305,0.6666666666666666,0.8510028122006245,1,0.0,0.0,0.0,0,-0.6724511930585684,0.9896694214876033,2024,1,683.0,0,False,False,False,False,False,True,False,False,False,False,False,False,False,False,False,False,False,False,False,False,False,1.0,4.0,0,0.39861651534803283,1.2765042163861804,10.07044163219896,153.73028328862208,4.231192350004231e-05,-1.7277294366281015,-1.7277286035617303,0,0
684,-0.3333333333333333,-0.8926079401149579,-0.3333333333333333,-0.8947536491650958,1,0.0,0.0,0.0,0,-0.613882863340564,0.6549586776859504,2023,12,684.0,2,False,False,False,False,False,False,False,False,False,True,False,False,False,False,False,False,False,False,False,False,False,3.0,2.0,0,-0.20654121863799282,2.6842609555480705,10.094521049932105,155.59241626763176,4.130524576621231e-05,-1.6728720091516258,-1.6728710045159947,0,0
685,0.0,0.5756093213919707,-0.6666666666666666,-0.42917889922432706,1,0.0,0.0,0.0,0,-0.1561822125813449,0.45661157024793386,2023,5,685.0,2,False,False,False,False,False,False,False,False,False,False,False,False,False,False,False,False,False,False,False,False,False,1.0,3.0,2,-0.5766103814884302,0.6437683498021431,11.088262246808512,255.7303267115576,1.529075368124895e-05,0.6298739265620422,0.6298727538998804,1,0
686,0.6666666666666666,2.7819810185804035,0.0,0.14811335331746966,1,0.0,0.0,0.0,0,-0.4164859002169197,-0.20454545454545456,2023,9,686.0,1,False,False,False,False,False,False,False,False,False,False,False,False,False,True,False,False,False,False,False,False,False,2.0,0.0,3,0.0,0.0,11.754270362213644,356.7842485312377,7.855706385118149e-06,2.216405889743188,2.216408795312163,3,0
687,0.8333333333333334,0.1774807289578042,0.6666666666666666,1.1997898575357706,1,0.0,0.0,0.0,0,0.720173535791757,-0.6342975206611571,2022,4,687.0,1,False,False,False,False,False,False,False,False,False,False,False,True,False,False,False,False,False,False,False,False,False,1.0,3.0,2,0.3875577973938629,1.799684783604129,10.900989539835106,232.8712090405338,1.8439977872026555e-05,0.19006655375887863,0.19006592482360635,1,0
688,-0.4166666666666667,-0.5082386490219668,0.3333333333333333,-0.6383180361980696,1,0.0,0.0,0.0,0,0.19088937093275488,-0.09297520661157024,2022,12,688.0,1,False,False,False,False,True,False,False,False,False,False,False,False,False,False,False,False,False,False,False,False,False,3.0,2.0,0,0.2799028536733455,-1.9149541028493464,10.462903320468884,187.06148721743875,2.8577144000228616e-05,-0.8281181867924137,-0.8281168714656273,0,0
689,0.08333333333333333,-0.4911642828498864,-0.6666666666666666,-0.8460438620888573,0,0.0,0.0,0.0,0,-0.11713665943600868,0.2706611570247934,2023,5,689.0,2,False,False,False,False,False,False,False,False,True,False,False,False,False,False,False,False,False,False,False,False,False,4.0,2.0,0,-0.5967637540453075,1.2690657950368847,10.476498931856092,188.33746308156537,2.819124943617501e-05,-0.796742669511115,-0.7967413995389666,0,0
690,0.8333333333333334,0.5377177739161432,-0.6666666666666666,-0.486148109232877,1,0.0,0.0,0.0,0,-0.7483731019522777,0.8037190082644629,2024,2,690.0,1,False,False,False,False,False,False,False,False,True,False,False,False,False,False,False,False,False,False,False,False,False,2.0,0.0,2,-0.3813068651778329,0.7292221649431487,11.071874629137055,253.64345053637794,1.5543397164884358e-05,0.5912781828235028,0.5912770385520638,1,0
691,0.75,2.35932807556922,0.6666666666666666,1.088581229333416,1,0.0,0.0,0.0,0,0.8698481561822126,-0.3119834710743802,2022,2,691.0,1,False,False,False,False,False,True,False,False,False,False,False,False,False,False,False,False,False,False,False,False,False,2.0,4.0,3,0.35653518948182517,1.6328718415508165,11.65649753090157,339.76168118256066,8.662583702215022e-06,1.9812858250276557,1.9812873413403929,2,0
692,0.3333333333333333,0.0,-0.6666666666666666,-0.45956096706737953,1,0.0,0.0,0.0,1,0.6008676789587852,0.14669421487603307,2022,6,692.0,0,False,False,False,False,False,False,False,False,False,False,False,False,False,False,True,False,False,False,False,False,False,1.0,2.0,1,-0.4164408310749774,0.6893414516350815,10.804684950962628,221.92341021172146,2.030415626078658e-05,-0.03503730162965734,-0.03503751246862067,1,0
693,0.9166666666666666,-0.7059305796907722,0.6666666666666666,1.0923658539097834,1,0.0,0.0,0.0,0,-0.0911062906724512,0.9111570247933884,2023,5,693.0,0,False,False,False,False,False,False,False,False,False,False,False,False,False,False,False,False,False,False,False,False,False,2.0,0.0,0,0.6110006626905236,1.638548778406852,10.290347316318723,171.5983682906105,3.395931673854722e-05,-1.2251050203283096,-1.2251034063221937,0,0
694,-0.08333333333333333,0.33254021298400394,1.0,-0.4113991985743276,1,0.0,0.0,0.0,0,0.27765726681127983,-0.9318181818181818,2022,11,694.0,1,False,False,False,False,False,False,False,False,False,True,False,False,False,False,False,False,False,False,False,False,False,3.0,0.0,2,0.7826825127334466,-0.41139919816292836,10.978148620381724,242.03098975131263,1.7070672584499828e-05,0.37094126731225047,0.370940361241638,1,1
695,0.3333333333333333,-1.0381143340908079,0.3333333333333333,0.3110808945476273,1,0.0,0.0,0.0,0,-0.23427331887201736,0.8119834710743802,2023,7,695.0,0,False,False,False,False,True,False,False,False,False,False,False,False,False,False,False,False,False,False,False,False,False,3.0,3.0,0,0.27006444053895723,0.9332426808431538,9.909867159500168,141.869658489756,4.9682034976152626e-05,-2.0924250872643886,-2.092426106148783,0,0
696,0.5,-0.44204428997905804,1.3333333333333333,1.0009827250533083,1,0.0,0.0,0.0,0,0.14099783080260303,-0.16735537190082644,2023,1,696.0,2,False,False,False,False,False,False,False,False,False,False,False,False,False,True,False,False,False,False,False,False,False,4.0,3.0,0,1.1685678073510772,0.7507370432269285,10.514610897617482,191.96093352554837,2.7137042062415198e-05,-0.7087132967718501,-0.7087121661865056,0,1
697,-0.5,-0.2233213028561244,1.0,0.3836542126353309,1,0.0,0.0,0.0,0,-0.6572668112798264,0.9111570247933884,2024,1,697.0,0,False,False,False,False,True,False,False,False,False,False,False,False,False,False,False,False,False,False,False,False,False,1.0,0.0,1,0.6034031413612566,0.3836542122516767,10.66862976026722,207.32824216685964,2.326338807983995e-05,-0.35182640859749037,-0.35182596523465803,0,1
698,0.25,0.10693757519048255,0.3333333333333333,0.8938718749034273,1,0.0,0.0,0.0,0,0.9479392624728851,-0.11776859504132231,2022,1,698.0,2,False,False,False,False,False,False,False,False,False,False,False,False,False,False,True,False,False,False,False,False,False,3.0,0.0,2,0.17112100965107646,2.681615616665435,10.863814308399895,228.58258901324922,1.9138389695890986e-05,0.10308698562113296,0.10308651037466147,1,0
699,-0.4166666666666667,-0.10661676246491111,1.0,1.0712918610999518,1,0.0,0.0,0.0,0,-0.8655097613882863,0.7665289256198347,2024,4,699.0,2,False,False,False,False,False,False,False,False,False,False,False,True,False,False,False,False,False,False,False,False,False,3.0,3.0,1,0.536046511627907,1.0712918600286598,10.74203293578543,215.0790552331863,2.16169476869866e-05,-0.1810938095975009,-0.18109372267216828,0,1
700,0.6666666666666666,1.1778817448647685,-0.3333333333333333,-0.287930199738352,1,0.0,0.0,0.0,0,0.6854663774403471,0.3987603305785124,2022,5,700.0,2,False,False,False,False,False,False,False,False,False,False,False,True,False,False,False,False,False,False,False,False,False,0.0,2.0,3,-0.19776919776919774,0.8637906018064279,11.318065631478168,286.8693082224029,1.2151406525305304e-05,1.1733271168752828,1.1733260744295586,1,0
701,1.4166666666666667,-0.2632803101189681,0.0,0.5540200047385067,0,0.0,0.0,0.0,0,-0.3297180043383948,0.03512396694214876,2023,8,701.0,1,False,False,False,False,False,False,False,False,False,False,False,True,False,False,False,False,False,False,False,False,False,0.0,3.0,1,0.0,0.0,10.642205434638532,204.60694025374605,2.388630120625821e-05,-0.4131861070533055,-0.4131855369495116,0,0
702,1.9166666666666667,0.0,1.0,1.5312319086910393,1,0.0,0.0,0.0,1,-0.9891540130151844,0.48140495867768596,2024,6,702.0,0,False,True,False,False,False,False,False,False,False,False,False,False,False,False,False,False,False,False,False,False,False,0.0,1.0,1,0.5027262813522355,1.5312319071598073,10.804684950962628,221.92341021172146,2.030415626078658e-05,-0.03503730162965734,-0.03503751246862067,1,1
703,-0.16666666666666666,-0.4045448469455955,0.3333333333333333,0.4876458893455711,0,0.0,0.0,0.0,0,-0.737527114967462,-0.7830578512396694,2024,2,703.0,2,False,False,False,False,False,False,True,False,False,False,False,False,False,False,False,False,False,False,False,False,False,0.0,2.0,0,0.1918435289221806,1.4629376636479003,10.542759160126755,194.68179164986128,2.63838319877579e-05,-0.6436258555751027,-0.6436248380176482,0,0
704,-0.6666666666666666,-0.5565031412912712,0.3333333333333333,0.5441742122232868,1,0.0,0.0,0.0,0,-0.8676789587852495,-0.6797520661157025,2024,4,704.0,0,False,False,False,True,False,False,False,False,False,False,False,False,False,False,False,False,False,False,False,False,False,2.0,4.0,0,0.178474641889276,1.6325226317722923,10.42344138712899,183.40665200586375,2.972739974434436e-05,-0.9191067259300939,-0.9191052939574066,0,0
705,0.08333333333333333,-0.8398164238292564,0.6666666666666666,-0.4466145430946568,0,0.0,0.0,0.0,0,-0.40130151843817785,0.4772727272727273,2023,9,705.0,1,True,False,False,False,False,False,False,False,False,False,False,False,False,False,False,False,False,False,False,False,False,0.0,2.0,0,0.47574819401444784,-0.6699218136371026,10.15389601499835,160.28100324118265,3.892413685726519e-05,-1.5374165116000196,-1.537415183772539,0,0
706,0.16666666666666666,-0.3984850510181348,0.6666666666666666,-0.36049115650463026,1,0.0,0.0,0.0,0,-0.5726681127982647,-0.21694214876033058,2023,12,706.0,1,False,False,False,False,False,False,False,False,False,False,False,True,False,False,False,False,False,False,False,False,False,2.0,1.0,1,0.4239080459770115,-0.5407367339458403,10.547234382800946,195.11791306797025,2.6266022273586888e-05,-0.6332721394102803,-0.6332711405093701,0,0
707,-1.1666666666666667,0.815292073252239,1.0,0.05989472274586159,1,0.0,0.0,0.0,0,-0.5661605206073753,-0.5020661157024794,2023,12,707.0,0,False,False,False,False,False,False,False,False,False,False,False,False,False,False,False,False,False,False,False,False,False,4.0,0.0,3,0.6385041551246536,0.059894722685966864,11.186128273789878,268.55539465815986,1.386520250128253e-05,0.8608049641424401,0.8608037180941895,1,1
708,-0.25,-0.8028873145301431,-1.0,-0.7951770244239109,0,0.0,0.0,0.0,0,0.7223427331887202,-0.9152892561983471,2022,4,708.0,0,False,False,False,False,False,False,False,False,True,False,False,False,False,False,False,False,False,False,False,False,False,0.0,1.0,0,-0.5806045340050378,0.795177025219088,10.193429569388753,163.4808857328587,3.7415347775657576e-05,-1.4470776427521819,-1.4470761716815783,0,0
709,0.4166666666666667,0.26402887314530143,-0.3333333333333333,-0.15005614100147296,1,0.0,0.0,0.0,0,-0.34273318872017355,0.9235537190082644,2023,8,709.0,1,False,False,False,False,False,False,True,False,False,False,False,False,False,False,False,False,False,False,False,False,False,2.0,4.0,2,-0.24824986537425953,0.4501684243549242,10.944788474491125,238.0273093575609,1.7649758198312683e-05,0.29268204621844573,0.2926812522172103,1,0
710,1.0833333333333333,-0.8554293098070668,-0.6666666666666666,-0.48593384632817244,0,0.0,0.0,0.0,0,0.42516268980477223,0.08471074380165289,2022,9,710.0,2,False,False,False,False,False,False,False,False,False,True,False,False,False,False,False,False,False,False,False,False,False,1.0,0.0,0,-0.46778285134449515,0.7289007705856099,10.136700239527121,158.90877886385007,3.959925553399596e-05,-1.5766737835183657,-1.5766725353683206,0,0
711,-0.3333333333333333,-0.40586374370627815,0.3333333333333333,0.9577654851303604,0,0.0,0.0,0.0,0,-0.648590021691974,-0.7747933884297521,2024,1,711.0,2,False,False,False,False,False,False,False,False,False,False,False,False,False,False,False,False,False,False,False,False,False,4.0,4.0,0,0.20219298245614034,2.873296446771192,10.541782481547923,194.58674158328466,2.6409613099168098e-05,-0.6458852592249164,-0.6458842376194549,0,0
712,-0.08333333333333333,1.6829122666310208,1.3333333333333333,0.05920660918652207,1,0.0,0.0,0.0,0,0.455531453362256,-0.12190082644628099,2022,8,712.0,1,False,False,True,False,False,False,False,False,False,False,False,False,False,False,False,False,False,False,False,False,False,1.0,0.0,3,0.9160457029309489,0.04440495685658783,11.476914794113835,310.58332215365334,1.036666908555612e-05,1.5514228834802448,1.5514226392861419,2,1
713,1.0,0.6010961101457024,-0.6666666666666666,-0.5963039648938472,1,0.0,0.0,0.0,0,0.23427331887201736,0.05991735537190083,2022,12,713.0,0,False,False,False,False,False,False,False,False,False,False,False,False,True,False,False,False,False,False,False,False,False,2.0,3.0,3,-0.5401288810779145,0.8944559486824547,11.099135803715832,257.12448347055556,1.5125389478779079e-05,0.6554947121145572,0.6554935230125087,1,0
714,-0.75,-0.5308381232455555,-0.6666666666666666,-0.8974607785572277,1,0.0,0.0,0.0,0,-0.5466377440347071,-0.20454545454545456,2023,11,714.0,2,True,False,False,False,False,False,False,False,False,False,False,False,False,False,False,False,False,False,False,False,False,1.0,1.0,0,-0.43104254324450675,1.3461911698551283,10.444619272065825,185.35911091715994,2.9104455892197096e-05,-0.8702911273144842,-0.8702897550373776,0,0
715,0.4166666666666667,-0.9890299870783763,0.6666666666666666,-0.3818123757429669,0,0.0,0.0,0.0,0,0.8177874186550976,-0.2128099173553719,2022,3,715.0,1,False,False,False,False,False,False,False,False,False,False,False,False,True,False,False,False,False,False,False,False,False,1.0,3.0,0,0.3667462211614956,-0.5727185627553726,9.976040745217837,146.64242223858687,4.650081376424087e-05,-1.942368393967838,-1.942368488772654,0,0
716,-0.75,-0.6703203671523414,-0.3333333333333333,-0.5428783336938718,0,0.0,0.0,0.0,0,0.17136659436008678,0.022727272727272728,2022,12,716.0,0,False,False,False,False,False,False,True,False,False,False,False,False,False,False,False,False,False,False,False,False,False,2.0,0.0,0,-0.2845679012345679,1.6286350059675208,10.3237099016192,174.4849563716024,3.284503711489194e-05,-1.148528055142974,-1.1485264508845665,0,0
717,0.25,0.4180189814195963,-0.3333333333333333,-0.3858668891704523,1,0.0,0.0,0.0,0,-0.6767895878524945,-0.8698347107438017,2024,1,717.0,0,False,False,False,False,False,False,False,False,False,False,True,False,False,False,False,False,False,False,False,False,False,0.0,4.0,2,-0.19879258300991806,1.157600670984159,11.018268422365821,246.93521417570236,1.639935714519991e-05,0.46517317065928965,0.46517214776530086,1,0
718,-0.08333333333333333,0.1739874348349151,-0.6666666666666666,-0.5002338349969612,0,0.0,0.0,0.0,0,-0.7418655097613883,0.05991735537190083,2024,2,718.0,0,False,False,False,False,False,False,False,False,False,False,False,False,False,False,False,False,True,False,False,False,False,0.0,0.0,2,-0.3827314238273142,0.7503507536209679,10.899180787196396,232.66069715360177,1.847336141284268e-05,0.1858320884830441,0.18583146675732046,1,0
719,0.16666666666666666,-0.6380252194448157,0.0,-0.46745779123788334,1,0.0,0.0,0.0,0,0.11062906724511931,-0.030991735537190084,2023,1,719.0,2,False,False,False,False,False,False,False,False,True,False,False,False,False,False,False,False,False,False,False,False,False,4.0,3.0,0,0.0,0.0,10.353033339879467,177.06213598621247,3.189589180913498e-05,-1.0811518038962382,-1.081150229535245,0,0
720,-0.3333333333333333,-0.5890121641491779,0.6666666666666666,-0.4085519742060426,1,0.0,0.0,0.0,0,-0.12147505422993492,0.6342975206611571,2023,5,720.0,2,False,False,False,False,False,False,False,False,False,False,False,False,False,False,False,False,True,False,False,False,False,4.0,4.0,0,0.594455190199871,-0.612827960389822,10.395955704265866,180.9032890801049,3.055581018730712e-05,-0.9824106328936719,-0.982409134442283,0,0
721,-1.1666666666666667,-0.28466782515706457,-0.3333333333333333,-0.25826302831772713,0,0.0,0.0,0.0,0,0.12364425162689804,0.3202479338842975,2023,1,721.0,1,False,True,False,False,False,False,False,False,False,False,False,False,False,False,False,False,False,False,False,False,False,3.0,3.0,1,-0.29665379665379665,0.7747890872775488,10.627769962026784,203.13542280951395,2.4233612019871563e-05,-0.4466837847836024,-0.4466831463782068,0,0
722,-0.25,0.2169763400614891,0.6666666666666666,0.7362217621063695,1,0.0,0.0,0.0,0,0.19522776572668113,-0.22933884297520662,2022,12,722.0,1,True,False,False,False,False,False,False,False,False,False,False,False,False,False,False,False,False,False,False,False,False,3.0,1.0,2,0.557773744706594,1.1043326415030554,10.921215112463774,235.23817717368922,1.8070765116195018e-05,0.23743396396001315,0.2374332564564275,1,0
723,0.6666666666666666,-0.7596488882947913,0.3333333333333333,-0.40273391225522004,1,0.0,0.0,0.0,0,0.9175704989154013,0.15495867768595042,2022,1,723.0,0,False,False,True,False,False,False,False,False,False,False,False,False,False,False,False,False,False,False,False,False,False,4.0,2.0,0,0.17383107088989438,-1.2082017331410548,10.237814632810952,167.1496335622666,3.579098067287044e-05,-1.3455106134615114,-1.345509042782587,0,0
724,-0.16666666666666666,-0.25415497036938023,0.3333333333333333,-0.019166228869866138,0,0.0,0.0,0.0,0,-0.31019522776572667,-0.7747933884297521,2023,8,724.0,2,False,False,False,False,False,False,False,False,False,False,True,False,False,False,False,False,False,False,False,False,False,4.0,0.0,1,0.25441501103752756,-0.057498686437102355,10.64830170765649,205.23157651784484,2.374112675387574e-05,-0.3990347973591895,-0.3990342563212143,0,0
725,0.4166666666666667,1.5404714164772981,-0.3333333333333333,-0.26618045469060636,1,0.0,0.0,0.0,0,-0.9045553145336226,0.8161157024793388,2024,5,725.0,2,False,False,False,False,False,False,False,False,False,False,False,False,False,False,False,True,False,False,False,False,False,1.0,2.0,3,-0.17501898253606682,0.7985413664674433,11.43460710309093,304.0822257219254,1.0814669017054732e-05,1.4505257424542553,1.4505252207706496,2,0
726,-0.75,1.172392282671657,-0.6666666666666666,-0.6385961659301379,0,0.0,0.0,0.0,0,0.3557483731019523,-0.8409090909090909,2022,10,726.0,1,False,False,False,False,False,False,False,False,True,False,False,False,False,False,False,False,False,False,False,False,False,1.0,3.0,3,-0.49173333333333336,0.9578942503320482,11.316192561772942,286.60076761934886,1.2174188285996031e-05,1.1688807267120527,1.1688796786500235,1,0
727,-0.08333333333333333,-0.3297241901706546,-0.6666666666666666,-0.6547524130329533,0,0.0,0.0,0.0,0,0.06941431670281996,-0.4524793388429752,2023,2,727.0,1,False,False,False,False,True,False,False,False,False,False,False,False,False,False,False,False,False,False,False,False,False,2.0,3.0,1,-0.6233941852603109,0.9821286210226229,10.596659732783579,200.0,2.499937501562461e-05,-0.5188206752965939,-0.5188198928562402,0,0
728,-0.75,-0.0435235931025264,0.0,0.19283661423406165,1,0.0,0.0,0.0,0,0.3665943600867679,0.9979338842975206,2022,10,728.0,0,False,False,False,False,False,True,False,False,False,False,False,False,False,False,False,False,False,False,False,False,False,2.0,2.0,1,0.0,0.0,10.77958109465887,219.15519615103813,2.0820320632937746e-05,-0.09359687253882727,-0.09359696562800475,0,0
729,1.25,0.10536915742102214,0.0,0.5273792968468332,1,0.0,0.0,0.0,0,-0.913232104121475,-0.0640495867768595,2024,5,729.0,2,False,False,False,False,False,False,False,False,False,False,False,False,True,False,False,False,False,False,False,False,False,2.0,4.0,2,0.0,0.0,10.86297186449704,228.48632344190756,1.915451950887812e-05,0.10111715225300735,0.101116680615273,1,0
730,0.0,-0.45295192264848727,0.3333333333333333,0.13353523491661276,1,0.0,0.0,0.0,0,0.43817787418655096,-0.12603305785123967,2022,8,730.0,0,False,False,False,False,False,False,False,False,False,False,False,False,False,False,False,False,True,False,False,False,False,0.0,2.0,0,0.23177476118652587,0.40060570354802116,10.506272293015682,191.16223476408723,2.7364273204903678e-05,-0.727982999152348,-0.7279818366374371,0,0
731,-1.1666666666666667,0.6866105244396916,0.6666666666666666,-0.08830103938110974,1,0.0,0.0,0.0,0,0.6594360086767896,-0.9235537190082644,2022,5,731.0,1,False,False,False,False,False,True,False,False,False,False,False,False,False,False,False,False,False,False,False,False,False,0.0,0.0,3,0.4017429193899782,-0.1324515588729873,11.134778787266075,261.74797038372617,1.4595770145811744e-05,0.7395434910067273,0.7395422620468026,1,0
732,0.16666666666666666,0.8055963997683019,1.6666666666666667,1.748628408376856,1,0.0,0.0,0.0,0,0.2646420824295011,0.29132231404958675,2022,11,732.0,0,True,False,False,False,False,False,False,False,False,False,False,False,False,False,False,False,False,False,False,False,False,2.0,4.0,3,1.31789594053745,1.0491770443966073,11.1823498092948,268.0485030736042,1.3917690776746323e-05,0.8518750726546378,0.8518738261560544,1,1
733,0.3333333333333333,-0.39502740275364256,0.6666666666666666,0.4328357901459667,0,0.0,0.0,0.0,0,-0.6702819956616052,0.07644628099173553,2024,1,733.0,2,True,False,False,False,False,False,False,False,False,False,False,False,False,False,False,False,False,False,False,False,False,3.0,4.0,1,0.3991341991341991,0.6492536842450696,10.549778946810811,195.36632258401139,2.6199271660247846e-05,-0.6273844380881836,-0.627383449873043,0,0
734,0.25,1.8688054181704763,0.0,-0.008385096366801575,1,0.0,0.0,0.0,0,-0.6746203904555315,-0.1590909090909091,2024,1,734.0,1,False,False,False,False,False,False,False,False,False,False,False,False,False,True,False,False,False,False,False,False,False,0.0,2.0,3,0.0,0.0,11.529566236118352,318.8683113763423,9.834969216546351e-06,1.6771870191969276,1.6771871908181546,2,0
735,0.4166666666666667,0.9234416076282137,0.0,0.005467824510440159,1,0.0,0.0,0.0,0,-0.5921908893709328,1.0227272727272727,2023,12,735.0,1,False,False,False,False,False,False,False,False,False,False,False,False,False,False,True,False,False,False,False,False,False,3.0,0.0,3,0.0,0.0,11.22733453788246,274.1459465321346,1.3305480527429248e-05,0.9582634263864264,0.9582622038069274,1,0
736,0.5833333333333334,-0.7314886601612975,1.3333333333333333,2.259394089228139,0,0.0,0.0,0.0,0,-0.3839479392624729,-0.9111570247933884,2023,9,736.0,2,False,False,False,False,False,False,False,False,False,False,False,False,False,False,False,False,True,False,False,False,False,3.0,0.0,0,0.9634273772204806,1.694545565650195,10.265697151973335,169.49631264425784,3.4806822137138876e-05,-1.2816297596112451,-1.28162815650413,0,1
737,0.0,-0.2624248095174442,1.0,0.10802764815558792,1,0.0,0.0,0.0,0,-0.22559652928416485,0.8491735537190083,2023,7,737.0,0,False,False,False,False,False,False,False,False,False,False,False,False,False,False,False,True,False,False,False,False,False,2.0,2.0,1,0.815929203539823,0.10802764804756027,10.642778541610305,204.6655808874565,2.3872615722504715e-05,-0.4118558733092578,-0.41185530593275843,0,1
738,0.4166666666666667,0.36316000534687876,-0.3333333333333333,0.5975689401196989,1,0.0,0.0,0.0,0,-0.9913232104121475,0.7334710743801653,2024,6,738.0,1,False,False,True,False,False,False,False,False,False,False,False,False,False,False,False,False,False,False,False,False,False,3.0,0.0,2,-0.16739288307915756,-1.7927068257372172,10.992705855562368,243.7990976193308,1.68239707935867e-05,0.4051182028816881,0.405117252039096,1,0
739,0.5,-0.40996301742191327,-0.6666666666666666,-0.6107564098602141,0,0.0,0.0,0.0,0,-0.8698481561822126,-0.6425619834710744,2024,4,739.0,2,False,False,False,False,False,False,False,False,False,False,False,False,False,True,False,False,False,False,False,False,False,2.0,1.0,0,-0.35653518948182517,0.9161346161645231,10.538740754677171,194.29101883514844,2.649006622516556e-05,-0.6529213803425463,-0.6529203461853739,0,0
740,0.3333333333333333,0.8411709664483358,0.6666666666666666,0.07818947845524696,1,0.0,0.0,0.0,0,0.9544468546637744,-0.13429752066115702,2022,1,740.0,1,False,False,False,False,True,False,False,False,False,False,False,False,False,False,False,False,False,False,False,False,False,2.0,3.0,3,0.34110247872734,0.11728421750694412,11.196144084693172,269.9036865253974,1.3727024392922346e-05,0.8844814230584939,0.8844801795637122,1,0
741,0.3333333333333333,0.25444013723655484,0.6666666666666666,-0.872214839766371,1,0.0,0.0,0.0,0,-0.7982646420824295,1.0020661157024793,2024,3,741.0,0,False,False,False,False,False,False,False,False,False,False,True,False,False,False,False,False,False,False,False,False,False,4.0,3.0,2,0.3707277844792923,-1.3083222576870732,10.940029383003269,237.46157583912392,1.7733955204029156e-05,0.28152483031985737,0.28152405331687114,1,0
742,0.0,0.09218018981419596,0.6666666666666666,0.7094409592385428,1,0.0,0.0,0.0,0,-0.9848156182212582,-0.18388429752066116,2024,6,742.0,2,False,False,False,False,False,False,False,False,False,False,False,False,False,False,False,True,False,False,False,False,False,2.0,1.0,2,0.33588342440801455,1.0641614372615722,10.855859458981232,227.67520725805872,1.929123984798503e-05,0.08448886723272252,0.0844884262660022,1,0
743,-1.1666666666666667,0.0,-0.6666666666666666,-0.5951358200191601,0,0.0,0.0,0.0,1,0.8524945770065075,-0.13429752066115702,2022,2,743.0,1,False,False,False,False,False,False,False,False,False,False,False,False,False,False,False,False,False,False,False,False,False,4.0,3.0,1,-0.3598750975800156,0.8927037313677958,10.804684950962628,221.92341021172146,2.030415626078658e-05,-0.03503730162965734,-0.03503751246862067,1,0
744,-0.5,2.413688009624382,0.6666666666666666,-0.8963482596289544,1,0.0,0.0,0.0,0,0.6984815618221258,-0.5103305785123967,2022,5,744.0,0,False,False,True,False,False,False,False,False,False,False,False,False,False,False,False,False,False,False,False,False,False,2.0,2.0,3,0.39250744997871434,-1.344522387426648,11.66962147412521,341.998538008571,8.54963920522554e-06,2.0128012567369833,2.0128029410756905,2,0
745,-0.16666666666666666,1.9051285478768436,0.3333333333333333,0.5049764619837861,1,0.0,0.0,0.0,0,-0.6529284164859002,0.44834710743801653,2024,1,745.0,1,False,False,False,False,False,False,True,False,False,False,False,False,False,False,False,False,False,False,False,False,False,2.0,3.0,3,0.20166229221347332,1.51492938140657,11.539538184194956,320.46216625367805,9.73738278625471e-06,1.701031042957201,1.701031302412821,2,0
746,-1.1666666666666667,-0.43944214231608963,-1.0,-0.7671889324968839,0,0.0,0.0,0.0,0,0.7722342733188721,-0.9607438016528925,2022,3,746.0,0,False,False,False,False,False,False,True,False,False,False,False,False,False,False,False,False,False,False,False,False,False,0.0,1.0,0,-0.5642594859241126,0.7671889332640728,10.516589942087034,192.15098230297966,2.7083389757061994e-05,-0.7041391318296424,-0.7041380089318798,0,0
747,0.5,0.0,-0.3333333333333333,-0.7336176437261144,1,0.0,0.0,0.0,1,-0.08459869848156182,0.9400826446280992,2023,4,747.0,2,False,False,False,False,False,True,False,False,False,False,False,False,False,False,False,False,False,False,False,False,False,4.0,3.0,1,-0.3073333333333333,2.200852937780902,10.804684950962628,221.92341021172146,2.030415626078658e-05,-0.03503730162965734,-0.03503751246862067,1,0
748,0.0,-0.4090362251035958,-0.3333333333333333,0.5923194989544385,1,0.0,0.0,0.0,0,-0.5292841648590022,-0.20041322314049587,2023,11,748.0,2,False,False,False,False,False,False,False,False,False,False,True,False,False,False,False,False,False,False,False,False,False,3.0,3.0,0,-0.21796690307328606,-1.7769585021941912,10.539429259325294,194.35791725576811,2.6471833968657347e-05,-0.6513287941570968,-0.6513277628336714,0,0
749,-1.0,-0.996123512899345,-0.3333333333333333,0.07820596021714729,1,0.0,0.0,0.0,0,0.6464208242950108,-0.4318181818181818,2022,5,749.0,0,False,False,False,False,False,False,False,False,False,False,False,False,True,False,False,False,False,False,False,False,False,1.0,2.0,0,-0.20245937637241984,-0.23461788135529554,9.966744002171144,145.96232390586277,4.693513564254201e-05,-1.9634698742400114,-1.9634700843541835,0,0
750,1.25,0.0,0.3333333333333333,0.601580188922196,1,0.0,0.0,0.0,1,-0.18655097613882862,-0.3202479338842975,2023,6,750.0,1,False,False,False,False,False,False,False,False,False,False,False,False,False,True,False,False,False,False,False,False,False,2.0,3.0,1,0.2809262644728824,1.8047405613523664,10.804684950962628,221.92341021172146,2.030415626078658e-05,-0.03503730162965734,-0.03503751246862067,1,0
751,-0.08333333333333333,-0.025593726328922158,1.0,0.18043820884452563,1,0.0,0.0,0.0,0,0.3839479392624729,-0.6384297520661157,2022,9,751.0,0,False,True,False,False,False,False,False,False,False,False,False,False,False,False,False,False,False,False,False,False,False,4.0,1.0,1,0.7225705329153604,0.1804382086640874,10.78999925792116,220.29979573299653,2.060453711907362e-05,-0.0693004489856435,-0.06930059125229675,0,1
752,0.0,0.3301875863298133,0.3333333333333333,1.1858071427835637,1,0.0,0.0,0.0,0,0.6876355748373102,-0.24586776859504134,2022,5,752.0,1,False,False,False,False,False,False,True,False,False,False,False,False,False,False,False,False,False,False,False,False,False,2.0,0.0,2,0.19751499571550984,3.5574214176784267,10.977021320827701,241.894605148606,1.708992719691014e-05,0.3682953267619684,0.3682944242669554,1,0
753,0.4166666666666667,0.0,0.3333333333333333,0.13558309383273082,1,0.0,0.0,0.0,1,-0.20607375271149675,0.6384297520661157,2023,6,753.0,0,False,False,False,False,False,False,False,False,False,False,True,False,False,False,False,False,False,False,False,False,False,0.0,4.0,1,0.276378896882494,0.4067492802779446,10.804684950962628,221.92341021172146,2.030415626078658e-05,-0.03503730162965734,-0.03503751246862067,1,0
754,0.0,0.24192844093926838,0.3333333333333333,0.006450549563748448,1,0.0,0.0,0.0,0,0.7266811279826464,0.7871900826446281,2022,4,754.0,2,False,False,False,False,False,False,False,False,False,False,False,False,False,True,False,False,False,False,False,False,False,0.0,0.0,2,0.19304857621440535,0.0193516486331904,10.933785311020364,236.72135518368427,1.7845033727113746e-05,0.2668889084638157,0.26688815412520955,1,0
755,0.16666666666666666,-0.27158579512542885,-0.3333333333333333,-0.9512646249884114,0,0.0,0.0,0.0,0,-0.4945770065075922,0.33264462809917356,2023,11,755.0,2,False,False,False,False,False,True,False,False,False,False,False,False,False,False,False,False,False,False,False,False,False,0.0,4.0,1,-0.22302854378326073,2.853793883526616,10.636624381312231,204.0367613936273,2.401998462720984e-05,-0.42613891478801175,-0.4261383181849057,0,0
756,0.5,-0.47929421200374284,-0.6666666666666666,-0.4741349650277614,1,0.0,0.0,0.0,0,-0.3752711496746204,-0.1756198347107438,2023,9,756.0,0,False,False,False,False,False,False,False,False,False,True,False,False,False,False,False,False,False,False,False,False,False,3.0,1.0,0,-0.48475289169295477,0.7112024486084458,10.48584282744104,189.21944931745256,2.7929060187124703e-05,-0.7751708844922753,-0.7751696470864025,0,0
757,-0.3333333333333333,0.055500601523860445,0.3333333333333333,0.3224636113600545,1,0.0,0.0,0.0,0,0.6941431670281996,-0.35330578512396693,2022,5,757.0,0,False,False,False,False,False,False,False,False,False,False,False,False,False,False,True,False,False,False,False,False,False,3.0,3.0,2,0.1967562953478446,0.9673908311779911,10.83580910148281,225.40408159569782,1.9681939851991812e-05,0.037633799745028215,0.03763344709310995,1,0
758,0.16666666666666666,0.35289399812859246,1.0,1.3384158966593531,1,0.0,0.0,0.0,0,-0.028199566160520606,0.890495867768595,2023,4,758.0,1,False,True,False,False,False,False,False,False,False,False,False,False,False,False,False,False,False,False,False,False,False,4.0,4.0,2,0.9725738396624473,1.338415895320937,10.987848775434378,243.20773014030618,1.690588493854711e-05,0.3937130880647819,0.3937121518681051,1,1
759,0.6666666666666666,-0.1306777168827697,1.3333333333333333,0.405807760849635,1,0.0,0.0,0.0,0,0.2039045553145336,1.0764462809917354,2022,12,759.0,1,False,False,False,False,True,False,False,False,False,False,False,False,False,False,False,False,False,False,False,False,False,3.0,0.0,1,1.1075075075075076,0.30435582040895937,10.727333994019004,213.5040983213203,2.1937040693210486e-05,-0.21531635164823443,-0.21531619345521855,0,1
760,-0.08333333333333333,0.18400392104442365,0.6666666666666666,-0.09416236595692065,1,0.0,0.0,0.0,0,-0.8177874186550976,0.026859504132231406,2024,3,760.0,0,False,False,False,False,True,False,False,False,False,False,False,False,False,False,False,False,False,False,False,False,False,1.0,0.0,2,0.3667462211614956,-0.14124354872351566,10.904358374883346,233.26379916309347,1.837796114899013e-05,0.19795400345384567,0.19795336116879403,1,0
761,0.5833333333333334,-0.11870070846143564,0.0,-0.12365441865735445,1,0.0,0.0,0.0,0,-0.17787418655097614,-0.7541322314049587,2023,6,761.0,2,False,False,False,False,False,False,True,False,False,False,False,False,False,False,False,False,False,False,False,False,False,1.0,0.0,1,0.0,0.0,10.734677807759818,214.289523775662,2.1776529256767057e-05,-0.19822034666380084,-0.19822022411363885,0,0
762,0.75,0.16297286459029542,0.3333333333333333,0.13184585432182702,1,0.0,0.0,0.0,0,-0.6832971800433839,0.4152892561983471,2024,1,762.0,1,False,False,False,False,False,False,False,False,True,False,False,False,False,False,False,False,False,False,False,False,False,4.0,2.0,2,0.1980240549828179,0.3955375617788684,10.893456164087494,231.99568961513057,1.857941772104862e-05,0.17243187251914435,0.17243127380123263,1,0
763,0.08333333333333333,1.0730829211780957,-0.3333333333333333,0.25928901799602383,1,0.0,0.0,0.0,0,0.2039045553145336,1.0599173553719008,2022,12,763.0,2,False,False,False,False,False,False,False,False,False,False,False,False,False,False,False,False,False,False,False,False,False,2.0,0.0,3,-0.2768768768768769,-0.7778670563216727,11.281686735941658,281.69842030086005,1.2601600403251214e-05,1.0870186242203799,1.0870174873507317,1,0
764,0.75,-0.004812190883571715,1.6666666666666667,1.2037784439156547,1,0.0,0.0,0.0,0,0.5813449023861171,0.40289256198347106,2022,6,764.0,2,False,False,True,False,False,False,False,False,False,False,False,False,False,False,False,False,False,False,False,False,False,1.0,3.0,1,1.0539551897576591,0.7222670659160325,10.801940126280403,221.61904250312065,2.035996416646307e-05,-0.04144251793224677,-0.04144271602704217,1,1
765,0.9166666666666666,0.0608831261417814,0.3333333333333333,-0.17957497656499474,1,0.0,0.0,0.0,0,-0.824295010845987,-0.3450413223140496,2024,4,765.0,1,False,False,False,False,False,False,False,False,False,True,False,False,False,False,False,False,False,False,False,False,False,2.0,3.0,2,0.18271898533491873,-0.5387249280788095,10.838776666819598,225.73878709694532,1.9623618987813732e-05,0.0445666391957432,0.04456627330950185,1,0
766,0.08333333333333333,0.41299291538564364,0.0,-0.15944456462395823,1,0.0,0.0,0.0,0,-0.9088937093275488,0.3409090909090909,2024,5,766.0,1,False,False,False,False,False,False,False,False,False,False,False,True,False,False,False,False,False,False,False,False,False,4.0,3.0,2,0.0,0.0,11.015953435492774,246.64954895559814,1.6437365419070632e-05,0.45973239043975955,0.45973137371303563,1,0
767,-0.5,-0.12426146237134073,0.0,0.7806030264635293,1,0.0,0.0,0.0,0,0.9175704989154013,0.8367768595041323,2022,1,767.0,0,False,False,False,False,False,False,False,False,False,False,False,True,False,False,False,False,False,False,False,False,False,4.0,3.0,1,0.0,0.0,10.73127488581888,213.92522057952868,2.1850759313886157e-05,-0.20614268670136193,-0.20614254764314704,0,0
768,0.0,0.25069732210488793,0.3333333333333333,0.4541116845390774,1,0.0,0.0,0.0,0,-0.6746203904555315,0.24173553719008264,2024,1,768.0,0,False,False,False,False,True,False,False,False,False,False,False,False,False,False,False,False,False,False,False,False,False,4.0,0.0,2,0.19905008635578583,1.362335049530227,10.938165581908146,237.2403844205282,1.7767038590007818e-05,0.27715581636330877,0.2771550460827788,1,0
769,-0.3333333333333333,-0.5616004990420176,-1.0,-0.7791340894341605,1,0.0,0.0,0.0,0,-0.210412147505423,-0.9442148760330579,2023,6,769.0,0,False,False,False,False,False,False,False,False,False,False,False,False,False,False,False,False,False,False,False,False,False,3.0,3.0,0,-0.8261648745519713,0.7791340902132946,10.41918130769898,183.01639270841287,2.9854310962502986e-05,-0.9289221640935841,-0.9289207209762975,0,0
770,-0.3333333333333333,0.2986766475070178,-0.3333333333333333,-0.06560153280385675,1,0.0,0.0,0.0,0,0.9154013015184381,-0.6425619834710744,2022,1,770.0,1,False,False,False,False,False,False,False,False,False,False,True,False,False,False,False,False,False,False,False,False,False,4.0,2.0,2,-0.17402793506983766,0.19680459900198408,10.961798544430712,240.06040906405204,1.735207357279195e-05,0.33257492501958574,0.33257407228500213,1,0
771,0.25,1.358641892795081,1.6666666666666667,-0.47968931878817844,1,0.0,0.0,0.0,0,-0.6442516268980477,0.5227272727272727,2024,1,771.0,2,False,False,True,False,False,False,False,False,False,False,False,False,False,False,False,False,False,False,False,False,False,1.0,0.0,3,1.0136323658751099,-0.28781359110021887,11.37786146993896,295.5757094214611,1.1446100313623148e-05,1.3154195025701756,1.3154186842064064,2,1
772,0.25,-0.6856837321213741,0.0,-0.3576439321363454,1,0.0,0.0,0.0,0,-0.5206073752711496,0.03925619834710744,2023,11,772.0,0,False,False,True,False,False,False,False,False,False,False,False,False,False,False,False,False,False,False,False,False,False,0.0,2.0,0,0.0,0.0,10.309452535685944,173.24549056180365,3.3316674995835414e-05,-1.1812633267828896,-1.181261715056237,0,0
773,0.16666666666666666,-0.16229559328075568,-0.3333333333333333,-0.6474324505289616,0,0.0,0.0,0.0,0,0.38177874186550975,-0.22933884297520662,2022,9,773.0,1,False,False,False,False,False,False,False,False,False,False,False,False,False,False,False,False,False,False,False,False,False,2.0,2.0,1,-0.2412349555206698,1.9422973574137772,10.707684036871369,211.4166502430686,2.237236565394425e-05,-0.26103983506651923,-0.26103958129552496,0,0
774,-0.08333333333333333,0.36494229826672014,-0.6666666666666666,-0.448359549635856,0,0.0,0.0,0.0,0,-0.7809110629067245,-0.2334710743801653,2024,3,774.0,2,False,False,False,False,False,False,False,False,False,False,False,False,False,False,False,False,False,False,False,False,False,4.0,0.0,2,-0.3743402354851807,0.672539325462593,10.993546700492846,243.90161951081834,1.6809830388811377e-05,0.4070928137590513,0.40709186041121703,1,0
775,0.5,2.273849307133627,0.6666666666666666,0.17198306498964755,1,0.0,0.0,0.0,0,0.7266811279826464,0.6714876033057852,2022,4,775.0,2,False,False,False,False,False,False,False,False,False,False,False,False,False,False,False,False,False,False,False,False,False,2.0,1.0,3,0.3860971524288107,0.2579745970975095,11.635505863745324,336.2142174269256,8.846347785316831e-06,1.930905722798696,1.9309069819401805,2,0
776,1.9166666666666667,-0.03974513211246268,0.6666666666666666,0.07623844989029332,1,0.0,0.0,0.0,0,-0.6550976138828634,-0.365702479338843,2024,1,776.0,1,False,True,False,False,False,False,False,False,False,False,False,False,False,False,False,False,False,False,False,False,False,2.0,3.0,1,0.4027959807776322,0.11435767466390348,10.781785616900187,219.39690061621198,2.077447232840286e-05,-0.0884563620238031,-0.08845646555270324,0,0
777,0.4166666666666667,-0.890718709619926,1.0,-0.2440516291191528,1,0.0,0.0,0.0,0,-0.7462039045553145,0.6425619834710744,2024,2,777.0,0,False,False,False,False,False,False,False,False,False,False,False,False,True,False,False,False,False,False,False,False,False,2.0,4.0,0,0.5726708074534161,-0.24405162887510115,10.09670783519898,155.76263993653933,4.121501875283353e-05,-1.6678879222285417,-1.6678869032172394,0,1
778,0.08333333333333333,-0.8829479124894176,-1.0,-0.68652306931611,1,0.0,0.0,0.0,0,0.026030368763557483,0.6838842975206612,2023,3,778.0,2,False,True,False,False,False,False,False,False,False,False,False,False,False,False,False,False,False,False,False,False,False,0.0,4.0,0,-0.9746300211416491,0.686523070002633,10.10565258546514,156.46085772486356,4.084800457497651e-05,-1.6474974059867018,-1.6474963302117027,0,0
779,1.6666666666666667,0.42586107026689834,1.0,0.726757110335095,1,0.0,0.0,0.0,0,0.806941431670282,-0.8037190082644629,2022,3,779.0,0,False,False,False,False,False,True,False,False,False,False,False,False,False,False,False,False,False,False,False,False,False,1.0,4.0,2,0.553421368547419,0.7267571096083378,11.02186978822786,247.38027407212564,1.6340403281152978e-05,0.4736380874980745,0.4736370551554598,1,1
780,0.0,0.0,0.6666666666666666,-0.8706428917251254,1,0.0,0.0,0.0,1,0.30585683297180044,-0.09710743801652892,2022,10,780.0,2,False,True,False,False,False,False,False,False,False,False,False,False,False,False,False,False,False,False,False,False,False,1.0,1.0,1,0.5105204872646734,-1.3059643356287418,10.804684950962628,221.92341021172146,2.030415626078658e-05,-0.03503730162965734,-0.03503751246862067,1,0
781,-0.4166666666666667,2.448335783986098,-0.6666666666666666,-0.3925811469246062,1,0.0,0.0,0.0,0,-0.5943600867678959,-0.13016528925619836,2023,12,781.0,0,False,False,False,False,False,False,False,True,False,False,False,False,False,False,False,False,False,False,False,False,False,0.0,0.0,3,-0.41814058956916095,0.5888717212702169,11.67789738342907,343.416656555852,8.479175145841813e-06,2.032681855302705,2.032683648490791,2,0
782,-0.08333333333333333,-0.3750300761930223,0.0,-0.6182885750486727,0,0.0,0.0,0.0,0,0.21908893709327548,-0.1590909090909091,2022,12,782.0,1,False,False,False,False,False,False,False,False,True,False,False,False,False,False,False,False,False,False,False,False,False,2.0,0.0,1,0.0,0.0,10.564369772508797,196.7968495682794,2.5819777949909632e-05,-0.5936140361060612,-0.5936131102018907,0,0
783,-1.1666666666666667,0.23512008198547432,0.0,0.057527529692924274,1,0.0,0.0,0.0,0,-0.806941431670282,0.1590909090909091,2024,3,783.0,2,False,False,False,False,True,False,False,False,False,False,False,False,False,False,False,False,False,False,False,False,False,2.0,4.0,2,0.0,0.0,10.930371087745765,236.31758292602774,1.790606478414239e-05,0.25888735657662415,0.2588866148013272,1,0
784,-0.3333333333333333,0.14411620549837365,0.0,-0.03390710466948916,1,0.0,0.0,0.0,0,0.175704989154013,-0.7210743801652892,2022,12,784.0,0,False,False,False,False,False,False,False,False,False,False,False,True,False,False,False,False,False,False,False,False,False,1.0,4.0,2,0.0,0.0,10.883579033460945,230.85276693165278,1.8763838330768943e-05,0.14931746181205463,0.14931690345074336,1,0
785,0.9166666666666666,-0.3235931025264002,-0.3333333333333333,-0.33890004841517557,1,0.0,0.0,0.0,0,-0.913232104121475,0.27479338842975204,2024,5,785.0,2,False,False,False,False,False,False,False,True,False,False,False,False,False,False,False,False,False,False,False,False,False,3.0,1.0,1,-0.17422524565381708,1.0167001482956273,10.600950407163676,200.42953874117458,2.4892340626789136e-05,-0.5088761119648469,-0.5088753490894351,0,0
786,0.6666666666666666,2.8266017912043817,-0.6666666666666666,-0.5643314070274111,1,0.0,0.0,0.0,0,-0.8655097613882863,0.6632231404958677,2024,4,786.0,1,False,False,False,False,False,False,False,False,False,False,False,False,True,False,False,False,False,False,False,False,False,4.0,4.0,3,-0.3573643410852713,0.8464971118108624,11.783578360554147,362.0511013655393,7.628812499046398e-06,2.2870338809153696,2.287037266286486,3,0
787,-1.0,-0.6282939001024819,0.6666666666666666,1.0510172337422872,0,0.0,0.0,0.0,0,0.06724511930585683,0.26239669421487605,2023,2,787.0,0,False,False,True,False,False,False,False,False,False,False,False,False,False,False,False,False,False,False,False,False,False,2.0,1.0,0,0.6246612466124661,1.5765258482486422,10.361703226029821,177.83138080777533,3.162055335968379e-05,-1.06121845837685,-1.0612168964002466,0,0
788,-0.8333333333333334,-0.5863030789110191,1.0,-0.7127949977852632,0,0.0,0.0,0.0,0,-0.11496746203904555,0.5227272727272727,2023,5,788.0,1,False,False,False,False,False,True,False,False,False,False,False,False,False,False,False,False,False,False,False,False,False,3.0,0.0,0,0.896887159533074,-0.7127949970724682,10.398275253604346,181.11322425488427,3.0485016614334054e-05,-0.9770705805032999,-0.9770690871525902,0,1
789,-0.6666666666666666,1.0430691084079668,1.0,1.4343335702586608,1,0.0,0.0,0.0,0,-0.3752711496746204,0.8202479338842975,2023,9,789.0,1,False,False,False,False,False,False,False,False,False,False,False,False,False,False,False,False,False,False,False,False,False,3.0,0.0,3,0.7271293375394322,1.434333568824327,11.27101949515503,280.1999286224035,1.2736744233439048e-05,1.0617305510383634,1.061729392227163,1,1
790,0.8333333333333334,1.840966002762554,0.3333333333333333,0.8140568826807587,1,0.0,0.0,0.0,0,-0.7960954446854663,-0.6797520661157025,2024,3,790.0,0,False,False,False,False,False,False,False,False,False,True,False,False,False,False,False,False,False,False,False,False,False,0.0,2.0,3,0.1855877616747182,2.442170640715764,11.521855473491359,317.64130713746914,9.911097455821283e-06,1.6587551684797948,1.6587552741916485,2,0
791,-1.1666666666666667,0.13092723789154748,-0.3333333333333333,0.14189148820008865,1,0.0,0.0,0.0,0,0.8112798264642083,0.8574380165289256,2022,3,791.0,0,False,False,False,False,False,False,False,True,False,False,False,False,False,False,False,False,False,False,False,False,False,1.0,1.0,2,-0.1840319361277445,-0.4256744658772894,10.8766122011623,230.04999456639854,1.889501927291966e-05,0.13301829044685193,0.13301776103435276,1,0
792,-1.1666666666666667,-0.07211157153678208,-0.3333333333333333,-0.6201736765660248,1,0.0,0.0,0.0,0,-0.15835140997830802,0.3615702479338843,2023,6,792.0,2,False,False,False,False,False,False,False,False,False,False,False,False,True,False,False,False,False,False,False,False,False,3.0,3.0,1,-0.2877652933832709,1.860521035279638,10.762742216027,217.3177397268801,2.1173879901753197e-05,-0.13284935872366915,-0.13284937154497,0,0
793,0.0,-0.42340150603751725,1.0,1.0516105771706996,0,0.0,0.0,0.0,0,-0.6724511930585684,-0.39462809917355374,2024,1,793.0,2,False,False,False,False,False,False,False,False,False,False,False,False,False,False,False,False,False,False,False,False,False,1.0,0.0,0,0.5979247730220493,1.051610576119089,10.5287037975555,193.31839022710696,2.6757284670751613e-05,-0.6761338070176637,-0.6761327320541481,0,1
794,1.3333333333333333,-1.120121195918549,-0.6666666666666666,-0.8903303563150902,1,0.0,0.0,0.0,0,-0.3036876355748373,0.12190082644628099,2023,8,794.0,2,False,False,False,False,False,False,False,False,False,False,False,True,False,False,False,False,False,False,False,False,False,1.0,4.0,0,-0.5113699389905713,1.3354955364758785,9.67852985665631,126.37246535539299,6.261348694508798e-05,-2.6144184827701777,-2.61442497741703,0,0
795,-0.3333333333333333,-0.6866105244396916,-0.3333333333333333,-0.16219083820060357,1,0.0,0.0,0.0,0,-0.38611713665943603,-0.3037190082644628,2023,9,795.0,0,False,False,False,False,False,False,False,False,False,False,False,True,False,False,False,False,False,False,False,False,False,3.0,0.0,0,-0.24047991653625456,0.4865725160615283,10.308585926738967,173.17043627594174,3.334556003868085e-05,-1.1832525815257176,-1.1832509695011393,0,0
796,-1.1666666666666667,2.62449761618322,0.3333333333333333,-0.0933856629273669,1,0.0,0.0,0.0,0,-0.24078091106290672,-0.6260330578512396,2023,7,796.0,1,False,False,False,False,False,False,False,False,False,False,False,False,True,False,False,False,False,False,False,False,False,2.0,1.0,3,0.2686480186480186,-0.28015698794162974,11.718947272207377,350.53815769470805,8.138153290255375e-06,2.131374002879496,2.1313763695121053,3,0
797,-0.25,0.0,0.6666666666666666,-0.5332838880476323,1,0.0,0.0,0.0,1,0.9023861171366594,0.5268595041322314,2022,1,797.0,0,False,False,False,False,False,False,False,False,False,False,False,False,False,False,False,False,False,False,False,False,False,1.0,3.0,1,0.3504370961611554,-0.7999258308715598,10.804684950962628,221.92341021172146,2.030415626078658e-05,-0.03503730162965734,-0.03503751246862067,1,0
798,-1.0,0.0,0.0,0.5688824335321447,1,0.0,0.0,0.0,1,-0.16702819956616052,0.609504132231405,2023,6,798.0,0,False,False,False,False,False,False,False,False,False,False,False,False,True,False,False,False,False,False,False,False,False,2.0,0.0,1,0.0,0.0,10.804684950962628,221.92341021172146,2.030415626078658e-05,-0.03503730162965734,-0.03503751246862067,1,0
799,0.75,0.4203003163569933,0.6666666666666666,1.3243281106750315,1,0.0,0.0,0.0,0,0.3644251626898048,0.18801652892561985,2022,10,799.0,2,False,False,False,False,False,False,False,False,True,False,False,False,False,False,False,False,False,False,False,False,False,1.0,1.0,2,0.48860625331213564,1.9864921630328092,11.019317430821303,247.0647688360281,1.6382163100815833e-05,0.46763873293118574,0.46763770726663995,1,0
800,0.8333333333333334,-0.33257585884240076,-0.3333333333333333,0.07563068492021806,0,0.0,0.0,0.0,0,0.13232104121475055,0.1590909090909091,2023,1,800.0,2,False,False,False,False,False,False,False,False,False,False,False,True,False,False,False,False,False,False,False,False,False,1.0,1.0,1,-0.2943805874840357,-0.22689205544133037,10.594657780211852,199.79989989987482,2.5049472708599484e-05,-0.5234601458297216,-0.5234593542974008,0,0
801,0.0,-0.8205320144365726,0.0,0.549528724620662,0,0.0,0.0,0.0,0,0.9609544468546638,-0.8574380165289256,2022,1,801.0,0,False,False,False,False,False,False,False,False,False,True,False,False,False,False,False,False,False,False,False,False,False,0.0,4.0,0,0.0,0.0,10.174735318524483,161.95987157317703,3.812137846904544e-05,-1.4898110567345566,-1.489809646666174,0,0
802,1.0833333333333333,-0.6836875640511518,0.0,-0.12435901397859431,1,0.0,0.0,0.0,0,-0.2885032537960954,-0.8367768595041323,2023,7,802.0,2,False,False,False,False,False,False,False,False,False,False,False,False,True,False,False,False,False,False,False,False,False,3.0,2.0,0,0.0,0.0,10.311316531166229,173.40703561274555,3.3254630707325996e-05,-1.1769844296747993,-1.1769828186502835,0,0
803,0.08333333333333333,0.9866060687073921,0.0,0.16567055018181454,1,0.0,0.0,0.0,0,-0.4490238611713666,-0.4318181818181818,2023,10,803.0,0,False,False,False,False,False,False,False,False,False,False,False,False,False,True,False,False,False,False,False,False,False,2.0,0.0,3,0.0,0.0,11.25063819753839,277.35897317375543,1.2998999077071065e-05,1.0134390331016276,1.0134378393969978,1,0
804,-0.3333333333333333,0.6343893418883394,0.3333333333333333,0.6231754174521258,1,0.0,0.0,0.0,0,-0.39045553145336226,0.022727272727272728,2023,9,804.0,2,False,False,False,False,False,False,False,True,False,False,False,False,False,False,False,False,False,False,False,False,False,0.0,3.0,3,0.23972958918356735,1.8695262467477987,11.113164059778741,258.93435461521904,1.491468798472736e-05,0.6885624623517362,0.6885612549520777,1,0
805,0.5833333333333334,-1.02460455375841,0.0,-0.3416071778073076,1,0.0,0.0,0.0,0,-0.5314533622559653,-0.7210743801652892,2023,11,805.0,2,False,False,False,False,False,False,False,False,False,False,False,False,False,False,False,False,False,False,False,False,False,4.0,0.0,0,0.0,0.0,9.92852157025577,143.19916200872126,4.87638367386746e-05,-2.05015741031973,-2.050158143799242,0,0
806,-0.3333333333333333,-0.35111170520875107,-0.3333333333333333,-0.1768781482740504,0,0.0,0.0,0.0,0,-0.6876355748373102,-0.9400826446280992,2024,1,806.0,2,False,False,False,False,False,False,False,False,False,False,False,False,False,False,False,True,False,False,False,False,False,3.0,0.0,1,-0.19751499571550984,0.5306344464140547,10.5815464756746,198.4943324127921,2.538006649577422e-05,-0.5538375883192156,-0.5538367378541855,0,0
807,0.0,-0.38415541594261016,-0.3333333333333333,0.15583711898802,0,0.0,0.0,0.0,0,-0.13232104121475055,0.9318181818181818,2023,5,807.0,2,False,False,False,False,False,False,True,False,False,False,False,False,False,False,False,False,False,False,False,False,False,1.0,4.0,1,-0.2943805874840357,-0.46751135836659413,10.557737967466126,196.14535426565678,2.5991578728491967e-05,-0.60896535480232,-0.6089644003629406,0,0
808,0.5833333333333334,1.5232901127300271,0.3333333333333333,0.5188438044026907,1,0.0,0.0,0.0,0,-0.5314533622559653,0.4607438016528926,2023,11,808.0,2,False,False,False,False,False,False,True,False,False,False,False,False,False,False,False,False,False,False,False,False,False,1.0,2.0,3,0.21765816808309726,1.556531408538478,11.429380799259883,303.2886413962778,1.0871337718106213e-05,1.4380717020911167,1.438071149523373,2,0
809,-0.5833333333333334,-0.712382480060598,1.0,1.179556434582857,0,0.0,0.0,0.0,0,0.5357917570498916,0.8119834710743802,2022,7,809.0,2,False,False,False,False,False,False,False,False,False,False,False,True,False,False,False,False,False,False,False,False,False,0.0,2.0,0,0.6511299435028248,1.1795564334033006,10.284181711652371,171.07016104511038,3.4169343265222444e-05,-1.2392475838810564,-1.2392459711032004,0,1
810,0.5,0.383977186650626,0.0,-0.5557897339225563,1,0.0,0.0,0.0,0,0.0021691973969631237,0.8037190082644629,2023,3,810.0,0,False,False,False,False,False,True,False,False,False,False,False,False,False,False,False,False,False,False,False,False,False,3.0,4.0,2,0.0,0.0,11.00248310108412,244.99387747451976,1.66602802259134e-05,0.42808216324437237,0.42808118383055227,1,0
811,0.25,-0.5609588735908747,0.0,0.3084705955066598,1,0.0,0.0,0.0,0,-0.03470715835140998,-0.31611570247933884,2023,4,811.0,1,False,False,False,False,False,False,False,False,False,False,False,False,False,False,False,True,False,False,False,False,False,0.0,1.0,0,0.0,0.0,10.41971854096067,183.0655620262861,2.9838276541146985e-05,-0.927684428287825,-0.9276829865594926,0,0
812,0.08333333333333333,1.87033819008154,0.0,0.45844638791886866,1,0.0,0.0,0.0,0,0.596529284164859,-0.2871900826446281,2022,6,812.0,0,False,False,False,False,False,False,False,False,False,False,False,True,False,False,False,False,False,False,False,False,False,3.0,1.0,3,0.0,0.0,11.529989050396109,318.9357302028106,9.830811730124556e-06,1.6781978537905433,1.6781980290763812,2,0
813,1.3333333333333333,-0.5392505458272067,0.3333333333333333,0.9476353822223599,1,0.0,0.0,0.0,0,0.7223427331887202,0.01859504132231405,2022,4,813.0,1,False,False,False,False,False,False,False,False,False,False,False,False,False,True,False,False,False,False,False,False,False,1.0,0.0,0,0.19353484466834592,2.8429061381383613,10.437726922711134,184.7214118612133,2.930574685695865e-05,-0.8861819601301931,-0.886180567660178,0,0
814,-1.1666666666666667,0.0,0.6666666666666666,0.49280468082037976,1,0.0,0.0,0.0,1,0.8872017353579176,-0.18388429752066116,2022,2,814.0,1,False,False,False,False,False,False,False,False,False,False,False,False,False,True,False,False,False,False,False,False,False,4.0,0.0,1,0.3532567049808429,0.7392070201217592,10.804684950962628,221.92341021172146,2.030415626078658e-05,-0.03503730162965734,-0.03503751246862067,1,0
815,0.4166666666666667,0.11460143474580048,-0.3333333333333333,-0.07134748704636516,1,0.0,0.0,0.0,0,-0.279826464208243,-0.8739669421487604,2023,7,815.0,0,False,False,False,False,False,False,False,False,False,False,False,True,False,False,False,False,False,False,False,False,False,4.0,4.0,2,-0.26045197740112996,0.2140424617812229,10.867920619736298,229.05239575258759,1.905996264247322e-05,0.11268930561897648,0.1126888128575522,1,0
816,0.0,0.0,-0.3333333333333333,0.28700928129217024,0,0.0,0.0,0.0,1,0.737527114967462,-0.2665289256198347,2022,4,816.0,2,False,False,False,False,False,False,False,False,False,False,False,False,False,False,False,False,False,False,False,False,False,1.0,1.0,1,-0.1918435289221806,-0.8610278464595944,10.804684950962628,221.92341021172146,2.030415626078658e-05,-0.03503730162965734,-0.03503751246862067,1,0
817,-0.9166666666666666,2.490077084168783,-0.3333333333333333,-0.05841548461530537,1,0.0,0.0,0.0,0,-0.31019522776572667,-0.7169421487603306,2023,8,817.0,2,False,False,False,True,False,False,False,False,False,False,False,False,False,False,False,False,False,False,False,False,False,0.0,4.0,3,-0.25441501103752756,0.1752464543716555,11.687777527755639,345.11737133908514,8.395812168890158e-06,2.0564233672609684,2.0564252933488456,2,0
818,0.75,-0.09292875284052934,1.6666666666666667,1.0686197554518582,1,0.0,0.0,0.0,0,-0.006507592190889371,0.1012396694214876,2023,3,818.0,2,False,False,False,False,False,False,False,False,False,False,False,False,False,False,True,False,False,False,False,False,False,3.0,0.0,1,1.655890804597701,0.6411718528864118,10.750299580640224,215.96990531090205,2.1438984649686992e-05,-0.16183978071972693,-0.16183973372286692,0,1
819,0.16666666666666666,0.09471104576037072,0.3333333333333333,0.3358261998207609,1,0.0,0.0,0.0,0,-0.18872017353579176,0.25826446280991733,2023,6,819.0,2,False,False,False,False,False,False,False,False,False,False,False,False,True,False,False,False,False,False,False,False,False,2.0,2.0,2,0.2804136253041362,1.007478596439847,10.85722819985712,227.8310777747408,1.92648532018186e-05,0.0876885773417788,0.0876881304446522,1,0
820,0.16666666666666666,-0.09606558837945016,-0.3333333333333333,-0.12602161171029178,1,0.0,0.0,0.0,0,0.5422993492407809,0.42768595041322316,2022,7,820.0,2,False,False,False,False,False,False,False,False,False,False,True,False,False,False,False,False,False,False,False,False,False,2.0,0.0,1,-0.21612751992498824,0.37806483626506987,10.748411168061867,215.76607703714689,2.1479508548844402e-05,-0.16623859235723773,-0.1662385362509341,0,0
821,0.5833333333333334,-0.6205943946887671,-0.6666666666666666,-0.24379822202993495,0,0.0,0.0,0.0,0,-0.13882863340563992,-0.518595041322314,2023,5,821.0,1,False,False,False,False,False,False,False,False,False,False,True,False,False,False,False,False,False,False,False,False,False,4.0,0.0,0,-0.5853968253968254,0.3656973335934484,10.368510046500305,178.4376641855637,3.140604880499984e-05,-1.0455645400866165,-1.0455629889121076,0,0
822,0.0,0.0,0.3333333333333333,0.7714947927933498,1,0.0,0.0,0.0,1,0.1561822125813449,-0.9607438016528925,2023,1,822.0,0,False,True,False,False,False,False,False,False,False,False,False,False,False,False,False,False,False,False,False,False,False,2.0,1.0,1,0.2883051907442151,2.314484371436596,10.804684950962628,221.92341021172146,2.030415626078658e-05,-0.03503730162965734,-0.03503751246862067,1,0
823,-0.4166666666666667,0.80887581874081,1.0,-0.2870772685600091,1,0.0,0.0,0.0,0,0.4750542299349241,0.890495867768595,2022,8,823.0,1,False,False,False,False,False,False,False,False,False,False,False,True,False,False,False,False,False,False,False,False,False,0.0,0.0,3,0.6779411764705883,-0.2870772682729318,11.183629417797983,268.220058906861,1.3899892970824124e-05,0.8548991289730942,0.854897882595769,1,1
824,-0.4166666666666667,-0.2282404313148866,-0.3333333333333333,-0.6488437013916787,1,0.0,0.0,0.0,0,-0.5422993492407809,-0.6921487603305785,2023,11,824.0,1,False,True,False,False,False,False,False,False,False,False,False,False,False,False,False,False,False,False,False,False,False,1.0,0.0,1,-0.21612751992498824,1.9465311100146296,10.6654142484909,206.99516902575286,2.333831217326363e-05,-0.35929600780167315,-0.3592955489223684,0,0
825,1.4166666666666667,-0.4013010738314842,-1.0,-0.60403391122511,0,0.0,0.0,0.0,0,0.6984815618221258,-0.6797520661157025,2022,5,825.0,2,False,False,False,False,False,False,False,False,False,False,False,False,True,False,False,False,False,False,False,False,False,0.0,4.0,1,-0.5887611749680716,0.6040339118291439,10.545157211213365,194.91536624904666,2.6320638012265417e-05,-0.638078001761463,-0.6380769941791999,0,0
826,0.16666666666666666,-0.6335694871452123,1.0,0.24559267385683545,0,0.0,0.0,0.0,0,0.5422993492407809,0.8243801652892562,2022,7,826.0,0,False,False,False,False,True,False,False,False,False,False,False,False,False,False,False,False,False,False,False,False,False,2.0,3.0,0,0.6483825597749647,0.24559267361124276,10.357012399387852,177.41476826916073,3.1769228325443974e-05,-1.0720040747453796,-1.0720025058745843,0,1
827,0.16666666666666666,0.47829612796863163,1.6666666666666667,-0.763181804134862,1,0.0,0.0,0.0,0,-0.7939262472885033,0.4194214876033058,2024,3,827.0,2,False,True,False,False,False,False,False,False,False,False,False,False,False,False,False,False,False,False,False,False,False,3.0,4.0,2,0.9290608625554212,-0.4579090822061717,11.04562218649336,250.3357745109556,1.5956852670379295e-05,0.5294929287208597,0.5294918386238692,1,1
828,-0.75,-0.19665820077529741,-1.0,-0.7494998815373364,0,0.0,0.0,0.0,0,-0.5813449023861171,0.03925619834710744,2023,12,828.0,2,False,False,False,False,False,False,False,False,False,True,False,False,False,False,False,False,False,False,False,False,False,2.0,2.0,1,-0.6323731138545954,0.7494998822868363,10.685881110610268,209.124364912365,2.286550509900764e-05,-0.31173804175856507,-0.3117376819511036,0,0
829,0.4166666666666667,0.6241589805284499,0.6666666666666666,-0.09288914985011897,1,0.0,0.0,0.0,0,0.01735357917570499,0.8987603305785123,2023,3,829.0,0,False,False,False,False,False,False,False,False,False,False,False,False,False,False,True,False,False,False,False,False,False,1.0,4.0,3,0.6552949538024165,-0.13933372456617787,11.108874356692946,258.37956575549856,1.4978804990937823e-05,0.6784490282817074,0.6784478261239617,1,0
830,-0.4166666666666667,0.3508978300583701,-1.3333333333333333,-0.9512646249884114,0,0.0,0.0,0.0,0,0.8698481561822126,0.002066115702479339,2022,2,830.0,0,False,False,False,False,False,False,False,False,False,False,True,False,False,False,False,False,False,False,False,False,False,2.0,2.0,2,-0.7130703789636503,0.7134484692763949,10.98690159744634,243.09257495859472,1.6921905406548776e-05,0.39148919449676783,0.3914882611906274,1,0
831,-0.16666666666666666,1.1710377400525775,-1.3333333333333333,-0.9512646249884114,1,0.0,0.0,0.0,0,-0.47071583514099785,-0.8243801652892562,2023,10,831.0,2,False,False,False,False,False,False,True,False,False,False,False,False,False,False,False,False,False,False,False,False,False,0.0,4.0,3,-0.9065880039331365,0.7134484692763949,11.315729835576818,286.5344656406974,1.2179822905374955e-05,1.1677823259710078,1.167781276534339,1,0
832,1.25,-0.4135988949783897,0.3333333333333333,0.677575532824459,1,0.0,0.0,0.0,0,0.5162689804772235,-0.27892561983471076,2022,7,832.0,2,False,False,False,False,False,False,False,False,False,True,False,False,False,False,False,False,False,False,False,False,False,1.0,0.0,0,0.2198378636146876,2.032726592375197,10.536035110967143,194.02834844424152,2.6561835954101147e-05,-0.6591794748749004,-0.6591784296241631,0,0
833,-0.9166666666666666,-0.23365860179120437,0.3333333333333333,1.024222009332798,1,0.0,0.0,0.0,0,-0.7483731019522777,-0.34917355371900827,2024,2,833.0,2,False,False,False,False,False,False,False,False,False,False,False,True,False,False,False,False,False,False,False,False,False,2.0,1.0,1,0.19065343258891645,3.0726660187803962,10.66186051801378,206.62768449556802,2.3421397789020048e-05,-0.3675503545680988,-0.3675498785663009,0,0
834,-1.0833333333333333,1.401987256605623,1.6666666666666667,1.091762209380183,1,0.0,0.0,0.0,0,0.45770065075921906,0.5475206611570248,2022,8,834.0,2,False,False,False,False,False,False,False,False,False,False,False,False,False,True,False,False,False,False,False,False,False,2.0,3.0,3,1.1433531746031749,0.6550573252350754,11.39168395568245,297.6256037373129,1.1288975186832539e-05,1.3483060682249954,1.3483053143864825,2,1
835,-1.0,0.22820478545648978,0.3333333333333333,0.17531032067328006,1,0.0,0.0,0.0,0,0.4967462039045553,-0.05578512396694215,2022,8,835.0,2,False,False,False,False,False,False,False,False,True,False,False,False,False,False,False,False,False,False,False,False,False,2.0,2.0,2,0.22270531400966181,0.5259309604420473,10.926891263606484,235.90676124265704,1.796848328032631e-05,0.2507329994362468,0.25073227058758824,1,0
836,-0.5833333333333334,-0.1924876353428686,0.0,0.3900697384550409,1,0.0,0.0,0.0,0,0.20824295010845986,-0.506198347107438,2022,12,836.0,2,False,False,False,False,False,False,False,False,False,False,False,True,False,False,False,False,False,False,False,False,False,2.0,2.0,1,0.0,0.0,10.688552802557403,209.40391591371923,2.2804497046817632e-05,-0.30552755302488804,-0.30552720619347445,0,0
837,-0.08333333333333333,-0.446393084703471,0.0,0.8582836305201028,0,0.0,0.0,0.0,0,-0.2993492407809111,0.34917355371900827,2023,8,837.0,1,True,False,False,False,False,False,False,False,False,False,False,False,False,False,False,False,False,False,False,False,False,0.0,3.0,0,0.0,0.0,10.511294685929059,191.6428970768288,2.7227183620126335e-05,-0.7163773798737944,-0.7163762364999899,0,0
838,-0.6666666666666666,0.0,0.6666666666666666,1.1682087415144682,1,0.0,0.0,0.0,1,-0.45770065075921906,0.9111570247933884,2023,10,838.0,1,False,False,True,False,False,False,False,False,False,False,False,False,False,False,False,False,False,False,False,False,False,4.0,1.0,1,0.4573412698412699,1.7523131096432327,10.804684950962628,221.92341021172146,2.030415626078658e-05,-0.03503730162965734,-0.03503751246862067,1,0
839,0.25,-0.18086708550550282,0.3333333333333333,-0.07419265119441266,0,0.0,0.0,0.0,0,0.31453362255965295,0.41115702479338845,2022,10,839.0,2,False,False,False,False,False,False,False,False,False,False,False,False,True,False,False,False,False,False,False,False,False,2.0,3.0,1,0.25357535753575355,-0.22257795291550414,10.695959570639554,210.18087448671443,2.2636213414220068e-05,-0.2883072393875652,-0.2883069285627666,0,0
840,-0.5833333333333334,-0.6160317248139732,-0.6666666666666666,-0.7739320333343634,1,0.0,0.0,0.0,0,-0.6876355748373102,-0.8367768595041323,2024,1,840.0,2,False,False,False,True,False,False,False,False,False,False,False,False,False,False,False,False,False,False,False,False,False,1.0,3.0,0,-0.3950299914310197,1.1608980517428922,10.372521962240313,178.79597310901607,3.1280302793331036e-05,-1.0363365134945284,-1.0363349691215717,0,0
841,-0.9166666666666666,-0.22474713719199751,-0.3333333333333333,-0.11194206660692017,1,0.0,0.0,0.0,0,0.3492407809110629,-0.5557851239669421,2022,10,841.0,1,False,False,True,False,False,False,False,False,False,False,False,False,False,False,False,False,False,False,False,False,False,0.0,3.0,1,-0.2470525187566988,0.33582620082823916,10.667698791527078,207.23175432351096,2.3285055651283005e-05,-0.35398912125024096,-0.35398867339282264,0,0
842,-1.0833333333333333,0.9353473243327541,1.6666666666666667,1.8162015719480413,1,0.0,0.0,0.0,0,0.19088937093275488,0.49793388429752067,2022,12,842.0,1,False,False,False,True,False,False,False,False,False,False,False,False,False,False,False,False,False,False,False,False,False,4.0,1.0,3,1.3995142683667274,1.089720942514992,11.231768722833587,274.7544358149655,1.3246612178935238e-05,0.9687588571971235,0.9687576392231789,1,1
843,0.4166666666666667,0.49904201755558525,0.0,-0.23963039648938467,1,0.0,0.0,0.0,0,-0.5900216919739696,0.22107438016528927,2023,12,843.0,1,False,False,False,False,False,False,False,False,False,False,False,False,False,False,False,False,True,False,False,False,False,2.0,3.0,2,0.0,0.0,11.054866216741466,251.49552679918582,1.5810026718945154e-05,0.5512426360226553,0.551241525660749,1,0
844,1.8333333333333333,1.2218330882680568,-1.0,-0.6174809687155557,1,0.0,0.0,0.0,0,-0.7310195227765727,0.18801652892561985,2024,2,844.0,0,False,False,False,True,False,False,False,False,False,False,False,False,False,False,False,False,False,False,False,False,False,4.0,0.0,3,-0.5776942355889725,0.6174809693330366,11.332937183969946,289.0103804364127,1.1972033330140792e-05,1.2086398295771126,1.2086388346932593,1,0
845,0.16666666666666666,0.9937352403867575,-1.0,-0.642801075434964,0,0.0,0.0,0.0,0,-0.45770065075921906,0.4855371900826446,2023,10,845.0,1,False,False,False,False,False,False,False,False,False,False,False,True,False,False,False,False,False,False,False,False,False,2.0,3.0,3,-0.6860119047619049,0.642801076077765,11.25323462372018,277.71928272988174,1.2965291913547434e-05,1.0195891919409887,1.0195880021753596,1,0
846,0.0,-1.120121195918549,0.0,0.23595496358560733,1,0.0,0.0,0.0,0,-0.11496746203904555,-0.006198347107438017,2023,5,846.0,1,False,False,False,False,False,False,True,False,False,False,False,False,False,False,False,False,False,False,False,False,False,0.0,1.0,0,0.0,0.0,9.37339415841248,108.48963084092415,8.495454931611588e-05,-3.2968074972426065,-3.296828597443626,0,0
847,-0.6666666666666666,0.10105600855500602,0.0,-0.023750218898400188,1,0.0,0.0,0.0,0,0.3080260303687636,-0.7210743801652892,2022,10,847.0,1,False,False,False,False,False,False,False,False,False,False,False,False,False,False,True,False,False,False,False,False,False,0.0,4.0,2,0.0,0.0,10.860651477619863,228.2213837483245,1.9199017010329072e-05,0.09569182402646957,0.09569136235517137,1,0
848,-1.0,0.6404491378158,1.0,0.025225336588481417,1,0.0,0.0,0.0,0,0.48156182212581344,-0.047520661157024795,2022,8,848.0,2,False,False,False,False,False,False,False,False,False,False,False,False,False,False,False,False,False,False,False,False,False,0.0,0.0,3,0.6749633967789166,0.025225336563256078,11.115696347786779,259.26241532470533,1.4876967478949091e-05,0.6945332808041488,0.6945320704578948,1,1
849,0.08333333333333333,1.1161431181214632,-0.6666666666666666,-0.522966305098015,0,0.0,0.0,0.0,0,-0.7527114967462039,-0.18388429752066116,2024,3,849.0,1,False,False,False,False,False,False,False,False,False,False,False,True,False,False,False,False,False,False,False,False,False,0.0,0.0,3,-0.38036303630363033,0.7844494588236967,11.296794766023805,283.8344587959679,1.2412646003748618e-05,1.1228495439797082,1.1228484426029408,1,0
850,0.5,-0.2763266942922069,-0.6666666666666666,-0.8297681222122645,0,0.0,0.0,0.0,0,-0.8091106290672451,0.7830578512396694,2024,3,850.0,1,False,False,False,False,False,False,False,False,False,False,True,False,False,False,False,False,False,False,False,False,False,2.0,3.0,1,-0.36850519584332536,1.244652185185375,10.633424609542924,203.71057900855322,2.4096966191956433e-05,-0.43356403046255887,-0.4335634187178269,0,0
851,1.0,-0.46033061533663056,0.3333333333333333,0.7282569506680265,1,0.0,0.0,0.0,0,0.010845986984815618,-0.7293388429752066,2023,3,851.0,2,False,False,False,False,False,False,False,False,False,False,False,True,False,False,False,False,False,False,False,False,False,0.0,2.0,0,0.32975679542203146,2.184770845449767,10.500591784882543,190.62004091910168,2.752015851611305e-05,-0.7411070344450227,-0.7411058506188903,0,0
852,-0.6666666666666666,0.19950986944704363,0.0,0.7076362063104548,1,0.0,0.0,0.0,0,-0.48156182212581344,0.3367768595041322,2023,10,852.0,0,False,False,True,False,False,False,False,False,False,False,False,False,False,False,False,False,False,False,False,False,False,1.0,4.0,2,0.0,0.0,10.912321001957451,234.19436372380954,1.823220536756126e-05,0.21660041265587346,0.21659973922963938,1,0
853,0.08333333333333333,0.00990954863431805,1.6666666666666667,2.091475838767164,1,0.0,0.0,0.0,0,0.5813449023861171,-0.4524793388429752,2022,6,853.0,0,False,False,False,False,False,False,False,False,False,False,False,False,False,False,True,False,False,False,False,False,False,3.0,3.0,2,1.0539551897576591,1.254885502507367,10.810313635594497,222.54887103735214,2.019019160491833e-05,-0.021900589437201006,-0.02190082629868106,1,1
854,0.0,-1.0740810052132068,0.3333333333333333,-0.2646085066493608,1,0.0,0.0,0.0,0,0.8112798264642083,-0.27479338842975204,2022,3,854.0,1,False,False,False,False,False,False,False,False,False,False,False,True,False,False,False,False,False,False,False,False,False,0.0,3.0,0,0.1840319361277445,-0.7938255175666058,9.858437883982404,138.2678559897419,5.230399079449762e-05,-2.2088190017585325,-2.2088209161092887,0,0
855,-0.3333333333333333,-1.0097045849485362,-0.6666666666666666,-0.5549574049465887,0,0.0,0.0,0.0,0,-0.720173535791757,-0.4690082644628099,2024,2,855.0,1,False,False,False,False,False,True,False,False,False,False,False,False,False,False,False,False,False,False,False,False,False,4.0,2.0,0,-0.3875577973938629,0.8324361086685372,9.948699895357676,144.65130486794789,4.778972520908005e-05,-2.0044072208946853,-2.00440766803345,0,0
856,-1.1666666666666667,0.6814418749721517,0.0,0.8173449941798778,1,0.0,0.0,0.0,0,0.6637744034707158,-0.39462809917355374,2022,5,856.0,0,False,False,False,False,False,False,False,False,True,False,False,False,False,False,False,False,False,False,False,False,False,3.0,1.0,3,0.0,0.0,11.132660157883807,261.47083967433156,1.4626725953662532e-05,0.7345448165206524,0.7345435893103627,1,0
857,-0.16666666666666666,0.598493962482734,-1.0,-0.8218300936370098,0,0.0,0.0,0.0,0,-0.23644251626898047,-0.8698347107438017,2023,7,857.0,1,False,False,False,False,False,False,False,True,False,False,False,False,False,False,False,False,False,False,False,False,False,0.0,3.0,2,-0.8087719298245614,0.8218300944588398,11.098031040257398,256.98248967585323,1.5142108690056177e-05,0.6528911929380992,0.6528900054173615,1,0
858,-0.5,1.1832642694826896,-0.3333333333333333,-0.34407326143164696,1,0.0,0.0,0.0,0,0.806941431670282,1.0351239669421488,2022,3,858.0,1,False,False,False,True,False,False,False,False,False,False,False,False,False,False,False,False,False,False,False,False,False,2.0,0.0,3,-0.1844737895158063,1.0322197873916004,11.31989881255983,287.1323736536861,1.2129151201998884e-05,1.177679086030403,1.177678049161968,1,0
859,0.3333333333333333,-0.2571135766163169,0.0,0.4636319622567654,0,0.0,0.0,0.0,0,0.015184381778741865,0.5516528925619835,2023,3,859.0,2,False,False,False,False,False,False,False,False,True,False,False,False,False,False,False,False,False,False,False,False,False,2.0,3.0,1,0.0,0.0,10.646329250119924,205.0292662036325,2.3788001332128076e-05,-0.4036137876492194,-0.40361323719393816,0,0
860,-0.5833333333333334,-0.019213117675890033,0.6666666666666666,1.2758696704677732,1,0.0,0.0,0.0,0,0.7852494577006508,1.0268595041322315,2022,3,860.0,0,False,False,False,False,False,False,False,False,False,False,False,False,True,False,False,False,False,False,False,False,False,4.0,0.0,1,0.37343053867962733,1.9138045028309532,10.79368068528841,220.7056863789422,2.052882246674331e-05,-0.06071289600571146,-0.06071305554895917,0,0
861,1.0,-0.2817092189101279,-1.0,-0.6888696601666718,0,0.0,0.0,0.0,0,0.11496746203904555,-0.08057851239669421,2023,1,861.0,1,False,False,False,False,False,False,False,False,False,False,False,False,False,True,False,False,False,False,False,False,False,1.0,0.0,1,-0.896887159533074,0.6888696608555415,10.629779331688376,203.3396173892338,2.4184966624746057e-05,-0.44202198483560434,-0.4420213558892929,0,0
862,0.08333333333333333,1.6606692509914005,-0.3333333333333333,-0.12048992037248776,1,0.0,0.0,0.0,0,0.22125813449023862,-0.6962809917355371,2022,12,862.0,1,False,False,False,False,True,False,False,False,False,False,False,False,False,False,False,False,False,False,False,False,False,4.0,3.0,3,-0.27294256956779156,0.3614697622018726,11.47042497923808,309.5771309383172,1.043416563194524e-05,1.53593646697817,1.535936177000478,2,0
863,1.25,-0.15744775653878715,0.3333333333333333,-0.26299741442360186,0,0.0,0.0,0.0,0,0.08459869848156182,1.0681818181818181,2023,2,863.0,1,False,False,False,False,False,True,False,False,False,False,False,False,False,False,False,False,False,False,False,False,False,1.0,3.0,1,0.3073333333333333,-0.7889922409038288,10.710722059133841,211.73804570742595,2.230450104831155e-05,-0.25397261741180877,-0.2539723784276006,0,0
864,0.25,0.3298667736042419,0.6666666666666666,1.1751145997507138,1,0.0,0.0,0.0,0,0.3947939262472885,0.6466942148760331,2022,9,864.0,0,False,False,False,False,False,False,False,True,False,False,False,False,False,False,False,False,False,False,False,False,False,2.0,2.0,2,0.4779678589942975,1.762671896982063,10.976867499653059,241.87600128991716,1.709255619177848e-05,0.36793429317844495,0.3679333911725099,1,0
865,0.75,0.09770529786570423,-0.3333333333333333,-0.26486397395881617,1,0.0,0.0,0.0,0,-0.4403470715835141,0.5103305785123967,2023,10,865.0,0,False,False,False,False,False,False,False,False,False,False,False,False,False,False,True,False,False,False,False,False,False,2.0,0.0,2,-0.23142570281124497,0.7945919242602244,10.858845139574186,228.01535036045271,1.923372826588706e-05,0.09146869071181829,0.09146823682589746,1,0
866,0.0,-0.936808804527024,-0.3333333333333333,-0.15789115856485053,0,0.0,0.0,0.0,0,-0.7505422993492408,-0.7871900826446281,2024,2,866.0,1,False,False,False,False,False,False,False,False,False,True,False,False,False,False,False,False,False,False,False,False,False,4.0,2.0,0,-0.19041718298223873,0.4736734771155721,10.041944295683145,151.5552704461313,4.3535045711798e-05,-1.7925948760116297,-1.7925942786663225,0,0
867,-0.3333333333333333,2.8266017912043817,-0.3333333333333333,0.29200531536821295,1,0.0,0.0,0.0,0,-0.14967462039045554,1.0640495867768596,2023,5,867.0,2,True,False,False,False,False,False,False,False,False,False,False,False,False,False,False,False,False,False,False,False,False,3.0,2.0,3,-0.289937106918239,-0.8760159487326868,12.18459361385305,442.4353060052961,5.108556832694763e-06,3.2603815329860524,3.2603947111080624,4,0
868,-1.0,0.0,-0.6666666666666666,-0.3151930941417637,0,0.0,0.0,0.0,1,-0.7006507592190889,-0.5392561983471075,2024,2,868.0,0,False,False,False,False,True,False,False,False,False,False,False,False,False,False,False,False,False,False,False,False,False,1.0,2.0,1,-0.3920068027210884,0.47278964192183004,10.804684950962628,221.92341021172146,2.030415626078658e-05,-0.03503730162965734,-0.03503751246862067,1,0
869,0.5,-0.5056365013589984,0.6666666666666666,0.22196812839292535,1,0.0,0.0,0.0,0,-0.665943600867679,-0.07231404958677685,2024,1,869.0,1,False,False,False,False,False,False,False,False,False,False,False,False,False,False,False,False,False,False,False,False,False,2.0,1.0,0,0.40017361111111105,0.33295219208995974,10.464987279030074,187.25650856512306,2.851765242685222e-05,-0.8233098160464432,-0.8233085075103365,0,0
870,0.5,-0.3439112418125919,-0.6666666666666666,-0.2742894815455772,1,0.0,0.0,0.0,0,-0.8351409978308026,0.621900826446281,2024,4,870.0,2,False,False,False,False,False,False,False,False,True,False,False,False,False,False,False,False,False,False,False,False,False,0.0,4.0,1,-0.36327817178881006,0.4114342229355171,10.58666015194887,199.00251254695254,2.5250612327348938e-05,-0.5419913443749352,-0.5419905167645523,0,0
871,-0.08333333333333333,-0.4764781891903934,0.0,0.1606065288379329,0,0.0,0.0,0.0,0,0.4403470715835141,0.026859504132231406,2022,8,871.0,1,False,False,False,False,False,True,False,False,False,False,False,False,False,False,False,False,False,False,False,False,False,0.0,4.0,0,0.0,0.0,10.488046792679175,189.4280866186427,2.7867573291717758e-05,-0.7700817211665875,-0.7700804916012587,0,0
872,-0.75,-0.015862406986588244,0.3333333333333333,-0.3529301482328461,1,0.0,0.0,0.0,0,-0.7288503253796096,-0.4194214876033058,2024,2,872.0,0,False,False,False,False,False,False,False,False,False,False,True,False,False,False,False,False,False,False,False,False,False,3.0,3.0,1,0.19280635717273106,-1.058790441522167,10.795608535103078,220.91853702213402,2.0489284104413392e-05,-0.05621543950841907,-0.056215608076465556,1,0
873,-0.25,0.0,-0.6666666666666666,-0.2301204198728844,0,0.0,0.0,0.0,1,-0.3947939262472885,-0.8615702479338843,2023,9,873.0,2,False,False,False,False,False,False,False,False,False,False,False,False,False,False,True,False,False,False,False,False,False,1.0,1.0,1,-0.4779678589942975,0.34518063032709756,10.804684950962628,221.92341021172146,2.030415626078658e-05,-0.03503730162965734,-0.03503751246862067,1,0
874,-0.6666666666666666,0.24748919484917345,1.0,1.1407830897122904,1,0.0,0.0,0.0,0,0.14316702819956617,-0.026859504132231406,2023,1,874.0,0,False,False,False,False,False,False,False,False,False,False,False,True,False,False,False,False,False,False,False,False,False,3.0,0.0,2,0.874762808349146,1.1407830885715071,10.936565268616524,237.05062750391528,1.7795494180873403e-05,0.2734046716354707,0.27340390715610585,1,1
875,0.8333333333333334,0.8531836207280666,1.0,1.0931446171595744,1,0.0,0.0,0.0,0,0.16268980477223427,0.8657024793388429,2023,1,875.0,1,False,False,False,False,False,False,False,True,False,False,False,False,False,False,False,False,False,False,False,False,False,3.0,3.0,3,0.8600746268656716,1.0931446160664298,11.200759424826883,270.5272629514445,1.3663815483835706e-05,0.8953943234963693,0.8953930818496143,1,1
876,0.5,0.8433097179521455,-0.6666666666666666,-0.18851015173522043,0,0.0,0.0,0.0,0,-0.5010845986984815,0.8285123966942148,2023,11,876.0,2,False,False,False,False,True,False,False,False,False,False,False,False,False,False,False,False,False,False,False,False,False,1.0,0.0,3,-0.4441233140655106,0.2827652280269785,11.19696736716671,270.014814408395,1.3715727825097039e-05,0.8864279387829712,0.8864266955866076,1,0
877,-1.1666666666666667,1.7300717372900236,0.0,0.5898080904848729,1,0.0,0.0,0.0,0,-0.14316702819956617,0.7004132231404959,2023,5,877.0,0,False,False,False,False,False,False,False,False,False,False,False,False,False,True,False,False,False,False,False,False,False,1.0,1.0,3,0.0,0.0,11.490536696491818,312.70593214712125,1.0226412778925408e-05,1.583939241142889,1.5839390969058278,2,0
878,0.3333333333333333,-0.007592567838524261,-0.3333333333333333,0.6055172697961413,1,0.0,0.0,0.0,0,0.5835140997830802,0.609504132231405,2022,6,878.0,2,False,False,False,False,True,False,False,False,False,False,False,False,False,False,False,False,False,False,False,False,False,4.0,1.0,1,-0.21050228310502284,-1.8165518148380795,10.800350786744184,221.44299492194375,2.0392348790733716e-05,-0.04515107119885347,-0.04515126189862779,1,0
879,0.9166666666666666,-0.7639620371608074,1.0,1.4575254694726867,0,0.0,0.0,0.0,0,-0.6355748373101953,-0.44008264462809915,2024,1,879.0,2,True,False,False,False,False,False,False,False,False,False,False,False,False,False,False,False,False,False,False,False,False,2.0,4.0,0,0.6114058355437666,1.457525468015161,10.233474519468336,166.7872896835967,3.5946655163737015e-05,-1.3554487885473043,-1.3554472249358074,0,1
880,0.8333333333333334,0.15480996301742192,0.0,-0.026142134594188002,1,0.0,0.0,0.0,0,0.8177874186550976,0.378099173553719,2022,3,880.0,2,False,False,False,False,False,False,False,False,False,False,False,False,False,False,False,False,True,False,False,False,False,2.0,0.0,2,0.0,0.0,10.889192400494602,231.50161986474308,1.8658805090122027e-05,0.16245290167497675,0.16245232027750078,1,0
881,0.25,-0.4546272779931382,1.0,0.5725661073168723,1,0.0,0.0,0.0,0,0.31670281995661603,-0.7995867768595041,2022,10,881.0,1,False,False,False,False,False,False,False,False,False,False,False,False,False,False,True,False,False,False,False,False,False,1.0,2.0,0,0.7594728171334432,0.5725661067443062,10.504985344411832,191.03926298015284,2.739951228868126e-05,-0.730956535088127,-0.7309553677132431,0,1
882,-1.0833333333333333,-0.8138662389163659,0.6666666666666666,0.6367749312401497,0,0.0,0.0,0.0,0,0.824295010845987,0.2665289256198347,2022,3,882.0,2,False,False,False,False,False,False,False,False,False,False,False,False,False,False,True,False,False,False,False,False,False,2.0,0.0,0,0.36543797066983746,0.955162395427481,10.181838727246433,162.53614982520043,3.785154623566373e-05,-1.4735764240232647,-1.4735749893837131,0,0
883,0.25,2.276166287929421,-0.6666666666666666,-0.21959681489951274,0,0.0,0.0,0.0,0,-0.23427331887201736,0.8202479338842975,2023,7,883.0,0,False,False,False,False,False,False,False,False,False,False,False,False,False,False,True,False,False,False,False,False,False,0.0,2.0,3,-0.5401288810779145,0.329395222843362,11.636080711094968,336.3108680967655,8.841263947093876e-06,1.9322848900346683,1.932286156030266,2,0
884,-1.1666666666666667,0.620808269839148,-0.3333333333333333,-0.4561595434551953,1,0.0,0.0,0.0,0,-0.1540130151843818,0.4731404958677686,2023,5,884.0,0,False,False,False,False,False,False,False,False,False,True,False,False,False,False,False,False,False,False,False,False,False,4.0,2.0,3,-0.28884711779448624,1.368478634471022,11.107465356849564,258.1975987494849,1.4999925000374999e-05,0.6751274757037757,0.6751262753360905,1,0
885,0.0,0.6511785411932451,-0.3333333333333333,0.9420109809738663,1,0.0,0.0,0.0,0,0.6225596529284165,0.7665289256198347,2022,6,885.0,1,False,False,False,False,False,True,False,False,False,False,False,False,False,False,False,False,False,False,False,False,False,4.0,2.0,3,-0.20543672014260247,-2.8260329513996982,11.120164318733623,259.84225984238975,1.4810645892267361e-05,0.705069426129575,0.7050682108539782,1,0
886,-1.1666666666666667,-0.2493427794858085,0.3333333333333333,1.2699424168443607,0,0.0,0.0,0.0,0,-0.8481561822125814,0.41115702479338845,2024,4,886.0,2,False,True,False,False,False,False,False,False,False,False,False,False,False,False,False,False,False,False,False,False,False,1.0,2.0,1,0.18035993740219092,3.8098272391036003,10.651501634536913,205.5602101575108,2.366527830367285e-05,-0.39160564038786916,-0.3916051146528242,0,0
887,0.5833333333333334,-0.0012476050438889631,0.0,-0.08267663813261623,1,0.0,0.0,0.0,0,-0.5856832971800434,0.96900826446281,2023,12,887.0,1,False,False,False,False,False,True,False,False,False,False,False,False,False,False,False,False,False,False,False,False,False,4.0,4.0,1,0.0,0.0,10.803974052865316,221.8445401627004,2.0318595578673603e-05,-0.03669628203389155,-0.03669648957552448,1,0
888,0.5833333333333334,-0.05671256070935258,-0.3333333333333333,-0.7791855949400991,1,0.0,0.0,0.0,0,0.6572668112798264,-0.047520661157024795,2022,5,888.0,1,False,False,False,False,False,False,False,False,False,True,False,False,False,False,False,False,False,False,False,False,False,2.0,4.0,1,-0.20113438045375218,2.337556791832968,10.771847750652734,218.30941344797753,2.09819555182543e-05,-0.11162651863212375,-0.11162657496780101,0,0
889,-1.1666666666666667,-0.9873189858753286,1.0,1.6827920104659189,0,0.0,0.0,0.0,0,0.735357917570499,0.4524793388429752,2022,4,889.0,1,False,False,False,False,False,False,False,False,False,False,False,False,False,False,False,False,False,False,False,False,False,0.0,4.0,0,0.57625,1.6827920087831267,9.978270296979813,146.80599442802054,4.639725328260567e-05,-1.9373068496973302,-1.9373069175246442,0,1
890,0.25,0.8660874214677182,-0.6666666666666666,0.08060611679388527,0,0.0,0.0,0.0,0,-0.48156182212581344,-0.2665289256198347,2023,10,890.0,1,False,False,True,False,False,False,False,False,False,False,False,False,False,False,False,False,False,False,False,False,False,2.0,3.0,3,-0.44997559785261104,-0.12090917537219167,11.205693533273733,271.19550143761603,1.3596562788926959e-05,0.9070628027121903,0.9070615635146008,1,0
891,-0.5,1.8731542128948893,-0.3333333333333333,-0.07028647362403039,1,0.0,0.0,0.0,0,-0.7613882863340564,0.48140495867768596,2024,3,891.0,2,False,False,False,False,False,False,False,False,False,False,False,False,False,True,False,False,False,False,False,False,False,0.0,4.0,3,-0.1892446633825944,0.21085942150466944,11.53076538309856,319.0595555691758,9.823182711198428e-06,1.6800538924082702,1.6800540744364338,2,0
892,0.6666666666666666,1.0739740676380163,1.0,1.072161274040195,1,0.0,0.0,0.0,0,0.46203904555314534,-0.9359504132231405,2022,8,892.0,2,False,False,False,True,False,False,False,False,False,False,False,False,False,False,False,False,False,False,False,False,False,4.0,1.0,3,0.6839762611275965,1.0721612729680334,11.282001726337056,281.74279050225937,1.2597631645250693e-05,1.0877654862867425,1.087764350103978,1,1
893,-0.16666666666666666,-0.744820211201711,-0.3333333333333333,-0.6282868238614708,1,0.0,0.0,0.0,0,0.7418655097613883,-0.29545454545454547,2022,4,893.0,0,False,False,False,False,False,False,False,False,False,False,False,False,False,False,False,False,True,False,False,False,False,0.0,4.0,0,-0.1913657119136571,1.884860477238994,10.252593926974908,168.38942959699102,3.5265904923120326e-05,-1.3116575800746597,-1.3116559894574147,0,0
894,-0.16666666666666666,1.0433899211335382,1.0,-0.24358807956570555,1,0.0,0.0,0.0,0,-0.23427331887201736,0.5268595041322314,2023,7,894.0,2,False,False,False,True,False,False,False,False,False,False,False,False,False,False,False,False,False,False,False,False,False,0.0,2.0,3,0.8101933216168716,-0.24358807932211746,11.271134119283536,280.2159881234474,1.2735284378900181e-05,1.0620022345878497,1.062001075998866,1,1
895,-0.08333333333333333,0.543314173684445,1.0,-0.5693274411034539,1,0.0,0.0,0.0,0,0.6898047722342733,-0.8987603305785123,2022,5,895.0,2,False,False,False,False,False,True,False,False,False,False,False,False,False,False,False,False,False,False,False,False,False,3.0,4.0,2,0.5917843388960206,-0.5693274405341264,11.074311969762586,253.95275151098483,1.55055587428093e-05,0.5970172180364884,0.5970160692724952,1,1
896,0.08333333333333333,-0.6755603083366751,-1.0,-0.5886214036280479,0,0.0,0.0,0.0,0,0.5813449023861171,-0.08884297520661157,2022,6,896.0,2,False,False,False,False,False,False,False,False,True,False,False,False,False,False,False,False,False,False,False,False,False,1.0,2.0,0,-0.6323731138545954,0.5886214042166693,10.31886998765251,174.06320691059327,3.300438958381465e-05,-1.1596423629844037,-1.1596407556537873,0,0
897,1.75,-0.021458806754890165,0.3333333333333333,0.5942087209122657,1,0.0,0.0,0.0,0,-0.19956616052060738,0.9442148760330579,2023,6,897.0,1,False,False,False,False,False,True,False,False,False,False,False,False,False,False,False,False,False,False,False,False,False,3.0,1.0,1,0.27787823990355637,1.7826261573889186,10.79238653241831,220.56291619399667,2.055540709983761e-05,-0.06373184686098732,-0.06373200033721768,0,0
898,-1.0,2.006541015015818,-0.6666666666666666,-0.3821976369273875,0,0.0,0.0,0.0,0,0.6637744034707158,0.29132231404958675,2022,5,898.0,0,False,False,False,False,False,False,True,False,False,False,False,False,False,False,False,False,False,False,False,False,False,2.0,0.0,3,-0.4006953498478922,0.573296456251026,11.566864256941184,324.87074352732964,9.474900987284683e-06,1.7664112970554047,1.766411812401455,2,0
899,0.16666666666666666,0.7562268858886958,-0.6666666666666666,-0.6080678224502198,1,0.0,0.0,0.0,0,0.3969631236442516,0.44834710743801653,2022,9,899.0,2,False,False,False,False,False,False,False,False,False,True,False,False,False,False,False,False,False,False,False,False,False,1.0,3.0,3,-0.47722567287784673,0.9121017350434824,11.162885602967474,265.452443951831,1.4191241165952375e-05,0.8058918512336831,0.8058906067845933,1,0
900,0.8333333333333334,0.43441607628213696,1.0,0.3606250708200707,1,0.0,0.0,0.0,0,-0.8633405639913232,-0.6590909090909091,2024,4,900.0,2,False,False,False,False,False,False,True,False,False,False,False,False,False,False,False,False,False,False,False,False,False,1.0,2.0,2,0.5366705471478463,0.36062507045944564,11.02578381520839,247.86488254692313,1.6276571502978613e-05,0.48283905798723914,0.48283801557859607,1,1
901,1.9166666666666667,-0.0392460900949071,0.6666666666666666,-0.5121954736961382,1,0.0,0.0,0.0,0,-0.4598698481561822,-0.7954545454545454,2023,10,901.0,1,False,False,False,False,False,False,False,False,False,False,False,False,False,False,False,False,False,False,False,False,False,4.0,0.0,1,0.4566617137196632,-0.7682932093917675,10.782076417226271,219.4288039433292,2.0768431983385256e-05,-0.08777824490417256,-0.08777834980887696,0,0
902,-0.16666666666666666,-0.6093659492937664,-1.0,-0.7872204538665184,0,0.0,0.0,0.0,0,0.5726681127982647,0.13016528925619836,2022,6,902.0,2,False,False,False,False,False,False,False,False,True,False,False,False,False,False,False,False,False,False,False,False,False,0.0,3.0,0,-0.6358620689655172,0.7872204546537388,10.37835433744785,179.31815301301762,3.109839532280134e-05,-1.0229189484758536,-1.0229174145550828,0,0
903,0.5,-0.04737334580938377,-1.3333333333333333,-0.9512646249884114,0,0.0,0.0,0.0,0,0.559652928416486,-0.25413223140495866,2022,7,903.0,0,False,False,False,False,False,False,False,False,False,False,False,False,False,False,True,False,False,False,False,False,False,2.0,1.0,1,-0.8548910523875752,0.7134484692763949,10.777329968145445,218.908656749796,2.08672426025625e-05,-0.0988456654189408,-0.09884574783010139,0,0
904,0.16666666666666666,0.07050750790892484,0.6666666666666666,0.9614615202365134,1,0.0,0.0,0.0,0,0.12147505422993492,0.21694214876033058,2023,1,904.0,0,False,False,False,False,False,False,False,False,False,False,False,False,False,False,False,True,False,False,False,False,False,4.0,2.0,2,0.594455190199871,1.4421922781914818,10.844061056930125,226.33603336632018,1.9520193640320913e-05,0.05691375222809584,0.05691336291189094,1,0
905,-0.3333333333333333,-0.3250545827206701,-0.3333333333333333,-0.41934134759005737,0,0.0,0.0,0.0,0,-0.8112798264642083,0.006198347107438017,2024,3,905.0,1,True,False,False,False,False,False,False,False,False,False,False,False,False,False,False,False,False,False,False,False,False,3.0,0.0,1,-0.1840319361277445,1.2580240465442445,10.599929300045503,200.3272322975586,2.491777135453005e-05,-0.5112428768538938,-0.5112421093128022,0,0
906,-0.25,1.0573987434834915,0.0,-0.026607744367872853,1,0.0,0.0,0.0,0,0.7917570498915402,0.5599173553719008,2022,3,906.0,2,False,False,True,False,False,False,False,False,False,False,False,False,False,False,False,False,False,False,False,False,False,2.0,4.0,3,0.0,0.0,11.276126602833017,280.9163576582894,1.2671862130140023e-05,1.0738364885885752,1.0738353399631173,1,0
907,-0.08333333333333333,0.0,0.3333333333333333,0.48330088486459205,1,0.0,0.0,0.0,1,-0.6616052060737527,-0.6962809917355371,2024,1,907.0,2,False,False,False,False,False,False,False,True,False,False,False,False,False,False,False,False,False,False,False,False,False,0.0,4.0,1,0.20060922541340295,1.4499026502440682,10.804684950962628,221.92341021172146,2.030415626078658e-05,-0.03503730162965734,-0.03503751246862067,1,0
908,-0.5833333333333334,-0.016682261729715278,0.0,1.296282332581353,1,0.0,0.0,0.0,0,-0.702819956616052,-0.25413223140495866,2024,2,908.0,2,False,False,False,False,False,True,False,False,False,False,False,False,False,False,False,False,False,False,False,False,False,1.0,1.0,1,0.0,0.0,10.795137170493833,220.86647550047064,2.0498944304368325e-05,-0.05731510673522042,-0.05731527309812559,0,0
909,0.5,-0.5802789288419552,-0.3333333333333333,0.3083408016316945,0,0.0,0.0,0.0,0,0.7960954446854663,-0.20867768595041322,2022,3,909.0,0,False,False,False,False,False,False,False,False,False,False,False,False,False,False,False,False,False,False,False,False,False,1.0,0.0,0,-0.1855877616747182,-0.925022407670151,10.403413995433118,181.5791838289841,3.0328763799587527e-05,-0.9652387303731936,-0.9652372486655956,0,0
910,0.0,-0.3935302767009758,0.3333333333333333,1.2424240551314938,0,0.0,0.0,0.0,0,0.31670281995661603,-0.34917355371900827,2022,10,910.0,0,False,False,False,False,False,False,False,False,True,False,False,False,False,False,False,False,False,False,False,False,False,1.0,0.0,1,0.2531576057111477,3.727272154212665,10.55087871125787,195.47378340841516,2.6170474470702153e-05,-0.6248396101092962,-0.6248386265297154,0,0
911,-1.1666666666666667,0.3937797977097536,0.6666666666666666,0.6972939007179869,1,0.0,0.0,0.0,0,-0.06724511930585683,0.9028925619834711,2023,4,911.0,2,False,False,False,False,False,False,False,False,True,False,False,False,False,False,False,False,False,False,False,False,False,2.0,1.0,2,0.6246612466124661,1.045940849508069,11.007054214669369,245.55447460797777,1.6584297986666225e-05,0.438820971364378,0.43881997901844694,1,0
912,-0.6666666666666666,0.0,-0.6666666666666666,-0.5159800982725053,1,0.0,0.0,0.0,1,0.06941431670281996,-0.2334710743801653,2023,2,912.0,1,False,False,True,False,False,False,False,False,False,False,False,False,False,False,False,False,False,False,False,False,False,3.0,3.0,1,-0.6233941852603109,0.7739701485697132,10.804684950962628,221.92341021172146,2.030415626078658e-05,-0.03503730162965734,-0.03503751246862067,1,0
913,1.0833333333333333,-0.5849485362919395,0.0,-0.7179167052957962,1,0.0,0.0,0.0,0,0.1301518438177874,-0.34917355371900827,2023,1,913.0,0,False,False,False,False,False,False,False,False,False,False,False,False,False,True,False,False,False,False,False,False,False,4.0,0.0,0,0.0,0.0,10.399433013772667,181.2181006411887,3.0449742699674187e-05,-0.9744050376821769,-0.9744035469136008,0,0
914,0.16666666666666666,0.7163035244842489,0.3333333333333333,0.34831113446027395,1,0.0,0.0,0.0,0,-0.9718004338394793,0.518595041322314,2024,6,914.0,0,False,False,False,False,False,False,False,False,False,False,True,False,False,False,False,False,False,False,False,False,False,2.0,2.0,3,0.16905023835716904,1.0449334002460215,11.14686374563683,263.33438818354125,1.442044241917342e-05,0.7680633768731828,0.7680621394777616,1,0
915,-0.75,-0.1406942030922782,-0.3333333333333333,-0.06429741339349161,1,0.0,0.0,0.0,0,0.6984815618221258,-0.09297520661157024,2022,5,915.0,1,False,False,False,False,False,False,False,True,False,False,False,False,False,False,False,False,False,False,False,False,False,4.0,0.0,1,-0.19625372498935717,0.1928922407591516,10.721150607793641,212.84501403603514,2.207310612749426e-05,-0.22970770025201231,-0.22970751200613765,0,0
916,0.0,-0.3646214855411487,0.0,-0.16590129484841926,1,0.0,0.0,0.0,0,-0.7982646420824295,-0.9400826446280992,2024,3,916.0,1,False,False,False,False,False,False,False,False,False,False,True,False,False,False,False,False,False,False,False,False,False,0.0,2.0,1,0.0,0.0,10.571880868629844,197.5373382426725,2.562656962738968e-05,-0.5762232355528932,-0.5762223423749174,0,0
917,-1.1666666666666667,1.4104353250456712,0.6666666666666666,0.6549213510924319,1,0.0,0.0,0.0,0,0.3362255965292842,0.04338842975206612,2022,10,917.0,2,False,False,False,False,False,False,False,False,False,False,False,False,False,False,False,True,False,False,False,False,False,3.0,1.0,3,0.49891774891774887,0.9823820251650749,11.3943558700572,298.0234890071586,1.1258852272599331e-05,1.354664854581196,1.354664113782508,2,0
918,0.25,2.676326694292207,0.0,0.8168052164776417,1,0.0,0.0,0.0,0,-0.5184381778741866,0.7541322314049587,2023,11,918.0,1,False,False,False,False,True,False,False,False,False,False,False,False,False,False,False,False,False,False,False,False,False,1.0,1.0,3,0.0,0.0,11.730710686039751,352.6060124274684,8.042981694173664e-06,2.1596804940674246,2.159683035453389,3,0
919,0.0,-0.029051374593414427,1.0,2.036676040668748,1,0.0,0.0,0.0,0,0.45336225596529284,-0.7293388429752066,2022,8,919.0,1,False,False,False,False,False,False,False,False,False,True,False,False,False,False,False,False,False,False,False,False,False,2.0,2.0,1,0.6880597014925374,2.0366760386320717,10.787998617874257,220.07953107910785,2.064580064414898e-05,-0.07396683910143556,-0.07396697195641097,0,1
920,-0.25,0.7668849975493472,-0.3333333333333333,-0.5147995920763929,1,0.0,0.0,0.0,0,-0.5921908893709328,0.3574380165289256,2023,12,920.0,2,False,False,False,False,False,True,False,False,False,False,False,False,False,False,False,False,False,False,False,False,False,3.0,3.0,3,-0.20935513169845593,1.5443987808623754,11.16711980716794,266.01503716895405,1.4131279587366636e-05,0.8158924108478588,0.8158911653369108,1,0
921,-0.25,0.5458450296306198,1.0,-0.7166867538139827,1,0.0,0.0,0.0,0,0.41431670281995664,-0.30785123966942146,2022,9,921.0,2,False,False,False,False,False,False,False,False,True,False,False,False,False,False,False,False,False,False,False,False,False,0.0,2.0,2,0.7070552147239264,-0.7166867530972959,11.07541225889317,254.09250284099292,1.5488507527414658e-05,0.5996081444458146,0.5996069936843544,1,1
922,-0.25,-0.5735775074633516,-0.3333333333333333,-0.0784964512706407,1,0.0,0.0,0.0,0,-0.1301518438177874,-0.2128099173553719,2023,5,922.0,1,False,True,False,False,False,False,False,False,False,False,False,False,False,False,False,False,False,False,False,False,False,1.0,2.0,0,-0.29494561740243125,0.2354893545183902,10.409099609249232,182.09612845966825,3.0156815440289505e-05,-0.9521453577457649,-0.9521438894621926,0,0
923,0.75,0.3000668359844941,0.6666666666666666,-0.6656715802919332,1,0.0,0.0,0.0,0,0.4945770065075922,0.25413223140495866,2022,8,923.0,2,False,False,False,False,False,True,False,False,False,False,False,False,False,False,False,False,False,False,False,False,False,2.0,3.0,2,0.44605708756652146,-0.9985073689401388,10.96247504642097,240.14162487998618,1.7340338830220744e-05,0.3341619592902059,0.3341611042869009,1,0
924,-1.0833333333333333,0.0,-0.3333333333333333,0.16843330552036018,0,0.0,0.0,0.0,1,0.7418655097613883,-0.8243801652892562,2022,4,924.0,1,False,False,False,False,False,False,False,False,False,False,False,False,False,False,True,False,False,False,False,False,False,1.0,4.0,1,-0.1913657119136571,-0.5052999180769804,10.804684950962628,221.92341021172146,2.030415626078658e-05,-0.03503730162965734,-0.03503751246862067,1,0
925,0.5,1.8648487278884285,0.6666666666666666,0.8377102712279944,1,0.0,0.0,0.0,0,0.19088937093275488,0.9111570247933884,2022,12,925.0,0,False,False,False,False,False,False,False,False,False,False,False,False,True,False,False,False,False,False,False,False,False,0.0,2.0,3,0.559805707346691,1.2565654049571435,11.528473958216944,318.69421080402446,9.84571760512765e-06,1.6745757440322537,1.6745759062108574,2,0
926,-0.25,-1.0016129750924565,0.6666666666666666,1.1655860811520755,1,0.0,0.0,0.0,0,-0.5856832971800434,1.0640495867768596,2023,12,926.0,1,False,False,False,False,False,False,False,True,False,False,False,False,False,False,False,False,False,False,False,False,False,1.0,1.0,0,0.4204286365709074,1.7483791191055447,9.959489742651412,145.43383375267257,4.7276853252647505e-05,-1.9799308450026878,-1.9799311482886908,0,0
927,0.4166666666666667,-0.19918905672147216,-0.6666666666666666,-0.19208051340688312,0,0.0,0.0,0.0,0,-0.010845986984815618,0.6053719008264463,2023,3,927.0,1,False,False,False,True,False,False,False,False,False,False,False,False,False,False,False,False,False,False,False,False,False,0.0,4.0,1,-0.6595135908440629,0.28812077054250584,10.684256340523897,208.95454051060963,2.2902686485124705e-05,-0.315514635147553,-0.3155142674525818,0,0
928,0.75,-0.5069197522612842,0.0,-0.28985444544021755,0,0.0,0.0,0.0,0,-0.049891540130151846,0.08057851239669421,2023,4,928.0,2,False,False,False,False,False,False,False,False,False,False,False,False,False,False,False,False,False,False,False,False,False,2.0,0.0,0,0.0,0.0,10.463960116191533,187.16035905073488,2.8546959748786755e-05,-0.8256798567867378,-0.8256785448961251,0,0
929,-0.16666666666666666,-0.869865882457782,0.3333333333333333,0.14576676246690787,0,0.0,0.0,0.0,0,-0.45770065075921906,-0.6714876033057852,2023,10,929.0,2,False,False,False,False,False,False,False,False,False,True,False,False,False,False,False,False,False,False,False,False,False,2.0,4.0,0,0.22867063492063494,0.4373002860888227,10.120532545388468,157.6293119949459,4.024468770122344e-05,-1.613563478584795,-1.6135623155028886,0,0
930,0.8333333333333334,0.1652898453860892,0.3333333333333333,0.5760190364349951,1,0.0,0.0,0.0,0,0.14316702819956617,-0.29545454545454547,2023,1,930.0,1,False,False,False,False,False,False,False,False,True,False,False,False,False,False,False,False,False,False,False,False,False,2.0,2.0,2,0.2915876027830487,1.728057104120814,10.894663097601999,232.135736154518,1.8557007125890737e-05,0.1752568537156599,0.17525625012320256,1,0
931,-1.1666666666666667,-0.3843336452345943,-1.3333333333333333,-0.9512646249884114,0,0.0,0.0,0.0,0,0.4750542299349241,0.5640495867768595,2022,8,931.0,2,False,False,False,False,False,False,False,True,False,False,False,False,False,False,False,False,False,False,False,False,False,1.0,3.0,1,-0.9039215686274509,0.7134484692763949,10.557608001127225,196.13260820169603,2.5994956978346202e-05,-0.6092661673191401,-0.6092652123240383,0,0
932,1.0,-0.14657576972775477,0.0,-0.21857700588192872,1,0.0,0.0,0.0,0,0.47288503253796094,-0.29545454545454547,2022,8,932.0,0,False,False,False,False,False,False,False,False,False,False,False,False,False,False,False,True,False,False,False,False,False,2.0,0.0,1,0.0,0.0,10.717501896825297,212.45705448395918,2.2153791621436008e-05,-0.23819839935176276,-0.23819819335923065,0,0
933,-0.5833333333333334,-0.26089203760638063,-0.3333333333333333,0.07346333323032231,0,0.0,0.0,0.0,0,-0.13882863340563992,-0.6012396694214877,2023,5,933.0,1,False,False,False,False,False,False,False,False,False,False,False,True,False,False,False,False,False,False,False,False,False,4.0,1.0,1,-0.2926984126984127,-0.22039000035213696,10.643804537572464,204.77060335897826,2.384813507583707e-05,-0.40947437932323005,-0.409473816831955,0,0
934,-1.1666666666666667,-0.3981998841509602,0.0,0.3414815043728175,1,0.0,0.0,0.0,0,0.806941431670282,-0.6797520661157025,2022,3,934.0,1,False,False,False,False,False,False,False,False,False,False,False,False,False,False,True,False,False,False,False,False,False,1.0,3.0,1,0.0,0.0,10.5474444889053,195.138412415393,2.6260504201680674e-05,-0.632786007452706,-0.6327850094320108,0,0
935,-1.1666666666666667,1.1584903978968943,1.3333333333333333,0.1213675741936814,1,0.0,0.0,0.0,0,0.9154013015184381,-0.75,2022,1,935.0,1,True,False,False,False,False,False,False,False,False,False,False,False,False,False,False,False,False,False,False,False,False,1.0,0.0,3,0.6961117402793506,0.09102568057699179,11.311433321100587,285.9195691099159,1.2232266271972208e-05,1.1575842420989555,1.1575831801398182,1,1
936,-1.1666666666666667,-0.21145123200998084,0.0,-0.0818958146625873,0,0.0,0.0,0.0,0,0.9414316702819957,1.0433884297520661,2022,1,936.0,1,False,False,True,False,False,False,False,False,False,False,False,False,False,False,False,False,False,False,False,False,False,2.0,3.0,1,0.0,0.0,10.676346616822633,208.12976721266952,2.308455873865971e-05,-0.3338969690597299,-0.3338965630154001,0,0
937,-0.16666666666666666,-1.120121195918549,0.6666666666666666,-0.430956869289327,1,0.0,0.0,0.0,0,0.6182212581344902,-0.4690082644628099,2022,6,937.0,1,False,False,False,False,False,False,False,False,True,False,False,False,False,False,False,False,False,False,False,False,False,4.0,1.0,0,0.41197497765862373,-0.6464353029643376,9.709235104874208,128.32770550430644,6.072014087072682e-05,-2.545365980802236,-2.5453715163480237,0,0
938,-0.75,-0.06070489684979726,1.3333333333333333,0.5052092668706285,1,0.0,0.0,0.0,0,0.9088937093275488,-0.5020661157024794,2022,1,938.0,1,False,False,False,False,False,False,False,True,False,False,False,False,False,False,False,False,False,False,False,False,False,0.0,0.0,1,0.6984848484848485,0.37890694986879114,10.769495006100515,218.05274591254292,2.1031378817195256e-05,-0.11711082464782824,-0.11711086976352669,0,1
939,0.4166666666666667,0.595820523102972,0.6666666666666666,-0.26665430534524137,1,0.0,0.0,0.0,0,0.4642082429501085,-0.7665289256198347,2022,8,939.0,0,True,False,False,False,False,False,False,False,False,False,False,False,False,False,False,False,False,False,False,False,False,2.0,2.0,2,0.4553086419753086,-0.39998145741788993,11.096894736757282,256.83652388241046,1.5159324500500257e-05,0.6502134455072485,0.6502122596340978,1,0
940,1.0833333333333333,-0.8708639664928931,0.0,-0.14074188530753937,0,0.0,0.0,0.0,0,-0.37093275488069416,-0.6012396694214877,2023,9,940.0,0,False,False,False,False,False,False,False,False,False,False,False,False,False,False,False,False,False,False,False,False,False,3.0,0.0,0,0.0,0.0,10.119405058758598,157.54047099079017,4.0290088638195005e-05,-1.616135314480908,-1.6161341577080306,0,0
941,-0.9166666666666666,2.8266017912043817,0.0,-0.5212419007591912,1,0.0,0.0,0.0,0,-0.789587852494577,-0.9772727272727273,2024,3,941.0,0,False,False,True,False,False,False,False,False,False,False,False,False,False,False,False,False,False,False,False,False,False,4.0,2.0,3,0.0,0.0,11.779687736319495,361.34747819792517,7.658551155292441e-06,2.2776540750642575,2.277657395017321,3,0
942,-1.0,0.7525910083322194,0.3333333333333333,-0.8877798036610114,1,0.0,0.0,0.0,0,0.6399132321041214,-0.7913223140495868,2022,5,942.0,0,False,False,True,False,False,False,False,False,False,False,False,False,False,False,False,False,False,False,False,False,False,3.0,1.0,3,0.20326278659611993,-2.663339402993016,11.161437047718795,265.2602495663457,1.4211812858848275e-05,0.8024709033649513,0.8024696593568077,1,0
943,0.25,-0.7316312435948849,0.3333333333333333,0.03650092194855632,0,0.0,0.0,0.0,0,0.11062906724511931,-0.09710743801652892,2023,1,943.0,1,False,False,False,False,False,False,False,False,False,False,False,False,True,False,False,False,False,False,False,False,False,2.0,1.0,0,0.3001302083333333,0.10950276551716066,10.265557914991769,169.48451256678294,3.4811668871405693e-05,-1.281948908985211,-1.2819473059858237,0,0
944,0.0,1.1350710689301786,-0.3333333333333333,-0.4754658673012145,1,0.0,0.0,0.0,0,0.15835140997830802,-0.9772727272727273,2023,1,944.0,1,False,False,False,False,False,True,False,False,False,False,False,False,False,False,False,False,False,False,False,False,False,2.0,1.0,3,-0.2877652933832709,1.4263976061828365,11.303364254629285,284.76832689047427,1.2331368535280046e-05,1.1384356814379617,1.138434597133243,1,0
945,0.5,-0.2844183041482868,0.0,-0.9421737383726322,0,0.0,0.0,0.0,0,-0.8937093275488069,0.8202479338842975,2024,5,945.0,2,False,False,False,False,False,False,False,False,False,False,False,False,False,False,True,False,False,False,False,False,False,2.0,2.0,1,0.0,0.0,10.627939582924485,203.15265196398497,2.422950184144214e-05,-0.4462902710992545,-0.4462896334917046,0,0
946,-1.1666666666666667,0.7243238426235352,0.6666666666666666,-0.0426836428814239,1,0.0,0.0,0.0,0,0.841648590021692,0.5020661157024794,2022,2,946.0,2,False,False,False,False,False,False,False,False,False,False,False,True,False,False,False,False,False,False,False,False,False,2.0,4.0,3,0.36199450333725947,-0.06402546422609766,11.150103092826168,263.7612556839992,1.4373805177444625e-05,0.7757100228453788,0.7757087836404819,1,0
947,-1.1666666666666667,-0.4722719778995678,-0.6666666666666666,-0.6121965038062569,1,0.0,0.0,0.0,0,-0.8850325379609545,0.737603305785124,2024,5,947.0,2,False,False,True,False,False,False,False,False,False,False,False,False,False,False,False,False,False,False,False,False,False,0.0,1.0,0,-0.35366321442270804,0.9182947570868275,10.49132977145065,189.73929482318627,2.7776234653630355e-05,-0.762500321033891,-0.7624991032575048,0,0
948,0.3333333333333333,0.2987122933654146,0.0,-0.3857412157359621,1,0.0,0.0,0.0,0,0.8286334056399133,0.8822314049586777,2022,3,948.0,1,False,False,False,False,True,False,False,False,False,False,False,False,False,False,False,False,False,False,False,False,False,4.0,2.0,2,0.0,0.0,10.96181589635374,240.06249186409775,1.7351772483559196e-05,0.3326156311734905,0.332614778380644,1,0
949,-0.3333333333333333,0.6995856168961369,0.0,-0.07486634321208926,1,0.0,0.0,0.0,0,-0.3080260303687636,0.07644628099173553,2023,8,949.0,0,False,False,False,False,True,False,False,False,False,False,False,False,False,False,False,False,False,False,False,False,False,2.0,0.0,3,0.0,0.0,11.140077584146141,262.4423746272694,1.451863466759586e-05,0.7520469680006403,0.7520457350169668,1,0
950,1.5,1.1630887136300851,-0.6666666666666666,-0.21830299659033547,1,0.0,0.0,0.0,0,0.4750542299349241,-0.15495867768595042,2022,8,950.0,0,False,False,False,False,False,False,False,True,False,False,False,False,False,False,False,False,False,False,False,False,False,3.0,1.0,3,-0.45196078431372544,0.327454495376685,11.313010039775225,286.14506810357574,1.2212994626282365e-05,1.1613265268907875,1.161325469476504,1,0
951,1.0833333333333333,-0.4386935792897563,0.0,-0.10237028338329357,1,0.0,0.0,0.0,0,0.36225596529284165,-0.7541322314049587,2022,10,951.0,1,False,False,False,False,False,False,False,False,False,False,False,False,False,False,False,False,True,False,False,False,False,0.0,2.0,0,0.0,0.0,10.517158531594276,192.20561906458406,2.7067994802944997e-05,-0.7028248952835779,-0.7028237746021265,0,0
952,0.0,1.8139464420977587,0.0,0.7841630870340041,1,0.0,0.0,0.0,0,0.544468546637744,0.18388429752066116,2022,7,952.0,1,False,False,False,False,False,True,False,False,False,False,False,False,False,False,False,False,False,False,False,False,False,0.0,0.0,3,0.0,0.0,11.514314499814503,316.44588794926693,9.986119294181088e-06,1.6407337614273305,1.6407338043630941,2,0
953,0.3333333333333333,-0.2783941540792229,-0.3333333333333333,-0.3978738527148552,1,0.0,0.0,0.0,0,0.754880694143167,1.0144628099173554,2022,4,953.0,1,False,False,False,False,False,False,False,True,False,False,False,False,False,False,False,False,False,False,False,False,False,0.0,4.0,1,-0.1899464359291306,1.1936215617254304,10.632026007916341,203.56817039999157,2.413069182693468e-05,-0.43680925673453597,-0.43680863838378925,0,0
954,-0.08333333333333333,-0.023633204117096646,1.6666666666666667,0.4794626945620489,1,0.0,0.0,0.0,0,0.737527114967462,0.08057851239669421,2022,4,954.0,2,False,False,False,False,False,True,False,False,False,False,False,False,False,False,False,False,False,False,False,False,False,4.0,0.0,1,0.9592176446109031,0.2876776165646227,10.791131865820162,220.42459027975985,2.0581213468346093e-05,-0.0666585613682661,-0.06665870895602746,0,1
955,-0.25,-0.3032393173818117,0.0,0.5399919651410736,0,0.0,0.0,0.0,0,-0.6334056399132321,-0.493801652892562,2024,1,955.0,2,False,False,False,False,True,False,False,False,False,False,False,False,False,False,False,False,False,False,False,False,False,2.0,2.0,1,0.0,0.0,10.615063868564441,201.84895342805223,2.4543491066169253e-05,-0.4761550907482247,-0.47615439293615086,0,0
956,0.9166666666666666,-1.1194581829523682,0.0,0.11663112786756917,0,0.0,0.0,0.0,0,-0.4229934924078091,0.8285123966942148,2023,10,956.0,1,True,False,False,False,False,False,False,False,False,False,False,False,False,False,False,False,False,False,False,False,False,4.0,0.0,0,0.0,0.0,9.789534672460096,133.58517881860996,5.603496581867085e-05,-2.3644473922702978,-2.364450777076666,0,0
957,-1.0,-0.3498997460232589,-0.3333333333333333,0.09978676720541435,0,0.0,0.0,0.0,0,0.6442516268980477,0.6384297520661157,2022,5,957.0,1,False,False,False,False,False,False,False,False,False,False,False,False,False,True,False,False,False,False,False,False,False,2.0,4.0,1,-0.20272647317502196,-0.299360302514324,10.58240902583209,198.57995870681412,2.5358184354000253e-05,-0.5518395627400323,-0.5518387161179082,0,0
958,-0.16666666666666666,-0.11613420665686405,0.6666666666666666,0.8568455967942976,1,0.0,0.0,0.0,0,0.1540130151843818,-0.23760330578512398,2023,1,958.0,0,False,False,False,False,False,False,True,False,False,False,False,False,False,False,False,False,False,False,False,False,False,2.0,4.0,1,0.5776942355889725,1.285268393263544,10.736244489978564,214.4574549881631,2.1742439066814515e-05,-0.19457265299911294,-0.19457253804401278,0,0
959,-0.25,-0.471808581740409,-0.6666666666666666,-0.15701762518413218,1,0.0,0.0,0.0,0,-0.12147505422993492,-0.8987603305785123,2023,5,959.0,2,False,True,False,False,False,False,False,False,False,False,False,False,False,False,False,False,False,False,False,False,False,3.0,3.0,0,-0.594455190199871,0.23552643812948793,10.491690797323463,189.77354926332595,2.7766208524226018e-05,-0.7616665514784703,-0.7616653350064528,0,0
960,-0.5,0.0,-0.3333333333333333,0.20245372230291425,1,0.0,0.0,0.0,1,-0.16268980477223427,-0.030991735537190084,2023,6,960.0,2,False,False,False,False,False,False,False,False,False,False,False,False,False,False,False,False,True,False,False,False,False,3.0,4.0,1,-0.2866915422885572,-0.6073611687308264,10.804684950962628,221.92341021172146,2.030415626078658e-05,-0.03503730162965734,-0.03503751246862067,1,0
961,0.08333333333333333,-0.14358151762242125,1.3333333333333333,0.914966469915634,1,0.0,0.0,0.0,0,0.07592190889370933,0.8243801652892562,2023,2,961.0,1,False,False,False,False,False,False,False,False,False,False,False,False,False,True,False,False,False,False,False,False,False,4.0,1.0,1,1.239247311827957,0.6862248519220568,10.71936108595781,212.65464960823218,2.2112641797315526e-05,-0.23387211945335462,-0.23387192250455177,0,1
962,0.0,0.0876888116561957,0.0,0.6400321394357057,1,0.0,0.0,0.0,0,-0.6637744034707158,-0.7541322314049587,2024,1,962.0,1,False,False,True,False,False,False,False,False,False,False,False,False,False,False,False,False,False,False,False,False,False,0.0,0.0,2,0.0,0.0,10.853425803822502,227.39832892965595,1.933824524762623e-05,0.07880006379752365,0.07879963340749685,1,0
963,-0.08333333333333333,-0.27297598360290515,0.3333333333333333,-0.7508204827096017,0,0.0,0.0,0.0,0,-0.24945770065075923,-0.6549586776859504,2023,7,963.0,2,False,False,False,False,False,True,False,False,False,False,False,False,False,False,False,False,False,False,False,False,False,4.0,1.0,1,0.2667824074074074,-2.2524614413714206,10.63568716285973,203.94116798724087,2.404250715264588e-05,-0.42831382544037316,-0.42831322439827657,0,0
964,-0.08333333333333333,0.5736487991801452,-0.6666666666666666,-0.1988380357860255,0,0.0,0.0,0.0,0,0.841648590021692,-0.5351239669421488,2022,2,964.0,1,False,False,False,False,False,False,True,False,False,False,False,False,False,False,False,False,False,False,False,False,False,4.0,4.0,2,-0.36199450333725947,0.29825705412642384,11.087420901524338,255.62276893891905,1.530362389813908e-05,0.6278918961207741,0.6278907248113045,1,0
965,0.0,0.7163035244842489,0.0,0.05901088826395549,1,0.0,0.0,0.0,0,0.48590021691973967,0.4318181818181818,2022,8,965.0,0,False,False,False,False,False,False,False,False,True,False,False,False,False,False,False,False,False,False,False,False,False,4.0,4.0,3,0.0,0.0,11.14686374563683,263.33438818354125,1.442044241917342e-05,0.7680633768731828,0.7680621394777616,1,0
966,0.08333333333333333,0.6281513166688946,0.0,-0.5671394872111828,1,0.0,0.0,0.0,0,-0.5683297180043384,0.6756198347107438,2023,12,966.0,2,False,False,False,False,False,False,False,False,False,False,False,True,False,False,False,False,False,False,False,False,False,2.0,4.0,3,0.0,0.0,11.110550577209041,258.59621033572785,1.4953718242040884e-05,0.6824007254759256,0.6823995212325316,1,0
967,0.0,-0.34626386846678253,-0.3333333333333333,-0.6287359518732553,1,0.0,0.0,0.0,0,-0.4078091106290672,-0.6756198347107438,2023,9,967.0,1,False,False,False,False,False,False,False,False,False,False,True,False,False,False,False,False,False,False,False,False,False,4.0,0.0,1,-0.23677452491011813,1.8862078612783897,10.584992221312,198.83661634618508,2.5292763740293902e-05,-0.5458554621447211,-0.5458546270609913,0,0
968,0.25,-0.7707703961146014,1.0,-0.5389494937008766,0,0.0,0.0,0.0,0,-0.039045553145336226,1.0103305785123966,2023,4,968.0,1,False,False,False,False,False,False,False,False,False,True,False,False,False,False,False,False,False,False,False,False,False,2.0,1.0,0,0.9624217118997913,-0.5389494931619271,10.226585030208863,166.21371784542936,3.619516432604604e-05,-1.3712216816313851,-1.3712201303949079,0,1
969,0.75,0.17751637481620106,0.0,0.28295888830516,1,0.0,0.0,0.0,0,0.18872017353579176,-0.5392561983471075,2022,12,969.0,2,False,False,False,False,False,False,False,False,False,False,False,True,False,False,False,False,False,False,False,False,False,0.0,3.0,2,0.0,0.0,10.901007979642964,232.8733561401991,1.8439637845512713e-05,0.19010972445069976,0.19010909544207197,1,0
970,0.3333333333333333,-0.2126988370538698,-1.3333333333333333,-0.9512646249884114,1,0.0,0.0,0.0,0,0.04338394793926247,-0.11363636363636363,2023,2,970.0,1,False,False,False,False,False,False,False,False,False,False,False,False,False,True,False,False,False,False,False,False,False,1.0,3.0,1,-1.277893277893278,0.7134484692763949,10.67553833069154,208.04566806352878,2.310322521023935e-05,-0.33577516714159006,-0.3357747571835449,0,0
971,0.5833333333333334,0.41915964888829477,0.3333333333333333,0.08101610062115655,1,0.0,0.0,0.0,0,0.11496746203904555,-0.3822314049586777,2023,1,971.0,2,False,False,False,False,False,False,False,False,False,False,False,False,False,False,False,False,False,False,False,False,False,0.0,0.0,2,0.29896238651102464,0.24304830113432474,11.018793064145898,247.0,1.63907556138338e-05,0.46640626432356364,0.46640524004205586,1,0
972,0.16666666666666666,-0.3054137147440182,0.6666666666666666,0.4044109315285806,1,0.0,0.0,0.0,0,-0.4078091106290672,0.9896694214876033,2023,9,972.0,1,False,False,False,False,True,False,False,False,False,False,False,False,False,False,False,False,False,False,False,False,False,2.0,3.0,1,0.47354904982023627,0.6066163963829464,10.613565593756055,201.69779374103229,2.4580291522257453e-05,-0.47962946060142986,-0.47962875583372117,0,0
973,-0.16666666666666666,0.3274072093748608,0.0,-0.04125178981633128,1,0.0,0.0,0.0,0,0.4924078091106291,-0.5103305785123967,2022,8,973.0,0,False,True,False,False,False,False,False,False,False,False,False,False,False,False,False,False,False,False,False,False,False,4.0,3.0,2,0.0,0.0,10.975687417252404,241.73332414046683,1.711273872270518e-05,0.3651645840526279,0.36516368580830716,1,0
974,0.5,0.3346789644878136,0.0,-0.3312916550779278,1,0.0,0.0,0.0,0,0.9457700650759219,1.006198347107438,2022,1,974.0,2,False,False,False,False,False,False,False,False,False,False,False,False,True,False,False,False,False,False,False,False,False,2.0,0.0,2,0.0,0.0,10.979172336560532,242.15490909746183,1.7053206002728514e-05,0.37334416829718453,0.37334325899284143,1,0
975,0.6666666666666666,0.11506483090495923,0.3333333333333333,0.4665368727917015,1,0.0,0.0,0.0,0,0.928416485900217,-0.9276859504132231,2022,1,975.0,2,False,False,False,False,False,False,False,False,False,False,True,False,False,False,False,False,False,False,False,False,False,4.0,3.0,2,0.17285339332583427,1.3996106141762725,10.868168368558376,229.08077178148324,1.9055241144076678e-05,0.11326869082030723,0.11326819700615108,1,0
976,0.6666666666666666,-0.3971305083990554,0.6666666666666666,1.3245258918178355,0,0.0,0.0,0.0,0,0.5336225596529284,0.3202479338842975,2022,7,976.0,2,False,False,False,True,False,False,False,False,False,False,False,False,False,False,False,False,False,False,False,False,False,2.0,0.0,1,0.4347006129184347,1.9867888347465703,10.548231993867907,195.21526579650475,2.6239832065074783e-05,-0.6309638914684004,-0.630962896750265,0,0
977,0.8333333333333334,-0.9357037829167224,0.3333333333333333,0.09943240932455683,1,0.0,0.0,0.0,0,-0.6160520607375272,0.7128099173553719,2023,12,977.0,2,False,False,False,False,False,False,False,False,False,False,False,False,False,False,False,False,True,False,False,False,False,0.0,3.0,0,0.20626398210290825,0.29829722707877876,10.043292972227004,151.65750888103102,4.347637059258293e-05,-1.7895264159587911,-1.7895258066307604,0,0
978,0.0,-0.01768034576482645,0.0,0.3779597638987609,1,0.0,0.0,0.0,0,0.9370932754880694,0.3450413223140496,2022,1,978.0,1,False,False,False,False,False,False,False,False,False,False,False,True,False,False,False,False,False,False,False,False,False,4.0,2.0,1,0.0,0.0,10.794563035269219,220.8030796886674,2.051071684955389e-05,-0.05865450872300749,-0.05865467239872267,0,0
979,0.5833333333333334,-0.9534197745399456,0.3333333333333333,1.106503085179806,0,0.0,0.0,0.0,0,0.5466377440347071,-0.4772727272727273,2022,7,979.0,2,False,False,False,False,False,False,False,True,False,False,False,False,False,False,False,False,False,False,False,False,False,3.0,1.0,0,0.21552127162225337,3.31950924558089,10.021448350169694,150.00999966668888,4.443654461429079e-05,-1.8392095445214662,-1.8392091397276458,0,0
980,0.16666666666666666,1.4453682662745622,0.3333333333333333,-0.340274215313617,1,0.0,0.0,0.0,0,-0.4316702819956616,-0.9359504132231405,2023,10,980.0,2,False,False,False,False,False,False,False,False,False,False,False,False,False,False,True,False,False,False,False,False,False,0.0,2.0,3,0.23282828282828283,-1.020822642878383,11.405329118370826,299.663144213632,1.1135981469726835e-05,1.3807856033901,1.3807849180897198,2,0
981,0.0,-0.39994653121240475,0.0,-0.7038845452578881,1,0.0,0.0,0.0,0,-0.9002169197396963,-0.5433884297520661,2024,5,981.0,2,False,False,False,False,False,False,False,False,False,False,False,False,True,False,False,False,False,False,False,False,False,4.0,1.0,1,0.0,0.0,10.546156895606837,195.01282009139808,2.629433882885015e-05,-0.6357651165931574,-0.6357641131842775,0,0
982,-0.8333333333333334,0.016040636278572384,1.0,1.3209472892652228,1,0.0,0.0,0.0,0,0.2993492407809111,-0.9607438016528925,2022,11,982.0,1,False,False,False,False,False,False,False,False,False,False,True,False,False,False,False,False,False,False,False,False,False,1.0,0.0,2,0.7696160267111853,1.3209472879442754,10.813780332606648,222.93496809607953,2.012031951067383e-05,-0.013808485442996073,-0.013808738254328242,1,1
983,-0.16666666666666666,-0.1312124047587221,-0.6666666666666666,-0.46587348187521244,0,0.0,0.0,0.0,0,0.6095444685466378,0.12190082644628099,2022,6,983.0,2,False,False,False,False,False,False,False,False,False,False,False,False,False,False,True,False,False,False,False,False,False,2.0,0.0,1,-0.41419586702605565,0.698810223861034,10.727004884257928,213.4689672996991,2.1944261575597983e-05,-0.21608240361959022,-0.21608224382786642,0,0
984,-0.25,-1.0720135454261908,1.0,1.51785489868867,1,0.0,0.0,0.0,0,0.6550976138828634,-0.518595041322314,2022,5,984.0,1,False,False,False,False,False,False,False,False,False,False,False,False,False,False,False,False,True,False,False,False,False,4.0,3.0,0,0.6041939711664482,1.517854897170815,9.861466923273516,138.47743498491008,5.2145799655837725e-05,-2.201969254156813,-2.2019711111739784,0,1
985,0.3333333333333333,0.3313638996569086,0.6666666666666666,0.21352534585947242,1,0.0,0.0,0.0,0,0.5336225596529284,-0.4524793388429752,2022,7,985.0,0,False,False,False,False,False,False,False,False,False,False,False,False,False,False,False,False,False,False,False,False,False,3.0,1.0,2,0.4347006129184347,0.3202880183087766,10.97758512945524,241.96280705926685,1.7080294464276563e-05,0.3696186574612199,0.3696177531759898,1,0
986,-1.1666666666666667,-0.27611281914182595,-0.6666666666666666,-0.5703534307817506,1,0.0,0.0,0.0,0,-0.6420824295010846,0.047520661157024795,2024,1,986.0,0,False,False,False,False,False,False,False,True,False,False,False,False,False,False,False,False,False,False,False,False,False,3.0,0.0,1,-0.4059885512989872,0.8555301474559212,10.633569180889136,203.7253052519495,2.4093482712926154e-05,-0.4332285676812575,-0.43322795661981883,0,0
987,-0.8333333333333334,-1.1086574878581295,-0.3333333333333333,-0.2978913645868743,0,0.0,0.0,0.0,0,-0.0368763557483731,-0.6301652892561983,2023,4,987.0,2,False,False,False,False,True,False,False,False,False,False,False,False,False,False,False,False,False,False,False,False,False,2.0,2.0,0,-0.3214783821478382,0.8936740964416454,9.806370741756401,134.7145129523913,5.5099454515400294e-05,-2.3264535430053876,-2.3264565381996216,0,0
988,0.8333333333333334,0.0,0.0,-0.5811139610824396,1,0.0,0.0,0.0,1,0.008676789587852495,0.6880165289256198,2023,3,988.0,1,False,False,False,False,False,False,False,False,False,False,False,False,False,False,False,False,False,False,False,False,False,3.0,4.0,1,0.0,0.0,10.804684950962628,221.92341021172146,2.030415626078658e-05,-0.03503730162965734,-0.03503751246862067,1,0
989,0.4166666666666667,2.8266017912043817,0.3333333333333333,0.455259227211389,1,0.0,0.0,0.0,0,-0.8047722342733189,-0.3037190082644628,2024,3,989.0,1,False,False,False,False,False,False,False,False,False,False,False,False,False,False,False,False,False,False,False,False,False,0.0,3.0,3,0.18469551282051283,1.365777677536834,12.190456343334482,443.7341546466758,5.078694369251553e-06,3.274708270007878,3.2747216389218576,4,0
990,-0.9166666666666666,0.0,0.3333333333333333,-0.7416792855156217,1,0.0,0.0,0.0,1,-0.5531453362255966,0.6177685950413223,2023,11,990.0,1,False,False,True,False,False,False,False,False,False,False,False,False,False,False,False,False,False,False,False,False,False,0.0,1.0,1,0.21461824953445066,-2.2250378498717516,10.804684950962628,221.92341021172146,2.030415626078658e-05,-0.03503730162965734,-0.03503751246862067,1,0
991,-0.3333333333333333,0.9439736220647863,-0.3333333333333333,-0.46319107512593094,1,0.0,0.0,0.0,0,-0.37310195227765725,-0.29132231404958675,2023,9,991.0,1,False,False,False,False,False,False,False,False,False,False,False,True,False,False,False,False,False,False,False,False,False,4.0,0.0,3,-0.24275934702474986,1.3895732295465126,11.234969275742886,275.19447668875915,1.3204283469557524e-05,0.9763353237586859,0.9763341093665129,1,0
992,-0.4166666666666667,-0.14835806264759613,0.0,0.13624648474921983,1,0.0,0.0,0.0,0,-0.22342733188720174,0.9607438016528925,2023,7,992.0,2,False,False,False,False,False,False,False,False,False,False,False,False,True,False,False,False,False,False,False,False,False,3.0,4.0,1,0.0,0.0,10.716393593302708,212.33935103979195,2.2178358357914347e-05,-0.24077726244350434,-0.24077705105896338,0,0
993,-1.1666666666666667,2.3319164104620596,-0.6666666666666666,-0.5002111725743482,0,0.0,0.0,0.0,0,-0.7592190889370932,-0.3202479338842975,2024,3,993.0,0,False,False,False,False,False,False,False,False,False,False,False,False,False,False,False,False,False,False,False,False,False,0.0,0.0,3,-0.37895602137279083,0.7503167599869974,11.64981371703235,338.62811460361644,8.720676724513823e-06,1.9652408161182087,1.9652422490067818,2,0
994,-0.5833333333333334,0.5347591676692064,0.6666666666666666,0.8684879013566553,1,0.0,0.0,0.0,0,0.8568329718004338,0.762396694214876,2022,2,994.0,2,False,False,False,False,False,False,False,False,False,False,False,False,False,False,False,True,False,False,False,False,False,3.0,4.0,2,0.3590342679127726,1.3027318500808853,11.070583694274404,253.47978223124622,1.556347563537889e-05,0.5882386977210142,0.5882375558667626,1,0
995,1.5833333333333333,-0.11342512141870516,0.3333333333333333,0.6474345107491992,1,0.0,0.0,0.0,0,0.9501084598698482,0.993801652892562,2022,1,995.0,1,False,False,False,False,False,False,False,False,True,False,False,False,False,False,False,False,False,False,False,False,False,1.0,3.0,1,0.17093066370040785,1.942303526420687,10.737895551594969,214.6345731703073,2.1706570578914237e-05,-0.19072829340039918,-0.1907281864456308,0,0
996,0.25,0.1050483446954507,-0.6666666666666666,-0.7702833832936741,1,0.0,0.0,0.0,0,0.36225596529284165,0.493801652892562,2022,10,996.0,1,False,False,False,False,False,False,False,False,False,False,False,False,True,False,False,False,False,False,False,False,False,1.0,4.0,2,-0.489384288747346,1.1554250766736487,10.862799458960477,228.4666277599422,1.9157822138779262e-05,0.1007140340912143,0.10071356319264739,1,0
997,0.16666666666666666,0.31664216013901886,0.6666666666666666,1.0450467154938865,1,0.0,0.0,0.0,0,-0.09978308026030369,0.4152892561983471,2023,5,997.0,1,False,False,False,False,False,False,False,False,True,False,False,False,False,False,False,False,False,False,False,False,False,2.0,1.0,2,0.606180144641683,1.5675700708894749,10.97050596961306,241.10785968109792,1.720163759589913e-05,0.35300477038270445,0.353003888851487,1,0
998,0.8333333333333334,1.5878804081450786,-0.6666666666666666,-0.4464517856958909,1,0.0,0.0,0.0,0,-0.5813449023861171,-0.8202479338842975,2023,12,998.0,0,False,False,False,False,False,False,False,False,False,True,False,False,False,False,False,False,False,False,False,False,False,1.0,4.0,3,-0.42158207590306357,0.6696776795483529,11.44888815154042,306.26132632116645,1.0661321790675608e-05,1.4845678812154735,1.484567447695864,2,0
999,-0.5833333333333334,1.7674285968898988,-0.6666666666666666,-0.8812839292520371,0,0.0,0.0,0.0,0,-0.9457700650759219,-0.3202479338842975,2024,5,999.0,2,False,False,False,False,False,False,False,False,False,False,False,False,False,False,True,False,False,False,False,False,False,4.0,4.0,3,-0.3426235600148643,1.3219258958609446,11.50119695409162,314.37716202039866,1.0117975595442864e-05,1.6093962571805547,1.6093961948481872,2,0
1000,0.08333333333333333,0.2163347146103462,0.0,0.9551510656489182,1,0.0,0.0,0.0,0,0.5119305856832972,0.6673553719008265,2022,7,1000.0,2,False,False,False,False,False,False,False,False,False,False,False,False,False,False,False,False,False,False,False,False,False,0.0,3.0,2,0.0,0.0,10.920889785778694,235.19991496597103,1.8076644974692697e-05,0.23667181043466587,0.23667110416408146,1,0
1001,-0.6666666666666666,-0.9656819498284543,-1.0,-0.670861275070305,1,0.0,0.0,0.0,0,0.5466377440347071,-0.4194214876033058,2022,7,1001.0,2,False,False,False,False,False,False,False,False,False,False,False,False,True,False,False,False,False,False,False,False,False,4.0,0.0,0,-0.6465638148667602,0.6708612757411663,10.00604414086122,148.8589936819405,4.5126353790613716e-05,-1.8742229480536,-1.874222701205118,0,0
1002,0.25,0.6025219444815756,-0.3333333333333333,-0.8495338751712558,1,0.0,0.0,0.0,0,-0.01735357917570499,-0.40702479338842973,2023,3,1002.0,0,False,False,False,False,False,False,False,False,False,True,False,False,False,False,False,False,False,False,False,False,False,1.0,4.0,3,-0.32764747690120827,2.5486016331595724,11.099740636346844,257.20225504454663,1.5116243915711824e-05,0.6569201196867254,0.6569189297275296,1,0
1003,-0.8333333333333334,0.5984583166243372,0.3333333333333333,-0.40127733654727693,1,0.0,0.0,0.0,0,0.0,-0.7541322314049587,2023,3,1003.0,1,False,False,False,False,False,True,False,False,False,False,False,False,False,False,False,False,False,False,False,False,False,1.0,1.0,2,0.3333333333333333,-1.2038320060303347,11.098015898034065,256.98054401063126,1.5142337976983646e-05,0.6528555089796322,0.6528543214807071,1,0
1004,0.0,1.3939312926079401,-0.3333333333333333,-0.5425672404380029,1,0.0,0.0,0.0,0,-0.4164859002169197,0.49793388429752067,2023,9,1004.0,2,False,False,False,False,False,False,True,False,False,False,False,False,False,False,False,False,False,False,False,False,False,2.0,2.0,3,-0.23532414497192444,1.627701726197114,11.389129387156718,297.2456896239204,1.1317850513830413e-05,1.3422270780264582,1.3422263118932642,2,0
1005,0.5,-0.5936461257407655,-0.3333333333333333,0.37069336712094525,1,0.0,0.0,0.0,0,-0.6052060737527115,0.27892561983471076,2023,12,1005.0,2,False,False,False,False,False,False,False,False,True,False,False,False,False,False,False,False,False,False,False,False,False,2.0,0.0,0,-0.20765765765765765,-1.1120801046990763,10.391975538580404,180.54362353736008,3.067766972420775e-05,-0.9915727846112388,-0.9915712776350392,0,0
1006,0.8333333333333334,-0.7636768702936327,0.0,-0.29007488900563466,1,0.0,0.0,0.0,0,0.5921908893709328,-0.5888429752066116,2022,6,1006.0,0,False,False,False,True,False,False,False,False,False,False,False,False,False,False,False,False,False,False,False,False,False,2.0,0.0,0,0.0,0.0,10.233762051368387,166.8112706024386,3.593632083947246e-05,-1.354790430288909,-1.3547888661918868,0,0
1007,-0.5,-0.45334402709085236,-0.6666666666666666,-0.5551696076310557,0,0.0,0.0,0.0,0,-0.3579175704989154,-0.23760330578512398,2023,9,1007.0,1,False,False,False,False,False,False,False,False,False,False,False,True,False,False,False,False,False,False,False,False,False,2.0,1.0,0,-0.49094781682641103,0.8327544126957152,10.505971240698727,191.1334612253961,2.737251252292448e-05,-0.7286786015891946,-0.7286774379357438,0,0
1008,-1.0,1.280720046339616,0.0,-0.7544650123098159,1,0.0,0.0,0.0,0,-0.7158351409978309,-0.6714876033057852,2024,2,1008.0,0,False,True,False,False,False,False,False,False,False,False,False,False,False,False,False,False,False,False,False,False,False,4.0,3.0,3,0.0,0.0,11.352521943477205,291.85441576237974,1.1739845034045551e-05,1.2551708197176723,1.2551698956380617,1,0
1009,1.0833333333333333,0.6091520741433855,0.6666666666666666,-0.5835738640460666,1,0.0,0.0,0.0,0,0.9327548806941431,0.7665289256198347,2022,1,1009.0,2,False,False,True,False,False,False,False,False,False,False,False,False,False,False,False,False,False,False,False,False,False,0.0,3.0,3,0.3449307893752338,-0.8753607947560588,11.102548312501044,257.5635843825753,1.5073861923424782e-05,0.6635373393194555,0.6635361454612865,1,0
1010,0.5833333333333334,-0.17904914672726463,0.6666666666666666,0.5571432986186224,0,0.0,0.0,0.0,0,-0.9392624728850325,-0.518595041322314,2024,5,1010.0,2,False,False,False,False,False,False,False,False,False,False,False,False,True,False,False,False,False,False,False,False,False,2.0,3.0,1,0.34377330350484714,0.8357149466743613,10.697113351662292,210.30216356471468,2.261011124174731e-05,-0.2856243817216613,-0.2856240765091732,0,0
1011,0.8333333333333334,-0.06248718976963864,-1.0,-0.8894980273391226,0,0.0,0.0,0.0,0,-0.45770065075921906,-0.7541322314049587,2023,10,1011.0,2,False,True,False,False,False,False,False,False,False,False,False,False,False,False,False,False,False,False,False,False,False,4.0,2.0,1,-0.6860119047619049,0.8894980282286207,10.768442883873123,217.9380645963435,2.1053518042864963e-05,-0.11956320860420816,-0.1195632486969852,0,0
1012,-0.08333333333333333,1.0601078287216503,-0.3333333333333333,0.40742297351586904,1,0.0,0.0,0.0,0,0.2754880694143167,-0.5805785123966942,2022,11,1012.0,2,False,False,False,False,False,False,False,False,False,False,False,False,False,True,False,False,False,False,False,False,False,3.0,0.0,3,-0.2613378684807256,-1.222268924214414,11.277089200908689,281.0515966864447,1.265967008899748e-05,1.0761184711155316,1.0761173244754256,1,0
1013,-0.6666666666666666,0.43840841242258166,0.0,-0.008022497604993892,1,0.0,0.0,0.0,0,-0.14533622559652928,0.9772727272727273,2023,5,1013.0,0,False,False,False,True,False,False,False,False,False,False,False,False,False,False,False,False,False,False,False,False,False,3.0,0.0,2,0.0,0.0,11.0276051316126,248.09070921741508,1.6246953696181967e-05,0.48712095989664966,0.48711991287665746,1,0
1014,0.8333333333333334,0.0,-1.0,-0.7560925862974752,1,0.0,0.0,0.0,1,0.8720173535791758,-0.5227272727272727,2022,2,1014.0,0,False,False,False,False,False,False,False,False,False,False,False,True,False,False,False,False,False,False,False,False,False,3.0,4.0,1,-0.5341830822711472,0.7560925870535677,10.804684950962628,221.92341021172146,2.030415626078658e-05,-0.03503730162965734,-0.03503751246862067,1,0
1015,0.4166666666666667,0.43855099585616897,-0.3333333333333333,0.5259227211388898,1,0.0,0.0,0.0,0,-0.5162689804772235,1.0433884297520661,2023,11,1015.0,1,False,False,False,False,False,False,False,False,False,True,False,False,False,False,False,False,False,False,False,False,False,3.0,3.0,2,-0.2198378636146876,-1.5777681681499742,11.027670117315768,248.0987706539474,1.6245897910777528e-05,0.48727374562325804,0.4872726984395896,1,0
1016,-0.08333333333333333,0.5412823597558258,0.3333333333333333,0.438880476322919,1,0.0,0.0,0.0,0,0.1735357917570499,-0.45661157024793386,2022,12,1016.0,1,False,False,False,False,False,False,False,False,True,False,False,False,False,False,False,False,False,False,False,False,False,4.0,2.0,2,0.2840418977202711,1.3166414250188327,11.073427762117856,253.84050110256243,1.5519274939474828e-05,0.5949351823764699,0.5949340352314885,1,0
1017,-0.6666666666666666,-0.40144365726507153,-0.6666666666666666,-0.2504918775817134,1,0.0,0.0,0.0,0,-0.824295010845987,0.24173553719008264,2024,4,1017.0,0,False,False,False,False,False,False,False,False,True,False,False,False,False,False,False,False,False,False,False,False,False,1.0,3.0,0,-0.36543797066983746,0.3757378169361768,10.545051923118718,194.90510511528424,2.632340940798652e-05,-0.6383215934307243,-0.6383205854094268,0,0
1018,0.08333333333333333,-1.120121195918549,1.0,0.777485913244126,0,0.0,0.0,0.0,0,0.7483731019522777,-0.6921487603305785,2022,4,1018.0,0,False,False,False,False,False,False,False,False,False,False,False,False,True,False,False,False,False,False,False,False,False,4.0,0.0,0,0.5719602977667494,0.77748591246664,9.758750756069444,131.5446692192428,5.778676683039584e-05,-2.4338621747189375,-2.433866325429968,0,1
1019,-1.0833333333333333,0.42575413269170787,0.0,0.447024526921928,1,0.0,0.0,0.0,0,-0.279826464208243,-0.9276859504132231,2023,7,1019.0,0,False,False,False,False,True,False,False,False,False,False,False,False,False,False,False,False,False,False,False,False,False,1.0,0.0,2,0.0,0.0,11.02182076581644,247.37421045856823,1.6341204346760357e-05,0.4735228547757277,0.4735218225605369,1,0
1020,0.0,-0.45031412912712204,-0.6666666666666666,-0.6367625699187244,1,0.0,0.0,0.0,0,-0.7158351409978309,0.8037190082644629,2024,2,1020.0,2,False,False,False,False,False,True,False,False,False,False,False,False,False,False,False,False,False,False,False,False,False,0.0,0.0,0,-0.38853771597134423,0.9551438563108023,10.50829520177255,191.35568975078843,2.730897372876727e-05,-0.7233087460169414,-0.7233075911783774,0,0
1021,0.6666666666666666,0.46339615915875776,0.6666666666666666,1.1657632600925039,1,0.0,0.0,0.0,0,-0.8633405639913232,-0.36983471074380164,2024,4,1021.0,1,False,False,False,False,True,False,False,False,False,False,False,False,False,False,False,False,False,False,False,False,False,2.0,1.0,2,0.3577803647652309,1.7486448875157887,11.038929878454953,249.499498997493,1.6063998971904064e-05,0.513751190390927,0.5137501157497535,1,0
1022,2.5,0.858673082921178,1.3333333333333333,1.702001503960774,1,0.0,0.0,0.0,0,-0.28633405639913234,0.5847107438016529,2023,7,1022.0,1,False,False,False,False,False,False,False,False,True,False,False,False,False,False,False,False,False,False,False,False,False,4.0,1.0,3,1.0365373805508713,1.2765011270132047,11.202861441625316,270.81174272915126,1.3635124079629125e-05,0.9003650659230994,0.9003638252596929,1,1
1023,-1.1666666666666667,0.38116116383727666,-1.3333333333333333,-0.9512646249884114,1,0.0,0.0,0.0,0,0.7071583514099783,-0.8409090909090909,2022,4,1023.0,1,False,False,False,False,True,False,False,False,False,False,False,False,False,False,False,False,False,False,False,False,False,2.0,3.0,2,-0.7810249894112664,0.7134484692763949,11.001166072044146,244.83259586909583,1.6682236754304018e-05,0.42498840180356234,0.42498742616649204,1,0
1024,0.25,-0.7379762063895201,0.3333333333333333,0.34034426280169366,0,0.0,0.0,0.0,0,-0.11279826464208242,-0.5929752066115702,2023,5,1024.0,2,False,False,False,False,False,False,False,False,False,False,False,False,True,False,False,False,False,False,False,False,False,2.0,1.0,0,0.299545159194282,1.0210327853419827,10.259342160090958,168.95857480459523,3.502872355331372e-05,-1.2961947240923628,-1.2961931264455997,0,0
1025,-0.75,-0.5531167847435726,-0.3333333333333333,0.441086972197328,0,0.0,0.0,0.0,0,0.5835140997830802,0.09710743801652892,2022,6,1025.0,2,False,False,True,False,False,False,False,False,False,False,False,False,False,False,False,False,False,False,False,False,False,4.0,0.0,0,-0.21050228310502284,-1.323260920561767,10.42626150981796,183.6654567413263,2.9643682931167367e-05,-0.9126082544237576,-0.9126068299917366,0,0
1026,0.0,0.0,0.0,-0.4587698424961628,1,0.0,0.0,0.0,1,-0.06941431670281996,-0.1012396694214876,2023,4,1026.0,2,False,False,False,False,False,False,False,False,True,False,False,False,False,False,False,False,False,False,False,False,False,1.0,2.0,1,0.0,0.0,10.804684950962628,221.92341021172146,2.030415626078658e-05,-0.03503730162965734,-0.03503751246862067,1,0
1027,0.0,0.8216726819052711,0.0,0.11963080853343225,1,0.0,0.0,0.0,0,0.6529284164859002,0.006198347107438017,2022,5,1027.0,2,False,False,False,False,True,False,False,False,False,False,False,False,False,False,False,False,False,False,False,False,False,1.0,0.0,3,0.0,0.0,11.188607070281545,268.8884527085535,1.383087604768886e-05,0.866663876167358,0.8666626305665508,1,0
1028,-0.4166666666666667,-0.6548857104665152,0.0,0.5985557856134822,1,0.0,0.0,0.0,0,0.5748373101952278,0.40289256198347106,2022,6,1028.0,1,False,False,False,False,False,False,False,False,True,False,False,False,False,False,False,False,False,False,False,False,False,4.0,3.0,0,0.0,0.0,10.337831620194669,175.72137035659608,3.2384468408951065e-05,-1.116088901536308,-1.116087309305991,0,0
1029,-0.5833333333333334,-0.05371830860401907,1.0,1.1629098550635066,1,0.0,0.0,0.0,0,-0.3839479392624729,0.41115702479338845,2023,9,1029.0,2,False,False,False,False,False,False,False,False,False,False,False,False,False,False,True,False,False,False,False,False,False,1.0,4.0,1,0.7225705329153604,1.1629098539005966,10.773608683563433,218.50171624039936,2.0945040214477212e-05,-0.1075214589653693,-0.10752152368738921,0,1
1030,0.0,0.3357483402397184,0.3333333333333333,0.9443410900625278,1,0.0,0.0,0.0,0,-0.8806941431670282,-0.13016528925619836,2024,4,1030.0,1,False,False,False,False,False,False,False,False,False,False,False,False,False,False,False,False,False,False,False,False,False,3.0,1.0,2,0.1772395232602845,2.8330232616885134,10.979683801919906,242.21684499637922,1.7044486108743822e-05,0.3745447276622801,0.374543816747068,1,0
1031,-1.0833333333333333,0.0,0.0,-0.2554549481339555,0,0.0,0.0,0.0,1,0.7288503253796096,0.9194214876033058,2022,4,1031.0,1,False,False,False,False,False,False,False,False,False,False,False,False,False,False,False,False,False,False,False,False,False,4.0,4.0,1,0.0,0.0,10.804684950962628,221.92341021172146,2.030415626078658e-05,-0.03503730162965734,-0.03503751246862067,1,0
1032,-0.4166666666666667,-0.6531747092634674,-0.6666666666666666,-0.25682293437168424,1,0.0,0.0,0.0,0,-0.4403470715835141,0.7954545454545454,2023,10,1032.0,1,False,False,False,False,False,False,False,False,False,False,False,False,False,False,False,False,True,False,False,False,False,4.0,1.0,0,-0.46285140562248994,0.38523440213537796,10.339384867764494,175.85789717837525,3.233420635690497e-05,-1.1125199878758503,-1.1125183972411947,0,0
1033,0.6666666666666666,0.9288597781045315,-0.3333333333333333,0.23948000041204417,1,0.0,0.0,0.0,0,0.5140997830802603,0.5847107438016529,2022,7,1033.0,1,False,False,False,False,False,False,False,False,False,False,False,True,False,False,False,False,False,False,False,False,False,2.0,0.0,3,-0.220152817574021,-0.7184400033914526,11.22935492855816,274.42303110344074,1.3278625396698933e-05,0.9630453689871235,0.9630441484548471,1,0
1034,0.08333333333333333,1.7275408813438489,0.6666666666666666,1.267933702112756,1,0.0,0.0,0.0,0,0.6507592190889371,0.9070247933884298,2022,5,1034.0,1,False,False,False,False,True,False,False,False,False,False,False,False,False,False,False,False,False,False,False,False,False,1.0,4.0,3,0.40385457731055624,1.9019005503162831,11.489810357464178,312.5923863436216,1.0233843319858773e-05,1.5822050506611711,1.5822049009615524,2,0
1035,0.16666666666666666,2.1128726106135542,0.0,1.4124169473716743,1,0.0,0.0,0.0,0,0.18004338394793926,-0.22933884297520662,2022,12,1035.0,0,False,False,False,False,False,False,False,True,False,False,False,False,False,False,False,False,False,False,False,False,False,2.0,2.0,3,0.0,0.0,11.594735840167795,329.42981043008234,9.214466712739e-06,1.8331580821880276,1.833158881877085,2,0
1036,0.08333333333333333,0.6631555496145791,0.3333333333333333,0.8180516497213552,1,0.0,0.0,0.0,0,0.737527114967462,-0.7334710743801653,2022,4,1036.0,1,False,False,False,False,False,False,False,False,True,False,False,False,False,False,False,False,False,False,False,False,False,3.0,1.0,3,0.1918435289221806,2.4541549418016007,11.125128354515471,260.4880035625441,1.473730749392086e-05,0.7167772060831656,0.7167759857378341,1,0
1037,-0.3333333333333333,0.5093436706322684,1.3333333333333333,-0.4680676164281962,1,0.0,0.0,0.0,0,0.3232104121475054,-0.8243801652892562,2022,10,1037.0,2,False,False,False,False,False,False,False,True,False,False,False,False,False,False,False,False,False,False,False,False,False,0.0,2.0,2,1.0076502732240435,-0.35105071205785915,11.059424907823507,252.06943487856674,1.5738117721120555e-05,0.5619709648697606,0.5619698449852333,1,1
1038,-0.25,-0.11681147796640377,-0.3333333333333333,-0.6932970734571526,1,0.0,0.0,0.0,0,-0.4880694143167028,-0.9194214876033058,2023,10,1038.0,1,False,False,False,False,False,False,False,False,False,False,False,False,False,False,False,False,True,False,False,False,False,0.0,0.0,1,-0.22400388726919337,2.079891226611132,10.735831298284362,214.4131525816455,2.175142471831905e-05,-0.19553470239755785,-0.19553458543969782,0,0
1039,-0.4166666666666667,-0.517506572205142,1.0,0.6948257568734099,0,0.0,0.0,0.0,0,-0.8264642082429501,1.0227272727272727,2024,4,1039.0,0,False,False,False,False,False,False,False,False,False,False,False,False,True,False,False,False,False,False,False,False,False,0.0,3.0,0,0.5475059382422803,0.694825756178584,10.45544552265826,186.36523280912672,2.8791063253965968e-05,-0.8453230190705269,-0.8453216799364034,0,1
1040,0.3333333333333333,0.19587399189056723,-0.6666666666666666,-0.44176890509595473,0,0.0,0.0,0.0,0,0.6746203904555315,-0.41115702479338845,2022,5,1040.0,0,False,False,False,False,False,False,False,False,True,False,False,False,False,False,False,False,False,False,False,False,False,2.0,0.0,2,-0.39810017271157166,0.6626533586379122,10.910459585649052,233.97649454592656,1.8266174697694808e-05,0.21224101499079218,0.21224034879172476,1,0
1041,0.5833333333333334,-0.7109566457247248,-1.3333333333333333,-0.9512646249884114,0,0.0,0.0,0.0,0,0.8394793926247288,-0.9276859504132231,2022,2,1041.0,2,False,False,False,False,False,False,False,False,False,False,False,False,False,False,False,False,True,False,False,False,False,4.0,3.0,0,-0.7248427672955975,0.7134484692763949,10.28554755219797,171.18703221914913,3.412270524807207e-05,-1.2361148915753077,-1.236113278440816,0,0
1042,0.5833333333333334,0.18065321035512186,-0.6666666666666666,-0.7398189066411199,0,0.0,0.0,0.0,0,-0.596529284164859,-0.08057851239669421,2023,12,1042.0,0,False,False,False,False,False,False,False,False,False,False,True,False,False,False,False,False,False,False,False,False,False,2.0,4.0,2,-0.4175724637681159,1.1097283616262725,10.902629352637497,233.06222345116336,1.8409764539111544e-05,0.19390573504156283,0.19390509959537908,1,0
1043,0.3333333333333333,-0.5876219756717016,0.0,0.5603778443915657,1,0.0,0.0,0.0,0,0.9392624728850325,-0.5020661157024794,2022,1,1043.0,2,False,False,False,False,False,True,False,False,False,False,False,False,False,False,False,False,False,False,False,False,False,2.0,2.0,0,0.0,0.0,10.39714667138021,181.01104938649465,3.051944088384301e-05,-0.9796688471876349,-0.9796673513430566,0,0
1044,-0.6666666666666666,0.38718531390634053,-0.3333333333333333,-0.5261884895495328,1,0.0,0.0,0.0,0,0.1843817787418655,0.29132231404958675,2022,12,1044.0,0,False,False,False,False,False,False,False,False,False,False,False,False,False,False,False,False,False,False,False,False,False,1.0,2.0,2,-0.2814407814407814,1.578565473384295,11.0039814032889,245.17748673155128,1.663533678239316e-05,0.4316019087043024,0.43160092502142805,1,0
1045,0.6666666666666666,0.39591854921356323,0.0,-0.5746036651318026,1,0.0,0.0,0.0,0,-0.9457700650759219,-0.518595041322314,2024,5,1045.0,2,False,False,False,False,False,False,False,False,False,False,False,False,False,False,False,True,False,False,False,False,False,1.0,0.0,2,0.0,0.0,11.008048777806648,245.67661671392335,1.656781205474005e-05,0.44115769145512457,0.4411566963319565,1,0
1046,-0.5833333333333334,-0.8476585126765583,0.0,-0.544407017110129,1,0.0,0.0,0.0,0,0.19305856832971802,0.9235537190082644,2022,12,1046.0,1,False,False,False,False,True,False,False,False,False,False,False,False,False,False,False,False,False,False,False,False,False,2.0,1.0,0,0.0,0.0,10.145295829079494,159.59323293924464,3.926033528326332e-05,-1.557053205523135,-1.5570519161792449,0,0
1047,-0.9166666666666666,0.01436528093392149,-0.6666666666666666,-0.4542332375330923,0,0.0,0.0,0.0,0,0.8828633405639913,-0.4855371900826446,2022,2,1047.0,0,False,False,False,False,False,False,True,False,False,False,False,False,False,False,False,False,False,False,False,False,False,0.0,4.0,2,-0.35407066052227343,0.6813498573216632,10.812834230175852,222.82953125651906,2.0139364401659484e-05,-0.01601700862695731,-0.016017257091379074,1,0
1048,0.0,0.6209508532727354,-0.6666666666666666,-0.13138436498861725,1,0.0,0.0,0.0,0,0.10845986984815618,0.0640495867768595,2023,1,1048.0,0,False,False,False,False,False,False,False,False,False,False,False,False,True,False,False,False,False,False,False,False,False,0.0,2.0,3,-0.6014350945857795,0.1970765477785407,11.107525354749656,258.2053446387197,1.4999025063370882e-05,0.675268910567916,0.6752677101233229,1,0
1049,1.6666666666666667,-0.2715145034086352,-0.6666666666666666,-0.8138694026391421,0,0.0,0.0,0.0,0,0.9045553145336226,0.9400826446280992,2022,1,1049.0,2,False,False,False,False,False,False,False,False,False,False,False,True,False,False,False,False,False,False,False,False,False,4.0,0.0,1,-0.35003796507213364,1.2208041057899193,10.636672420127605,204.04166241236126,2.401883076331844e-05,-0.4260274340059244,-0.42602683763043586,0,0
1050,-0.5,-0.5746112373568596,-1.0,-0.617262585370376,0,0.0,0.0,0.0,0,-0.8308026030368764,-0.7541322314049587,2024,4,1050.0,0,False,False,False,False,True,False,False,False,False,False,False,False,False,False,False,False,False,False,False,False,False,4.0,1.0,0,-0.5462085308056872,0.6172625859876386,10.408224678961561,182.0164827701052,3.018321209743141e-05,-0.9541603919534303,-0.9541589215675051,0,0
1051,0.4166666666666667,-0.12846767366216638,0.6666666666666666,-0.15157658353678,1,0.0,0.0,0.0,0,0.6681127982646421,0.9359504132231405,2022,5,1051.0,1,False,False,False,False,False,False,False,False,False,False,False,False,False,False,False,False,True,False,False,False,False,0.0,2.0,1,0.39965322930212394,-0.2273648749641227,10.728693166448515,213.64924525960768,2.1907244725830833e-05,-0.2121525864705196,-0.2121524348787869,0,0
1052,-0.9166666666666666,-0.9685336185002005,0.6666666666666666,0.24635701556496406,1,0.0,0.0,0.0,0,0.3644251626898048,0.41115702479338845,2022,10,1052.0,2,False,False,False,False,False,False,False,False,False,False,True,False,False,False,False,False,False,False,False,False,False,4.0,3.0,0,0.48860625331213564,0.36953552279314283,10.00242750039103,148.59004004306615,4.528985507246377e-05,-1.8824408819661982,-1.8824406738890624,0,0
1053,-0.9166666666666666,0.27842979993761974,0.3333333333333333,0.11933207659898849,1,0.0,0.0,0.0,0,0.9414316702819957,0.002066115702479339,2022,1,1053.0,1,True,False,False,False,False,False,False,False,False,False,False,False,False,False,False,False,False,False,False,False,False,3.0,3.0,2,0.1716945996275605,0.35799622872297676,10.951893674976919,238.87444400772554,1.752479758858785e-05,0.30934277341377836,0.3093419544893131,1,0
1054,-1.1666666666666667,2.452256828409749,0.3333333333333333,0.9514385487808649,1,0.0,0.0,0.0,0,0.561822125813449,-0.4359504132231405,2022,7,1054.0,2,False,False,False,False,False,True,False,False,False,False,False,False,False,False,False,False,False,False,False,False,False,2.0,3.0,3,0.2134259259259259,2.8543156377796475,11.678829657992106,343.57677453518306,8.471273910170611e-06,2.034921732371849,2.034923537962652,2,0
1055,-0.75,-0.4651784520785991,0.0,0.5083037176674188,1,0.0,0.0,0.0,0,-0.32537960954446854,-0.3119834710743802,2023,8,1055.0,0,False,False,False,False,False,False,False,False,False,False,False,True,False,False,False,False,False,False,False,False,False,3.0,0.0,0,0.0,0.0,10.49684202174171,190.26297590440447,2.762354631087539e-05,-0.7497689872966532,-0.7497677896045515,0,0
1056,-1.0833333333333333,1.0128057746290602,0.0,1.1680892487406906,1,0.0,0.0,0.0,0,-0.37093275488069416,-0.4855371900826446,2023,9,1056.0,2,False,False,False,False,False,False,False,False,False,True,False,False,False,False,False,False,False,False,False,False,False,4.0,3.0,3,0.0,0.0,11.260147108526327,278.6808210121393,1.2875978574371652e-05,1.0359653995553872,1.0359642209933897,1,0
1057,1.4166666666666667,-0.7197255268903444,-0.6666666666666666,-0.068465238934042,1,0.0,0.0,0.0,0,-0.982646420824295,-0.38636363636363635,2024,6,1057.0,0,False,True,False,False,False,False,False,False,False,False,False,False,False,False,False,False,False,False,False,False,False,1.0,0.0,0,-0.3362509117432531,0.10269785855510978,10.277117937124274,170.46700560519037,3.441156228492774e-05,-1.2554467845249693,-1.2554451743692445,0,0
1058,0.0,-0.9994029318718531,0.0,-0.4069944477064598,1,0.0,0.0,0.0,0,0.14316702819956617,-0.890495867768595,2023,1,1058.0,0,False,False,False,False,True,False,False,False,False,False,False,False,False,False,False,False,False,False,False,False,False,2.0,4.0,0,0.0,0.0,9.962416620065415,145.64683312726027,4.713868200245121e-05,-1.9732898128775105,-1.9732900782314633,0,0
1059,-1.1666666666666667,0.0014971260526667558,1.3333333333333333,-0.15963616510604975,1,0.0,0.0,0.0,0,0.8893709327548807,0.40702479338842973,2022,2,1059.0,1,False,False,False,False,False,False,False,False,False,False,False,False,False,False,False,True,False,False,False,False,False,1.0,4.0,2,0.7057022579410639,-0.11972712373974197,10.80553736211994,222.01801728688596,2.028685614590307e-05,-0.03304802885098945,-0.03304824364055367,1,1
1060,-0.5,-0.5770708015862407,-0.3333333333333333,-0.3816681603263388,0,0.0,0.0,0.0,0,-0.665943600867679,-0.7252066115702479,2024,1,1060.0,2,False,False,False,False,False,False,False,False,False,False,True,False,False,False,False,False,False,False,False,False,False,3.0,2.0,0,-0.20008680555555552,1.1450044844140301,10.406139865612957,181.82684070290614,3.0246204101385276e-05,-0.9589616465853237,-0.9589601712433156,0,0
1061,1.0,1.0395045225682842,-0.6666666666666666,-0.4648825159409541,0,0.0,0.0,0.0,0,0.4229934924078091,0.7086776859504132,2022,9,1061.0,1,False,False,False,False,False,False,False,False,False,False,False,False,False,True,False,False,False,False,False,False,False,3.0,4.0,3,-0.46849593495934955,0.6973237749574168,11.269745008919022,280.0214277515205,1.2752987387295474e-05,1.0587098176496448,1.0587086563874912,1,0
1062,-0.5,0.29956779396693844,0.0,0.36066833544505916,1,0.0,0.0,0.0,0,-0.16052060737527116,-0.8202479338842975,2023,6,1062.0,0,False,False,False,False,False,False,False,False,False,False,False,False,False,False,True,False,False,False,False,False,False,4.0,1.0,2,0.0,0.0,10.962232252205217,240.11247364516487,1.734454947532738e-05,0.33359237408494763,0.3335915198952846,1,0
1063,-0.3333333333333333,0.3097268636100343,0.3333333333333333,0.5882505639852902,1,0.0,0.0,0.0,0,-0.3839479392624729,-0.4318181818181818,2023,9,1063.0,0,False,False,False,False,False,False,False,False,False,False,False,False,False,False,True,False,False,False,False,False,False,2.0,3.0,2,0.24085684430512014,1.7647516866616155,10.967163271323342,240.70521390281516,1.725923369002416e-05,0.3451612448071496,0.34516037422639195,1,0
1064,0.08333333333333333,-0.669179699683643,0.6666666666666666,-0.21493041606147695,1,0.0,0.0,0.0,0,0.928416485900217,-0.6301652892561983,2022,1,1064.0,2,False,False,False,False,False,True,False,False,False,False,False,False,False,False,False,False,False,False,False,False,False,2.0,0.0,0,0.34570678665166854,-0.322395623608622,10.324760390849805,174.57663073848116,3.281055187348251e-05,-1.1461154902815227,-1.1461138867616922,0,0
1065,-0.16666666666666666,1.5497036938020763,0.0,0.4171781163406369,1,0.0,0.0,0.0,0,0.6681127982646421,0.10537190082644628,2022,5,1065.0,0,False,False,False,False,False,False,False,False,False,False,False,False,False,False,False,True,False,False,False,False,False,3.0,4.0,3,0.0,0.0,11.437404186877691,304.50779957170226,1.0784461747514182e-05,1.457191954683609,1.4571914498317198,2,0
1066,1.5833333333333333,0.29750033417992244,-0.6666666666666666,-0.5491887882814672,1,0.0,0.0,0.0,0,0.7223427331887202,0.5433884297520661,2022,4,1066.0,2,False,False,False,False,False,False,False,False,True,False,False,False,False,False,False,False,False,False,False,False,False,2.0,4.0,2,-0.38706968933669184,0.8237831836578756,10.961225761994266,239.9916665219857,1.736201538274563e-05,0.33123123874512067,0.3312303879355001,1,0
1067,0.5833333333333334,-0.07899122220736979,-0.6666666666666666,-0.7270846853528643,0,0.0,0.0,0.0,0,-0.8590021691973969,0.9979338842975206,2024,4,1067.0,2,False,False,False,False,False,False,False,False,False,False,True,False,False,False,False,False,False,False,False,False,False,1.0,0.0,1,-0.3586153247763516,1.090627029665237,10.758647284406052,216.8732348631338,2.1260763261401083e-05,-0.14239157389100496,-0.14239156706766123,0,0
1068,0.0,-0.33239762955041663,0.6666666666666666,0.6134470574904458,0,0.0,0.0,0.0,0,0.44685466377440347,-0.35330578512396693,2022,8,1068.0,2,False,False,False,False,False,False,False,False,False,False,False,False,True,False,False,False,False,False,False,False,False,2.0,0.0,1,0.4607696151924038,0.9201705848554129,10.5947830197326,199.81241202688085,2.5046335721084007e-05,-0.5231699157265961,-0.5231691247623594,0,0
1069,0.16666666666666666,0.8878670409481798,-0.3333333333333333,0.16547688947948552,1,0.0,0.0,0.0,0,-0.8459869848156182,1.0144628099173554,2024,4,1069.0,2,False,True,False,False,False,False,False,False,False,False,False,False,False,False,False,False,False,False,False,False,False,3.0,1.0,3,-0.18057187622405013,-0.49643066992774865,11.213966715790677,272.31966509967657,1.3484539974918755e-05,0.9266320319755905,0.9266307979931316,1,0
1070,1.1666666666666667,-0.23914806398431582,0.6666666666666666,-0.006850232289831784,0,0.0,0.0,0.0,0,0.5856832971800434,-0.3739669421487603,2022,6,1070.0,2,False,False,False,False,False,False,False,False,False,False,False,False,False,False,False,False,False,False,False,False,False,2.0,0.0,1,0.4204286365709074,-0.010275348419334654,10.658247102223596,206.2546969162157,2.350618212589911e-05,-0.37594233205274735,-0.37594183867127967,0,0
1071,-0.25,-0.5745399456400659,0.3333333333333333,-0.13810480340348377,0,0.0,0.0,0.0,0,0.8741865509761388,1.0475206611570247,2022,2,1071.0,1,False,False,False,False,False,False,False,False,True,False,False,False,False,False,False,False,False,False,False,False,False,4.0,3.0,0,0.17785493827160492,-0.4143144089675081,10.408285043563778,182.02197669512327,3.0181390154830533e-05,-0.9540213693482992,-0.9540198991069972,0,0
1072,0.16666666666666666,0.724359488481932,0.0,-0.05667459851458106,1,0.0,0.0,0.0,0,0.30585683297180044,0.9607438016528925,2022,10,1072.0,0,False,False,True,False,False,False,False,False,False,False,False,False,False,False,False,False,False,False,False,False,False,3.0,0.0,3,0.0,0.0,11.150117466528044,263.7631513308863,1.4373598574139022e-05,0.7757439545484306,0.7757427153359303,1,0
1073,0.9166666666666666,-0.7552288018535847,1.6666666666666667,1.9472130370736633,1,0.0,0.0,0.0,0,0.175704989154013,0.7169421487603306,2022,12,1073.0,0,False,False,False,False,True,False,False,False,False,False,False,False,False,False,False,False,False,False,False,False,False,3.0,0.0,0,1.417589175891759,1.1683278215432011,10.242242895171909,167.52014804195943,3.563283922462942e-05,-1.3353691098187035,-1.3353675325012393,0,1
1074,-0.3333333333333333,-0.8302276879205097,0.6666666666666666,0.6611535173110007,0,0.0,0.0,0.0,0,0.0,-0.7706611570247934,2023,3,1074.0,2,False,False,False,False,False,False,False,False,False,False,False,True,False,False,False,False,False,False,False,False,False,2.0,2.0,0,0.6666666666666666,0.9917302744789057,10.164312170818027,161.11796920269322,3.852080123266564e-05,-1.5136259018055571,-1.513624530951691,0,0
1075,-0.16666666666666666,-0.21498017199126676,0.3333333333333333,-0.02141598936926354,0,0.0,0.0,0.0,0,-0.0824295010845987,-0.6632231404958677,2023,4,1075.0,2,False,False,False,False,True,False,False,False,False,False,False,False,False,False,False,False,False,False,False,False,False,0.0,3.0,1,0.3079492317969271,-0.06424796791504671,10.674058630060877,207.89179878003847,2.3137436372049977e-05,-0.339213386427418,-0.3392129693074804,0,0
1076,-0.25,2.185875328610257,-0.6666666666666666,-0.49512242858761596,1,0.0,0.0,0.0,0,-0.27765726681127983,0.30785123966942146,2023,7,1076.0,0,False,False,False,False,False,False,False,False,False,False,False,False,False,False,False,True,False,False,False,False,False,2.0,1.0,3,-0.5217883418222977,0.7426836439954494,11.613431215301867,332.52368336706485,9.043799119133966e-06,1.877964454033646,1.877965457915347,2,0
1077,-0.08333333333333333,0.017003074455286725,0.3333333333333333,0.32884411343572645,1,0.0,0.0,0.0,0,-0.982646420824295,-0.365702479338843,2024,6,1077.0,2,False,False,True,False,False,False,False,False,False,False,False,False,False,False,False,False,False,False,False,False,False,3.0,3.0,2,0.16812545587162656,0.9865323373475823,10.814323433727319,222.99551564997893,2.010939510939511e-05,-0.012540672220347708,-0.01254092752490631,1,0
1078,-1.0,0.6762732255046117,-0.3333333333333333,-0.9254591715854426,1,0.0,0.0,0.0,0,0.2386117136659436,-0.4607438016528926,2022,11,1078.0,0,False,True,False,False,False,False,False,False,False,False,False,False,False,False,False,False,False,False,False,False,False,4.0,3.0,3,-0.269118505545826,2.776377523085461,11.13053703037954,261.1934149246493,1.4657813347404833e-05,0.7295358831493752,0.7295346577726101,1,0
1079,0.0,0.0,1.0,-0.5602954355820637,1,0.0,0.0,0.0,1,-0.37310195227765725,-0.11363636363636363,2023,9,1079.0,1,False,False,False,False,False,False,False,False,False,False,False,False,True,False,False,False,False,False,False,False,False,3.0,3.0,1,0.7282780410742495,-0.5602954350217683,10.804684950962628,221.92341021172146,2.030415626078658e-05,-0.03503730162965734,-0.03503751246862067,1,1
1080,-0.16666666666666666,-1.120121195918549,-0.6666666666666666,-0.381865941469143,1,0.0,0.0,0.0,0,0.09327548806941431,0.7293388429752066,2023,2,1080.0,2,False,False,False,False,False,True,False,False,False,False,False,False,False,False,False,False,False,False,False,False,False,1.0,4.0,0,-0.6097883597883598,0.5727989130629129,9.764397884134175,131.91664034533324,5.746135723725794e-05,-2.42113377334931,-2.421137778259679,0,0
1081,-0.5,0.0,0.3333333333333333,0.3693171400022664,1,0.0,0.0,0.0,1,0.5032537960954447,0.6673553719008265,2022,7,1081.0,0,False,False,False,False,False,False,False,False,False,False,False,False,False,False,False,False,True,False,False,False,False,4.0,2.0,1,0.22174122174122174,1.107951416682945,10.804684950962628,221.92341021172146,2.030415626078658e-05,-0.03503730162965734,-0.03503751246862067,1,0
1082,0.08333333333333333,0.3661899033106091,-0.3333333333333333,0.25380471172368335,1,0.0,0.0,0.0,0,0.17787418655097614,0.6384297520661157,2022,12,1082.0,0,False,False,False,True,False,False,False,False,False,False,False,False,False,False,False,False,False,False,False,False,False,2.0,1.0,2,-0.28299570288520565,-0.7614141374552925,10.99413487154994,243.97335920136854,1.6799946240172032e-05,0.40847408701444576,0.4084731319195308,1,0
1083,0.3333333333333333,-0.7674553312836965,1.3333333333333333,1.4575543125560126,1,0.0,0.0,0.0,0,0.13232104121475055,-0.2830578512396694,2023,1,1083.0,2,False,False,False,False,True,False,False,False,False,False,False,False,False,False,False,False,False,False,False,False,False,4.0,0.0,0,1.177522349936143,1.0931657335971352,10.229945527689226,166.4932431061393,3.6073734713754915e-05,-1.3635285639680372,-1.36352700651693,0,1
1084,-0.6666666666666666,0.759506304861204,0.0,-0.6034632302193105,1,0.0,0.0,0.0,0,0.33405639913232105,-0.3450413223140496,2022,10,1084.0,1,False,False,False,False,False,False,False,False,False,False,False,False,False,False,False,False,False,False,False,False,False,4.0,2.0,3,0.0,0.0,11.164190345607754,265.62567646972684,1.4172737322486465e-05,0.808973308622695,0.808972063810275,1,0
1085,0.75,0.6797308737691039,0.0,-0.31417740556465484,1,0.0,0.0,0.0,0,-0.9522776572668112,-0.8037190082644629,2024,6,1085.0,2,False,False,False,False,False,False,False,False,False,False,False,True,False,False,False,False,False,False,False,False,False,2.0,4.0,3,0.0,0.0,11.131957828462452,261.37903511949844,1.4637002341920375e-05,0.7328878248745911,0.7328865982619621,1,0
1086,0.3333333333333333,-0.08376776723254467,0.0,0.2788672909133987,1,0.0,0.0,0.0,0,-0.7982646420824295,-0.15495867768595042,2024,3,1086.0,0,False,False,False,False,False,False,False,False,False,False,False,True,False,False,False,False,False,False,False,False,False,0.0,4.0,1,0.0,0.0,10.75579427616868,216.56407827707716,2.132150700411505e-05,-0.1490390274434298,-0.1490390069082083,0,0
1087,-0.08333333333333333,-0.18215033640778863,0.0,0.30586853734664243,1,0.0,0.0,0.0,0,-0.08459869848156182,-0.18801652892561985,2023,4,1087.0,0,False,False,False,False,False,False,False,False,False,False,False,False,False,False,False,False,True,False,False,False,False,4.0,2.0,1,0.0,0.0,10.69514433474214,210.09521650908667,2.265467479214336e-05,-0.2902028245079146,-0.29020250971805645,0,0
1088,-0.3333333333333333,0.4423294568462327,0.3333333333333333,-0.10648660341790536,1,0.0,0.0,0.0,0,-0.7331887201735358,0.17148760330578514,2024,2,1088.0,1,False,False,False,False,False,False,False,False,False,False,False,False,False,False,False,True,False,False,False,False,False,0.0,2.0,2,0.19232373800584063,-0.3194598092953366,11.02939070144014,248.31230336010336,1.621796951021732e-05,0.4913190740901656,0.49131802259443746,1,0
1089,-1.1666666666666667,-0.8584592077707971,-0.3333333333333333,-0.7091092637802981,0,0.0,0.0,0.0,0,0.6420824295010846,0.7293388429752066,2022,5,1089.0,0,True,False,False,False,False,False,False,False,False,False,False,False,False,False,False,False,False,False,False,False,False,4.0,4.0,0,-0.2029942756494936,2.127327797722878,10.13332862529806,158.64110438344787,3.9732994278448824e-05,-1.5843684079532117,-1.584367176718557,0,0
1090,0.4166666666666667,0.0,0.0,-0.18256435612967026,1,0.0,0.0,0.0,1,-0.7266811279826464,-0.4896694214876033,2024,2,1090.0,2,False,False,False,False,False,False,False,False,False,False,False,False,False,False,True,False,False,False,False,False,False,1.0,0.0,1,0.0,0.0,10.804684950962628,221.92341021172146,2.030415626078658e-05,-0.03503730162965734,-0.03503751246862067,1,0
1091,-0.4166666666666667,0.018785367375128103,0.0,0.3986258331015586,1,0.0,0.0,0.0,0,0.3665943600867679,0.4772727272727273,2022,10,1091.0,0,False,False,False,False,False,False,False,False,False,False,False,False,False,False,False,True,False,False,False,False,False,1.0,0.0,2,0.0,0.0,10.815328398336652,223.10759736055607,2.0089196030374866e-05,-0.010194626100248426,-0.010194886014355895,1,0
1092,-1.0833333333333333,-0.6435146816379272,-0.3333333333333333,-0.35358117782790977,0,0.0,0.0,0.0,0,0.7288503253796096,-0.08471074380165289,2022,4,1092.0,2,False,False,False,False,False,False,False,False,False,True,False,False,False,False,False,False,False,False,False,False,False,0.0,3.0,0,-0.19280635717273106,1.06074353666596,10.348109269178813,176.62672504465456,3.205333675235592e-05,-1.0924704044477858,-1.0924688237543787,0,0
1093,-0.9166666666666666,-0.13559684534153188,-0.3333333333333333,0.009792226789043885,1,0.0,0.0,0.0,0,0.5835140997830802,0.3409090909090909,2022,6,1093.0,0,False,False,False,False,False,False,False,False,True,False,False,False,False,False,False,False,False,False,False,False,False,3.0,4.0,1,-0.21050228310502284,-0.029376680455261702,10.724302090826434,213.1806745462637,2.200365260633265e-05,-0.22237324003145267,-0.22237306710658694,0,0
1094,-0.5833333333333334,-0.3495076415808938,-0.6666666666666666,-0.9364607476539242,0,0.0,0.0,0.0,0,0.13665943600867678,0.20867768595041322,2023,1,1094.0,2,False,True,False,False,False,False,False,False,False,False,False,False,False,False,False,False,False,False,False,False,False,4.0,2.0,1,-0.5865139949109415,1.404691123587923,10.582687926963448,198.6076534275555,2.535111291385692e-05,-0.5511934992206213,-0.5511926538421489,0,0
1095,0.75,2.8266017912043817,0.3333333333333333,0.4664235606786368,1,0.0,0.0,0.0,0,-0.6963123644251626,0.5392561983471075,2024,2,1095.0,1,False,False,False,True,False,False,False,False,False,False,False,False,False,False,False,False,False,False,False,False,False,0.0,1.0,3,0.19650468883205455,1.3992706778380983,12.08751993875295,421.473605342019,5.629331066589357e-06,3.0235691554497004,3.0235793822166572,4,0
1096,-0.16666666666666666,0.0,0.0,-0.07789074652080302,1,0.0,0.0,0.0,1,0.5184381778741866,0.4855371900826446,2022,7,1096.0,2,False,False,False,True,False,False,False,False,False,False,False,False,False,False,False,False,False,False,False,False,False,2.0,0.0,1,0.0,0.0,10.804684950962628,221.92341021172146,2.030415626078658e-05,-0.03503730162965734,-0.03503751246862067,1,0
1097,-1.0,0.3386000089114646,0.3333333333333333,1.0985362135212255,1,0.0,0.0,0.0,0,0.5336225596529284,-0.40289256198347106,2022,7,1097.0,2,False,False,False,False,False,False,False,True,False,False,False,False,False,False,False,False,False,False,False,False,False,2.0,1.0,2,0.21735030645921735,3.295608630676851,10.981046432006405,242.3819300195458,1.7021276595744682e-05,0.37774332039979075,0.37774240520851765,1,0
1098,0.75,1.2186606068707393,-1.0,-0.5551263430060674,1,0.0,0.0,0.0,0,0.7331887201735358,0.5640495867768595,2022,4,1098.0,2,False,False,False,False,False,False,False,True,False,False,False,False,False,False,False,False,False,False,False,False,False,1.0,4.0,3,-0.5769712140175219,0.5551263435611937,11.331871104943202,288.8563656906318,1.1984803269454332e-05,1.2061078275804549,1.206106829110392,1,0
1099,-0.8333333333333334,0.3731051998395936,0.0,-0.6425662103278841,1,0.0,0.0,0.0,0,-0.5227765726681128,0.9400826446280992,2023,11,1099.0,1,False,False,False,False,False,False,False,False,False,False,False,False,False,False,True,False,False,False,False,False,False,0.0,0.0,2,0.0,0.0,10.997388761474118,244.37062016535458,1.6745369905221206e-05,0.4161160794939553,0.4161151148135648,1,0
1100,-0.9166666666666666,2.1488036358775564,0.3333333333333333,0.6332478341934754,1,0.0,0.0,0.0,0,0.6572668112798264,0.09710743801652892,2022,5,1100.0,2,False,False,False,False,False,False,False,False,False,False,False,False,False,False,False,True,False,False,False,False,False,4.0,2.0,3,0.20113438045375218,1.8997434968811957,11.60398115269893,330.9561904542654,9.129668684323447e-06,1.8553124223418263,1.8553133216451774,2,0
1101,-0.5,1.3886557055652096,-0.3333333333333333,-0.798123139363598,1,0.0,0.0,0.0,0,0.26898047722342733,0.7913223140495868,2022,11,1101.0,1,False,False,False,False,False,False,True,False,False,False,False,False,False,False,False,False,False,False,False,False,False,1.0,2.0,3,-0.26267806267806265,2.3943694252739025,11.387452940829466,296.9966329775474,1.1336840195900598e-05,1.3382379963335977,1.338237222223363,2,0
1102,0.5,2.8266017912043817,0.0,-0.14741905909741748,1,0.0,0.0,0.0,0,-0.559652928416486,-0.7293388429752066,2023,12,1102.0,0,False,True,False,False,False,False,False,False,False,False,False,False,False,False,False,False,False,False,False,False,False,1.0,1.0,3,0.0,0.0,11.943187245295023,392.12880536884813,6.5033882652862145e-06,2.6728807471997698,2.672887287484661,3,0
1103,0.6666666666666666,1.1365681949828454,-1.0,-0.6718440001236132,1,0.0,0.0,0.0,0,0.11279826464208242,-0.1921487603305785,2023,1,1103.0,1,False,False,False,False,False,False,False,False,False,False,True,False,False,False,False,False,False,False,False,False,False,3.0,0.0,3,-0.898635477582846,0.6718440007954573,11.3038820380348,284.84206150075516,1.2324985210017749e-05,1.1396642696332577,1.1396631867167206,1,0
1104,0.08333333333333333,-0.5377534197745399,-0.3333333333333333,0.002309506886286152,1,0.0,0.0,0.0,0,-0.38611713665943603,-0.40702479338842973,2023,9,1104.0,2,False,False,False,False,False,False,True,False,False,False,False,False,False,False,False,False,False,False,False,False,False,0.0,3.0,0,-0.24047991653625456,-0.006928520679644019,10.438957007214878,184.83506160899236,2.926972047416947e-05,-0.8833461747533068,-0.8833447858341866,0,0
1105,0.4166666666666667,0.0,-0.3333333333333333,0.25315368212861966,1,0.0,0.0,0.0,1,-0.3882863340563991,0.35330578512396693,2023,9,1105.0,2,False,False,False,False,False,False,False,False,False,False,False,False,False,False,False,False,False,False,False,False,False,2.0,1.0,1,-0.24010416666666665,-0.7594610486642422,10.804684950962628,221.92341021172146,2.030415626078658e-05,-0.03503730162965734,-0.03503751246862067,1,0
1106,-0.6666666666666666,0.634460633605133,-1.0,-0.7706933671209453,1,0.0,0.0,0.0,0,-0.6052060737527115,0.5723140495867769,2023,12,1106.0,1,False,False,False,False,False,True,False,False,False,False,False,False,False,False,False,False,False,False,False,False,False,3.0,1.0,3,-0.622972972972973,0.7706933678916387,11.113193888709825,258.9382165691268,1.4914243102162564e-05,0.6886327923091434,0.6886315848741417,1,0
1107,-0.75,0.22652943011183888,-0.6666666666666666,-0.7872884411343573,0,0.0,0.0,0.0,0,-0.4924078091106291,0.31611570247933884,2023,11,1107.0,2,False,True,False,False,False,False,False,False,False,False,False,False,False,False,False,False,False,False,False,False,False,4.0,0.0,2,-0.4467054263565891,1.180932663472935,10.926046388085478,235.80712457430118,1.7983670826889186e-05,0.2487533245580929,0.24875259886630655,1,0
1108,-1.0833333333333333,1.7806532103551218,0.3333333333333333,-0.3235328656633394,1,0.0,0.0,0.0,0,0.8177874186550976,-0.5764462809917356,2022,3,1108.0,0,False,False,False,False,False,False,False,False,False,True,False,False,False,False,False,False,False,False,False,False,False,0.0,4.0,3,0.1833731105807478,-0.9705985940782224,11.50494369522857,314.9666649028116,1.0080137089864422e-05,1.6183457353148545,1.6183457025431869,2,0
1109,0.5,-0.48902553134607674,1.3333333333333333,0.9281951440609003,1,0.0,0.0,0.0,0,0.1822125813449024,-0.7334710743801653,2022,12,1109.0,0,True,False,False,False,False,False,False,False,False,False,False,False,False,False,False,False,False,False,False,False,False,3.0,0.0,0,1.12782874617737,0.6961463575235655,10.478188977889591,188.49668432097155,2.814364516492176e-05,-0.7928414420980069,-0.7928401779340114,0,1
1110,-0.08333333333333333,1.6327941897250813,1.0,2.4585674876644252,1,0.0,0.0,0.0,0,-0.7418655097613883,-0.6260330578512396,2024,2,1110.0,2,False,False,False,False,False,False,False,False,True,False,False,False,False,False,False,False,False,False,False,False,False,2.0,1.0,3,0.5740971357409713,2.4585674852058577,11.462231990654645,308.3115307606902,1.0520003787201363e-05,1.5163906083270717,1.5163902622302181,2,1
1111,-0.3333333333333333,0.12123156440761039,-0.3333333333333333,0.21631282384086875,1,0.0,0.0,0.0,0,0.27331887201735355,-0.8698347107438017,2022,11,1111.0,2,False,False,False,False,False,False,False,False,False,False,False,False,False,False,False,True,False,False,False,False,False,2.0,2.0,2,-0.2617830777967064,-0.6489384734694218,10.871459503545298,229.45805716949667,1.899263085922662e-05,0.12096579026685225,0.12096528251233536,1,0
1112,-0.16666666666666666,0.19555317916499576,0.6666666666666666,-0.9286566333941099,1,0.0,0.0,0.0,0,0.38611713665943603,0.493801652892562,2022,9,1112.0,0,False,False,False,False,True,False,False,False,False,False,False,False,False,False,False,False,False,False,False,False,False,2.0,0.0,2,0.4809598330725091,-1.3929849480016876,10.91029517656234,233.95726105423614,1.8269178069678646e-05,0.21185598537711636,0.21185531981794375,1,0
1113,-0.9166666666666666,0.4466426057122488,-0.3333333333333333,0.36265644797428864,1,0.0,0.0,0.0,0,-0.8915401301518439,0.25413223140495866,2024,5,1113.0,2,False,False,False,False,False,False,False,False,True,False,False,False,False,False,False,False,False,False,False,False,False,1.0,2.0,2,-0.17622324159021405,-1.0879693471867742,11.031351152809686,248.55582873873627,1.618620611514867e-05,0.49592864588479774,0.49592758952666516,1,0
1114,0.4166666666666667,-1.120121195918549,0.6666666666666666,-0.07125683735591333,0,0.0,0.0,0.0,0,0.7613882863340564,0.1012396694214876,2022,4,1114.0,1,False,False,False,True,False,False,False,False,False,False,False,False,False,False,False,False,False,False,False,False,False,3.0,3.0,0,0.3784893267651888,-0.10688525587354213,9.596010852756168,121.26417442921878,6.799945600435197e-05,-2.799644409897715,-2.7996538955251933,0,0
1115,0.16666666666666666,-0.5293766430512855,2.6666666666666665,2.3143133801003333,0,0.0,0.0,0.0,0,-0.5010845986984815,0.26239669421487605,2023,11,1115.0,1,False,False,True,False,False,False,False,False,False,False,False,False,False,False,False,False,False,False,False,False,False,0.0,2.0,0,1.7764932562620424,0.8678675172121747,10.44581184336149,185.469674070992,2.9069767441860467e-05,-0.8675411936501629,-0.8675398249395962,0,1
1116,0.0,-0.9135677048522924,0.3333333333333333,1.2182659126260598,0,0.0,0.0,0.0,0,0.28199566160520606,-0.6384297520661157,2022,11,1116.0,0,False,False,False,False,False,False,False,False,False,False,False,False,True,False,False,False,False,False,False,False,False,2.0,2.0,0,0.26001128031584886,3.654797726913786,10.069933760171793,153.69124893760218,4.233341800016933e-05,-1.728885990483806,-1.7288851613031395,0,0
1117,0.3333333333333333,0.18489506750434434,-0.6666666666666666,-0.7402350711291037,0,0.0,0.0,0.0,0,-0.37310195227765725,-0.2706611570247934,2023,9,1117.0,1,False,False,False,False,True,False,False,False,False,False,False,False,False,False,False,False,False,False,False,False,False,3.0,3.0,2,-0.4855186940494997,1.1103526083591844,10.904817718397684,233.3173804070327,1.8369521290275174e-05,0.1990295324893521,0.1990288883919905,1,0
1118,-0.25,-0.5156529875685069,-0.3333333333333333,-0.07055842269538605,1,0.0,0.0,0.0,0,-0.3557483731019523,-0.9235537190082644,2023,8,1118.0,2,False,False,False,False,False,False,False,False,False,False,False,False,False,False,True,False,False,False,False,False,False,0.0,2.0,0,-0.24586666666666668,0.21167526872118397,10.456941538357741,186.50469162999627,2.874802357337933e-05,-0.8418721152314621,-0.8418707808103262,0,0
1119,-0.9166666666666666,-0.29411397763222386,0.0,0.014341193073539683,1,0.0,0.0,0.0,0,-0.7982646420824295,0.6384297520661157,2024,3,1119.0,2,False,False,False,True,False,False,False,False,False,False,False,False,False,False,False,False,False,False,False,False,False,2.0,3.0,1,0.0,0.0,10.621327345686446,202.4820979741172,2.4390243902439026e-05,-0.46162875026528283,-0.4616280816468069,0,0
1120,-0.9166666666666666,-0.24581383950452257,0.6666666666666666,0.12502034467484574,1,0.0,0.0,0.0,0,0.7613882863340564,0.5475206611570248,2022,4,1120.0,0,False,False,False,False,False,False,False,False,False,False,False,False,False,False,False,False,False,False,False,False,False,2.0,3.0,1,0.3784893267651888,0.18753051673097285,10.653841756865651,205.80087463370995,2.3609963404556723e-05,-0.3861721597959159,-0.3861716452708157,0,0
1121,1.4166666666666667,-0.7685247070356013,1.3333333333333333,2.4585674876644252,0,0.0,0.0,0.0,0,-0.8850325379609545,-0.002066115702479339,2024,5,1121.0,1,False,False,False,False,False,False,False,False,False,False,True,False,False,False,False,False,False,False,False,False,False,4.0,4.0,0,0.7073264288454161,1.8439256143653746,10.22886272963353,166.40312497065673,3.611281643855404e-05,-1.366007485306539,-1.3660059298206157,0,1
1122,-1.1666666666666667,0.14304682974646885,-1.0,-0.7621146100518146,0,0.0,0.0,0.0,0,0.8026030368763557,-0.25,2022,3,1122.0,1,False,False,False,False,False,False,False,False,False,False,True,False,False,False,False,False,False,False,False,False,False,2.0,3.0,2,-0.5547533092659447,0.7621146108139292,10.883015959814806,230.78778130568352,1.8774406728747372e-05,0.14799998889067784,0.1479994328544932,1,0
1123,-1.1666666666666667,0.07767232544668716,0.3333333333333333,0.22405307127331922,1,0.0,0.0,0.0,0,0.789587852494577,0.3822314049586777,2022,3,1123.0,0,False,False,False,False,False,False,False,False,False,False,True,False,False,False,False,False,False,False,False,False,False,2.0,3.0,2,0.18626262626262627,0.67215921180348,10.847976938768962,226.77962871475032,1.9443904335990668e-05,0.06606471293867498,0.0660643063763166,1,0
1124,0.16666666666666666,-0.07350176001425834,0.3333333333333333,0.5767751372621733,1,0.0,0.0,0.0,0,-0.5379609544468547,0.7541322314049587,2023,11,1124.0,1,False,False,False,False,True,False,False,False,False,False,False,False,False,False,False,False,False,False,False,False,False,0.0,0.0,1,0.2167371885284438,1.7303254065955438,10.76191609356562,217.22799082991125,2.1191379346881687e-05,-0.13477453556795743,-0.13477454442964987,0,0
1125,-0.3333333333333333,-0.08162901572873502,0.6666666666666666,-0.29508122418286514,1,0.0,0.0,0.0,0,-0.4945770065075922,0.8409090909090909,2023,11,1125.0,1,False,False,False,False,False,False,False,True,False,False,False,False,False,False,False,False,False,False,False,False,False,2.0,3.0,1,0.44605708756652146,-0.442621835610365,10.757072748994158,216.7025611293046,2.1294265454313153e-05,-0.14606028882404917,-0.14606027443576555,0,0
1126,-1.1666666666666667,-0.47751191908390145,0.0,0.4178394470368883,1,0.0,0.0,0.0,0,0.02386117136659436,0.6466942148760331,2023,3,1126.0,0,False,False,True,False,False,False,False,False,False,False,False,False,False,False,False,False,False,False,False,False,False,3.0,1.0,0,0.0,0.0,10.487238306316675,189.3515249476486,2.7890112954957466e-05,-0.7719486357262075,-0.7719474032777808,0,0
1127,0.16666666666666666,-0.5750746335160184,1.0,0.26793576233299354,0,0.0,0.0,0.0,0,0.019522776572668113,0.14256198347107438,2023,3,1127.0,2,False,False,False,False,False,False,False,False,False,True,False,False,False,False,False,False,False,False,False,False,False,4.0,3.0,0,0.9808510638297872,0.26793576206505776,10.40783222020243,181.98076821466603,3.0195060088169576e-05,-0.955064236682603,-0.9550627653579521,0,1
1128,-0.08333333333333333,1.2239361939134696,0.0,0.757862315481525,1,0.0,0.0,0.0,0,0.3362255965292842,-0.8987603305785123,2022,10,1128.0,2,False,False,False,False,False,False,True,False,False,False,False,False,False,False,False,False,False,False,False,False,False,0.0,1.0,3,0.0,0.0,11.333643284588698,289.1124348761222,1.1963582853793054e-05,1.2103169106487486,1.2103159181552792,1,0
1129,-0.16666666666666666,1.0758276522746513,-0.6666666666666666,-0.10637947196555302,1,0.0,0.0,0.0,0,0.31019522776572667,-0.22933884297520662,2022,10,1129.0,1,False,False,False,False,False,True,False,False,False,False,False,False,False,False,False,False,False,False,False,False,False,2.0,0.0,3,-0.5088300220750551,0.15956920818768333,11.28265658871343,281.83505814571754,1.2589384630879243e-05,1.0893182313118235,1.0893170965642904,1,0
1130,0.16666666666666666,1.6146504478010961,0.3333333333333333,0.9212212985568159,1,0.0,0.0,0.0,0,0.6811279826464208,0.5557851239669421,2022,5,1130.0,0,False,False,False,False,False,False,False,False,False,False,False,False,False,False,False,True,False,False,False,False,False,1.0,0.0,3,0.1982795698924731,2.763663887379456,11.456862921033688,307.4849589817362,1.0576638321275965e-05,1.5035846134496529,1.5035842315869645,2,0
1131,0.5,-0.6729938065321035,0.0,0.8561801456575708,1,0.0,0.0,0.0,0,0.7917570498915402,-0.29132231404958675,2022,3,1131.0,1,True,False,False,False,False,False,False,False,False,False,False,False,False,False,False,False,False,False,False,False,False,3.0,0.0,0,0.0,0.0,10.321243484728525,174.26990560621763,3.2926146653057194e-05,-1.1541921228540892,-1.1541905169619426,0,0
1132,-0.75,2.144098382569175,-0.3333333333333333,0.015665914686279956,1,0.0,0.0,0.0,0,0.5531453362255966,1.0268595041322315,2022,7,1132.0,0,False,False,False,False,False,False,False,False,False,True,False,False,False,False,False,False,False,False,False,False,False,1.0,1.0,3,-0.21461824953445066,-0.04699774419983311,11.602775309696066,330.75670817082454,9.140684271624574e-06,1.852422500146776,1.8524233863067407,2,0
1133,0.4166666666666667,0.7622866818161564,0.6666666666666666,0.7754771985125211,1,0.0,0.0,0.0,0,-0.579175704989154,0.7086776859504132,2023,12,1133.0,0,False,False,False,True,False,False,False,False,False,False,False,False,False,False,False,False,False,False,False,False,False,1.0,1.0,3,0.42216117216117216,1.163215796023958,11.165295208533015,265.77245906978396,1.4157087037771108e-05,0.8115828076770301,0.8115815625820733,1,0
1134,0.0,-0.534438354943635,-0.3333333333333333,-0.39311062352565485,1,0.0,0.0,0.0,0,-0.544468546637744,-0.3822314049586777,2023,11,1134.0,1,False,False,False,False,False,False,False,False,False,False,False,False,False,True,False,False,False,False,False,False,False,3.0,1.0,0,-0.21582397003745316,1.1793318741149603,10.441675393057931,185.0864662799525,2.9190262128553916e-05,-0.8770789094929275,-0.8770775285029405,0,0
1135,-0.75,-0.07895557634897295,1.3333333333333333,0.8505310217662267,1,0.0,0.0,0.0,0,0.9219088937093276,0.518595041322314,2022,1,1135.0,2,False,False,False,False,False,False,False,False,False,False,False,False,False,True,False,False,False,False,False,False,False,3.0,3.0,1,0.693754702784048,0.6378982658462463,10.758668544943307,216.87554034514818,2.1260311250956713e-05,-0.14234203488199496,-0.14234202816075117,0,1
1136,0.6666666666666666,-0.15527335917658067,0.6666666666666666,1.0623093008642626,1,0.0,0.0,0.0,0,-0.27765726681127983,-0.9566115702479339,2023,7,1136.0,2,False,False,False,False,False,False,False,False,False,False,False,False,False,False,False,False,True,False,False,False,False,3.0,4.0,1,0.5217883418222977,1.5934639489061981,10.712081708954909,211.88204265581356,2.2274195344693174e-05,-0.25080949208442666,-0.25080925971755913,0,0
1137,0.3333333333333333,-0.13452746958962705,1.3333333333333333,-0.1520792772747406,1,0.0,0.0,0.0,0,0.7874186550976139,0.35330578512396693,2022,3,1137.0,2,False,True,False,False,False,False,False,False,False,False,False,False,False,False,False,False,False,False,False,False,False,4.0,0.0,1,0.7459546925566343,-0.11405945787051086,10.724961982628129,213.2510257888576,2.1989137366141125e-05,-0.22083737345161397,-0.22083720373383678,0,1
1138,0.9166666666666666,-0.0012119591854921356,-0.6666666666666666,-0.5639873502477415,0,0.0,0.0,0.0,0,0.6160520607375272,0.3367768595041322,2022,6,1138.0,1,False,False,False,False,False,False,False,False,True,False,False,False,False,False,False,False,False,False,False,False,False,2.0,4.0,1,-0.4125279642058165,0.8459810266405838,10.803994371254475,221.84679398179276,2.031818274173558e-05,-0.03664886676886529,-0.036649074404764025,1,0
1139,0.5833333333333334,1.13460767277102,-1.0,-0.5586637411539294,0,0.0,0.0,0.0,0,0.6702819956616052,-0.18388429752066116,2022,5,1139.0,1,False,False,False,True,False,False,False,False,False,False,False,False,False,False,False,False,False,False,False,False,False,4.0,2.0,3,-0.5987012987012986,0.558663741712593,11.303203933987659,284.7455004034304,1.2333345666679e-05,1.1380552794769505,1.1380541947436844,1,0
1140,-1.1666666666666667,-0.4790803368533619,1.0,1.0036898544454405,1,0.0,0.0,0.0,0,-0.7071583514099783,-0.5227272727272727,2024,2,1140.0,1,False,False,False,False,False,False,False,False,False,False,True,False,False,False,False,False,False,False,False,False,False,2.0,3.0,0,0.5857687420584499,1.0036898534417504,10.486010387763148,189.2353032602532,2.7924380776856273e-05,-0.7747839850510387,-0.7747827482391609,0,1
1141,-1.1666666666666667,-1.0683420220113176,-0.3333333333333333,-0.8655191239943549,1,0.0,0.0,0.0,0,-0.7180043383947939,-0.002066115702479339,2024,2,1141.0,0,False,False,False,False,True,False,False,False,False,False,False,False,False,False,False,False,False,False,False,False,False,2.0,0.0,0,-0.194023569023569,2.5965573797727375,9.866823568164536,138.8488386699723,5.186721991701245e-05,-2.189854260653393,-2.1898560177223354,0,0
1142,-1.0,-0.33257585884240076,0.0,-0.9365246144812882,0,0.0,0.0,0.0,0,0.11062906724511931,0.24586776859504134,2023,1,1142.0,1,False,False,False,False,True,False,False,False,False,False,False,False,False,False,False,False,False,False,False,False,False,4.0,2.0,1,0.0,0.0,10.594657780211852,199.79989989987482,2.5049472708599484e-05,-0.5234601458297216,-0.5234593542974008,0,0
1143,-1.0833333333333333,-0.010016486209508534,0.0,-0.23394212841352732,1,0.0,0.0,0.0,0,-0.3926247288503254,-0.45661157024793386,2023,9,1143.0,0,False,False,False,False,True,False,False,False,False,False,False,False,False,False,False,False,False,False,False,False,False,4.0,1.0,1,0.0,0.0,10.798963144696364,221.28940327092033,2.0420665713702267e-05,-0.0483888244519202,-0.04838900868588104,1,0
1144,0.0,-0.7030076193022323,-0.6666666666666666,-0.35025392214427714,1,0.0,0.0,0.0,0,-0.9262472885032538,0.9483471074380165,2024,5,1144.0,2,False,False,False,False,False,False,False,False,False,False,True,False,False,False,False,False,False,False,False,False,False,0.0,3.0,0,-0.3460960960960961,0.525380884004487,10.29312811029732,171.8371321920847,3.3865014053980834e-05,-1.2187255297398139,-1.218723915498263,0,0
1145,-0.5,-0.7150202735819632,-1.3333333333333333,-0.9512646249884114,0,0.0,0.0,0.0,0,-0.05856832971800434,-0.46487603305785125,2023,4,1145.0,2,False,False,False,False,False,False,False,False,False,False,True,False,False,False,False,False,False,False,False,False,False,2.0,0.0,0,-1.2595628415300546,0.7134484692763949,10.281649978116283,170.85373861873788,3.4255960537133464e-05,-1.2450539917179675,-1.2450523797295097,0,0
1146,-0.3333333333333333,0.39516998618722987,0.0,-0.2797367038536419,1,0.0,0.0,0.0,0,0.9457700650759219,0.6012396694214877,2022,1,1146.0,0,True,False,False,False,False,False,False,False,False,False,False,False,False,False,False,False,False,False,False,False,False,1.0,4.0,2,0.0,0.0,11.007700793213884,245.63387388550464,1.6573578401312626e-05,0.44034009494777954,0.4403391007948341,1,0
1147,-0.4166666666666667,2.3000846589136925,-1.0,-0.8120131442051155,0,0.0,0.0,0.0,0,-0.4750542299349241,0.14669421487603307,2023,10,1147.0,0,False,False,False,False,False,True,False,False,False,False,False,False,False,False,False,False,False,False,False,False,False,1.0,3.0,3,-0.6779411764705883,0.8120131450171286,11.641995671284505,337.3069818429497,8.78912258189265e-06,1.9464775296555323,1.9464788667915314,2,0
1148,1.8333333333333333,0.3717150113621174,1.0,0.8043388238202666,1,0.0,0.0,0.0,0,0.010845986984815618,0.6838842975206612,2023,3,1148.0,2,False,False,False,False,False,False,False,False,False,False,False,False,False,False,False,False,False,False,False,False,False,3.0,1.0,2,0.9892703862660944,0.8043388230159276,10.996735478705087,244.29081030607762,1.6756312940900485e-05,0.4145817318661568,0.4145807690993643,1,1
1149,-1.1666666666666667,0.009517444191952948,0.0,0.872225140867559,1,0.0,0.0,0.0,0,-0.8047722342733189,0.03925619834710744,2024,3,1149.0,1,False,False,True,False,False,False,False,False,False,False,False,False,False,False,False,False,False,False,False,False,False,3.0,3.0,2,0.0,0.0,10.81009151882074,222.52415599210798,2.0194676683226302e-05,-0.022419031510702313,-0.0224192673481981,1,0
1150,0.75,-0.14343893418883394,1.0,1.6339936339194663,1,0.0,0.0,0.0,0,0.227765726681128,0.6838842975206612,2022,12,1150.0,1,False,False,False,False,False,False,False,False,False,False,False,False,False,False,True,False,False,False,False,False,False,2.0,4.0,1,0.8144876325088339,1.6339936322854725,10.71944953261348,212.66405432042342,2.2110686094589514e-05,-0.23366629993964821,-0.23366610342102784,0,1
1151,-0.16666666666666666,-0.4612574076549481,-0.3333333333333333,0.3647578726165829,1,0.0,0.0,0.0,0,0.1561822125813449,0.5268595041322314,2023,1,1151.0,2,False,False,False,False,False,False,False,False,True,False,False,False,False,False,False,False,False,False,False,False,False,2.0,2.0,0,-0.2883051907442151,-1.0942736211325697,10.499876004651563,190.55183021949696,2.7539863953072073e-05,-0.7427605703451389,-0.7427593838596511,0,0
1152,-0.5833333333333334,0.8007129171679366,0.0,0.12399435499654922,1,0.0,0.0,0.0,0,-0.9457700650759219,-0.17148760330578514,2024,5,1152.0,2,False,False,False,False,False,False,False,False,False,False,False,True,False,False,False,False,False,False,False,False,False,1.0,4.0,3,0.0,0.0,11.180441265546872,267.79283037452666,1.3944278662464791e-05,0.8473649140743513,0.8473636674541769,1,0
1153,-0.5833333333333334,-0.8562848104085906,-0.3333333333333333,0.4571978944549173,1,0.0,0.0,0.0,0,0.5835140997830802,1.072314049586777,2022,6,1153.0,0,False,False,True,False,False,False,False,False,False,False,False,False,False,False,False,False,False,False,False,False,False,4.0,3.0,0,-0.21050228310502284,-1.3715936874795331,10.135749405494865,158.8332458901473,3.963692576003805e-05,-1.5788438437086005,-1.578842600285387,0,0
1154,-0.9166666666666666,0.38390589493383237,0.0,-0.4981262296939542,1,0.0,0.0,0.0,0,0.93058568329718,0.4318181818181818,2022,1,1154.0,1,False,False,False,False,False,False,False,False,False,False,False,False,False,False,False,False,False,False,False,False,False,4.0,0.0,2,0.0,0.0,11.002449779968526,244.989795705862,1.6660835374285666e-05,0.42800388874630946,0.42800290942776026,1,0
1155,-0.4166666666666667,-0.295539811968097,0.6666666666666666,0.5242910267107554,0,0.0,0.0,0.0,0,-0.9045553145336226,0.5971074380165289,2024,5,1155.0,1,False,False,False,False,False,False,False,False,False,False,False,False,False,False,False,False,False,False,False,False,False,3.0,4.0,1,0.35003796507213364,0.7864365388864785,10.62035125971339,202.38329970627518,2.44140625e-05,-0.4638927013889954,-0.46389202820908343,0,0
1156,-0.8333333333333334,-0.2681281468609366,0.3333333333333333,-0.14225408696189615,0,0.0,0.0,0.0,0,-0.9175704989154013,0.5847107438016529,2024,5,1156.0,1,False,False,False,True,False,False,False,False,False,False,False,False,False,False,False,False,False,False,False,False,False,2.0,3.0,1,0.17383107088989438,-0.42676225960540165,10.638951609723101,204.27432535685926,2.3964149632150305e-05,-0.42073805109499446,-0.42073746552835195,0,0
1157,0.9166666666666666,1.0710867531078734,0.0,-0.601019809017584,1,0.0,0.0,0.0,0,0.5683297180043384,-0.8987603305785123,2022,7,1157.0,1,True,False,False,False,False,False,False,False,False,False,False,False,False,False,False,False,False,False,False,False,False,3.0,1.0,3,0.0,0.0,11.280980797202949,281.5990056800627,1.261049950188527e-05,1.0853448274751811,1.0853436890742745,1,0
1158,0.5833333333333334,0.2476674241411576,-1.0,-0.7681798984311423,0,0.0,0.0,0.0,0,0.420824295010846,0.25413223140495866,2022,9,1158.0,1,True,False,False,False,False,False,False,False,False,False,False,False,False,False,False,False,False,False,False,False,False,0.0,0.0,2,-0.7038167938931298,0.7681798991993222,10.936654242129169,237.0611735396583,1.7793910923681917e-05,0.273613220875236,0.2736124560726397,1,0
1159,1.3333333333333333,-0.6581294835806265,0.0,-0.10095285185986369,1,0.0,0.0,0.0,0,-0.24295010845986983,0.26239669421487605,2023,7,1159.0,1,False,False,False,False,False,False,False,False,False,False,False,False,False,True,False,False,False,False,False,False,False,1.0,0.0,0,0.0,0.0,10.334880282654208,175.4622466515233,3.248018708587761e-05,-1.1228697127365905,-1.122868117621485,0,0
1160,0.25,-0.015719823553000934,0.0,-0.0888840817083345,1,0.0,0.0,0.0,0,0.403470715835141,0.6136363636363636,2022,9,1160.0,0,False,False,False,False,True,False,False,False,False,False,False,False,False,False,False,False,False,False,False,False,False,3.0,1.0,1,0.0,0.0,10.795690488881194,220.92758994747578,2.048760499897562e-05,-0.05602424417296718,-0.05602441312431956,1,0
1161,-0.16666666666666666,1.1184244530588603,0.6666666666666666,0.2967355810336126,1,0.0,0.0,0.0,0,0.2039045553145336,-0.40289256198347106,2022,12,1161.0,1,False,False,False,True,False,False,False,False,False,False,False,False,False,False,False,False,False,False,False,False,False,1.0,1.0,3,0.5537537537537538,0.44510337088276386,11.297588859991956,283.9471781863662,1.2402793109008148e-05,1.1247333537822648,1.1247322544159584,1,0
1162,-0.25,0.6415541594261017,0.0,0.8249348455349877,1,0.0,0.0,0.0,0,0.5639913232104121,-0.8450413223140496,2022,7,1162.0,0,False,False,False,False,False,False,False,False,False,False,False,False,False,False,False,False,True,False,False,False,False,0.0,1.0,3,0.0,0.0,11.116157427465051,259.3221934196917,1.4870109592707698e-05,0.6956205032375051,0.6956192923665894,1,0
1163,-0.4166666666666667,0.6290781089872121,0.0,0.043732294982333705,1,0.0,0.0,0.0,0,0.279826464208243,0.07644628099173553,2022,11,1163.0,2,False,False,False,False,False,False,False,False,False,True,False,False,False,False,False,False,False,False,False,False,False,2.0,3.0,3,0.0,0.0,11.110939298321494,258.64647687529015,1.4947906545688277e-05,0.6833171687209949,0.6833159640007631,1,0
1164,0.9166666666666666,0.1842177961948046,-0.6666666666666666,-0.40272979181474494,0,0.0,0.0,0.0,0,-0.7830802603036876,-0.621900826446281,2024,3,1164.0,0,False,False,False,False,False,False,False,False,False,False,False,False,True,False,False,False,False,False,False,False,False,3.0,2.0,2,-0.37388483373884834,0.6040946886282594,10.904468636571197,233.2766597840427,1.83759348756868e-05,0.19821217398088184,0.19821153126061353,1,0
1165,0.16666666666666666,0.0,-0.3333333333333333,0.5085715462982995,1,0.0,0.0,0.0,1,0.13882863340563992,-0.6756198347107438,2023,1,1165.0,0,False,False,False,False,False,False,False,False,False,False,False,False,True,False,False,False,False,False,False,False,False,0.0,2.0,1,-0.2926984126984127,-1.5257146434720426,10.804684950962628,221.92341021172146,2.030415626078658e-05,-0.03503730162965734,-0.03503751246862067,1,0
1166,-0.08333333333333333,2.455643184957448,-0.6666666666666666,0.013092699609588304,1,0.0,0.0,0.0,0,-0.47288503253796094,0.7210743801652892,2023,10,1166.0,1,False,False,False,False,False,False,True,False,False,False,False,False,False,False,False,False,False,False,False,False,False,3.0,3.0,3,-0.45262641138929793,-0.019639049443841032,11.679634105359007,343.71499821800035,8.464461956475737e-06,2.0368545485308034,2.0368563648467446,2,0
1167,0.9166666666666666,1.4511785411932452,-0.6666666666666666,-0.45356572617612817,0,0.0,0.0,0.0,0,0.2386117136659436,0.1962809917355372,2022,11,1167.0,0,False,False,False,False,False,False,False,False,False,False,False,False,False,False,False,True,False,False,False,False,False,1.0,0.0,3,-0.538237011091652,0.6803485902847152,11.40714263792928,299.9349929568072,1.1115804450768102e-05,1.3851034296514322,1.3851027538260123,2,0
1168,-0.5,0.0,0.3333333333333333,-0.4139394501272186,1,0.0,0.0,0.0,1,-0.7722342733188721,0.41115702479338845,2024,3,1168.0,1,False,False,False,False,False,False,False,True,False,False,False,False,False,False,False,False,False,False,False,False,False,2.0,4.0,1,0.18808649530803753,-1.2418183466562007,10.804684950962628,221.92341021172146,2.030415626078658e-05,-0.03503730162965734,-0.03503751246862067,1,0
1169,-1.0833333333333333,0.34654903533395714,-0.6666666666666666,-0.8003770203034705,0,0.0,0.0,0.0,0,0.14099783080260303,-0.05578512396694215,2023,1,1169.0,0,False,False,False,False,False,False,False,False,False,False,False,False,True,False,False,False,False,False,False,False,False,1.0,1.0,2,-0.5842839036755386,1.200565532256054,10.984834991025966,242.8415121020292,1.6956912485374663e-05,0.3866372215229136,0.3866362945622032,1,0
1170,0.5,0.93887626431404,0.0,-0.10328090072828776,1,0.0,0.0,0.0,0,-0.28633405639913234,-0.7954545454545454,2023,7,1170.0,2,False,False,False,False,True,False,False,False,False,False,False,False,False,False,False,False,False,False,False,False,False,2.0,0.0,3,0.0,0.0,11.233079278286223,274.93453766305896,1.3229263130043656e-05,0.9718611545913006,0.9718599380578362,1,0
1171,0.0,-0.3058414650447801,0.3333333333333333,-0.23691090577582744,0,0.0,0.0,0.0,0,-0.9718004338394793,0.6797520661157025,2024,6,1171.0,2,False,False,False,True,False,False,False,False,False,False,False,False,False,False,False,False,False,False,False,False,False,3.0,2.0,1,0.16905023835716904,-0.7107327151952841,10.613270586747499,201.66804407243106,2.458754395023481e-05,-0.48031353593475923,-0.4803128297987921,0,0
1172,0.5,1.5534108630753465,1.6666666666666667,2.4585674876644252,1,0.0,0.0,0.0,0,0.3947939262472885,0.29545454545454547,2022,9,1172.0,0,False,False,False,False,False,True,False,False,False,False,False,False,False,False,False,False,False,False,False,False,False,1.0,4.0,3,1.194919647485744,1.4751404917135706,11.438525142393978,304.6785190984097,1.0772379618657762e-05,1.4598636712516737,1.459863173204668,2,1
1173,-1.1666666666666667,-0.1684979726418037,-0.3333333333333333,0.2520947289265223,0,0.0,0.0,0.0,0,-0.008676789587852495,-0.9152892561983471,2023,3,1173.0,0,True,False,False,False,False,False,False,False,False,False,False,False,False,False,False,False,False,False,False,False,False,0.0,4.0,1,-0.3304659498207885,-0.7562841890484195,10.703783648613117,211.00473928326824,2.245979696343545e-05,-0.2701120881958162,-0.2701118154407937,0,0
1174,-0.16666666666666666,0.26074945417279327,-0.3333333333333333,-0.23315306406254824,1,0.0,0.0,0.0,0,-0.9175704989154013,0.8161157024793388,2024,5,1174.0,1,False,False,False,False,False,False,False,False,False,False,False,False,True,False,False,False,False,False,False,False,False,2.0,0.0,2,-0.17383107088989438,0.6994591942860224,10.943163376980928,237.83397570574311,1.7678464095039423e-05,0.28887196809410726,0.28887117987014016,1,0
1175,0.25,-0.4285701555050573,0.3333333333333333,-0.031420418842774155,0,0.0,0.0,0.0,0,0.5574837310195228,0.38636363636363635,2022,7,1175.0,0,False,False,False,False,False,False,False,True,False,False,False,False,False,False,False,False,False,False,False,False,False,2.0,0.0,0,0.21402042711234912,-0.09426125624553869,10.524816445305602,192.94299676329277,2.6861502095197165e-05,-0.6851219843917403,-0.6851208938848355,0,0
1176,-0.25,-1.0211825513523147,1.3333333333333333,1.8128743162644092,1,0.0,0.0,0.0,0,0.9436008676789588,-0.506198347107438,2022,1,1176.0,0,False,False,False,False,False,False,False,False,False,True,False,False,False,False,False,False,False,False,False,False,False,3.0,4.0,0,0.6860119047619047,1.359655736178565,9.933191975242458,143.5339681051144,4.8536620880454306e-05,-2.039570965873174,-2.039571631037633,0,1
1177,-0.3333333333333333,0.0014258343358731008,0.6666666666666666,0.46041595846596006,1,0.0,0.0,0.0,0,0.6225596529284165,-0.5847107438016529,2022,6,1177.0,2,False,False,False,False,False,True,False,False,False,False,False,False,False,False,False,False,False,False,False,False,False,0.0,2.0,2,0.41087344028520495,0.6906239366630043,10.805496787584513,222.0135131022434,2.0287679292365746e-05,-0.033142718965840264,-0.03314293356743023,1,0
1178,-1.1666666666666667,1.1087287795749232,-1.0,-0.5851931971527756,1,0.0,0.0,0.0,0,0.4511930585683297,0.40702479338842973,2022,8,1178.0,1,False,False,False,False,False,False,False,False,False,False,False,True,False,False,False,False,False,False,False,False,False,4.0,3.0,3,-0.6890881913303438,0.5851931977379689,11.29420959698317,283.467811223779,1.2444776305145916e-05,1.1167171555678561,1.1167160477468216,1,0
1179,1.3333333333333333,0.41873189858753285,-1.0,-0.5079740824294117,0,0.0,0.0,0.0,0,0.9045553145336226,-0.04338842975206612,2022,1,1179.0,1,False,False,False,False,False,False,False,True,False,False,False,False,False,False,False,False,False,False,False,False,False,2.0,4.0,2,-0.5250569476082004,0.5079740829373858,11.0185963557327,246.9757073074192,1.6393980130496082e-05,0.4659439274829231,0.4659429037212019,1,0
1180,-1.0833333333333333,0.602415006906385,-0.3333333333333333,0.11221195545803864,1,0.0,0.0,0.0,0,-0.6464208242950108,0.10950413223140495,2024,1,1180.0,0,False,True,False,False,False,False,False,False,False,False,False,False,False,False,False,False,False,False,False,False,False,2.0,0.0,3,-0.20245937637241984,-0.33663586738402357,11.099695286586813,257.1964229922337,1.511692944929026e-05,0.6568132430228457,0.6568120531277114,1,0
1181,1.0833333333333333,1.2114244976161832,-0.3333333333333333,-0.49856093616407593,1,0.0,0.0,0.0,0,-0.8134490238611713,0.08884297520661157,2024,3,1181.0,0,False,False,False,False,True,False,False,False,False,False,False,False,False,False,False,False,False,False,False,False,False,0.0,2.0,3,-0.18381180223285484,1.4956828129792765,11.32943522553267,288.504765991829,1.2014032389831323e-05,1.200322804526795,1.2003217979655383,1,0
1182,-0.6666666666666666,1.6469812413670186,0.3333333333333333,-0.8766319519556641,1,0.0,0.0,0.0,0,-0.89587852494577,-0.8450413223140496,2024,5,1182.0,2,False,False,False,False,False,False,False,True,False,False,False,False,False,False,False,False,False,False,False,False,False,2.0,2.0,3,0.17581998474446986,-2.6298958479773047,11.46641021122876,308.9563075905718,1.0476140589806716e-05,1.5263578438677017,1.526357526156758,2,0
1183,0.0,0.0,1.0,0.8253448293622588,0,0.0,0.0,0.0,1,0.8611713665943601,-0.6838842975206612,2022,2,1183.0,1,False,False,False,False,False,True,False,False,False,False,False,False,False,False,False,False,False,False,False,False,False,3.0,3.0,1,0.5372960372960373,0.8253448285369139,10.804684950962628,221.92341021172146,2.030415626078658e-05,-0.03503730162965734,-0.03503751246862067,1,1
1184,-0.9166666666666666,-0.6548144187497216,0.3333333333333333,-0.4954664853672857,1,0.0,0.0,0.0,0,-0.8676789587852495,-0.6508264462809917,2024,4,1184.0,2,False,False,False,False,False,False,False,False,False,False,False,False,False,False,False,False,False,False,False,False,False,2.0,3.0,0,0.178474641889276,-1.4863994516426589,10.33789638703407,175.72706109191037,3.238237103720734e-05,-1.1159400897621583,-1.1159384975973068,0,0
1185,0.6666666666666666,-0.04234727977543109,0.0,0.5725413846740218,1,0.0,0.0,0.0,0,-0.42733188720173537,-0.1921487603305785,2023,10,1185.0,0,False,False,False,False,True,False,False,False,False,False,False,False,False,False,False,False,False,False,False,False,False,2.0,0.0,1,0.0,0.0,10.780267929314824,219.23047233448182,2.080602542496307e-05,-0.09199535024830147,-0.09199544659190412,0,0
1186,1.0,-0.6153544535044334,0.0,0.26923782152312087,0,0.0,0.0,0.0,0,-0.23644251626898047,-0.18388429752066116,2023,7,1186.0,2,True,False,False,False,False,False,False,False,False,False,False,False,False,False,False,False,False,False,False,False,False,4.0,3.0,0,0.0,0.0,10.37311611145178,178.84909840421338,3.1261723146179817e-05,-1.0349697735680918,-1.0349682302294905,0,0
1187,0.5833333333333334,-0.33802967517711535,0.0,-0.1519845071438136,0,0.0,0.0,0.0,0,-0.9392624728850325,0.9152892561983471,2024,5,1187.0,0,False,False,False,False,False,False,True,False,False,False,False,False,False,False,False,False,False,False,False,False,False,3.0,0.0,1,0.0,0.0,10.590817847774508,199.4166492547701,2.5145845906256287e-05,-0.532358218665993,-0.5323574097618825,0,0
1188,1.0833333333333333,-1.0237134072984895,0.0,0.39291284238285085,0,0.0,0.0,0.0,0,-0.09978308026030369,0.05991735537190083,2023,5,1188.0,1,True,False,False,False,False,False,False,False,False,False,False,False,False,False,False,False,False,False,False,False,False,3.0,0.0,0,0.0,0.0,9.929739923680193,143.28642643321103,4.87044613286577e-05,-2.0473959176455536,-2.047396633184132,0,0
1189,-1.1666666666666667,-0.48902553134607674,1.0,0.17586039947670415,1,0.0,0.0,0.0,0,0.4078091106290672,-0.506198347107438,2022,9,1189.0,2,False,False,False,False,True,False,False,False,False,False,False,False,False,False,False,False,False,False,False,False,False,2.0,2.0,0,0.7103235747303545,0.17586039930084374,10.478188977889591,188.49668432097155,2.814364516492176e-05,-0.7928414420980069,-0.7928401779340114,0,1
1190,-0.3333333333333333,-0.003921044423651027,0.3333333333333333,0.793837881269508,1,0.0,0.0,0.0,0,-0.5075921908893709,-0.6756198347107438,2023,11,1190.0,0,False,False,False,False,False,False,False,False,False,True,False,False,False,False,False,False,False,False,False,False,False,2.0,1.0,1,0.2211031175059952,2.3815136366639833,10.802448995888462,221.67543842293398,2.034960623511935e-05,-0.04025508380257256,-0.04025528426265606,1,0
1191,0.5833333333333334,0.7347324332754088,-0.3333333333333333,0.13291510862511216,1,0.0,0.0,0.0,0,0.6030368763557483,-0.14256198347107438,2022,6,1191.0,0,False,False,False,False,False,False,False,True,False,False,False,False,False,False,False,False,False,False,False,False,False,1.0,3.0,3,-0.20793865584122687,-0.3987453270715725,11.154291460467713,264.3142069583094,1.431372829680947e-05,0.7855981038971667,0.785596862639181,1,0
1192,-0.5,1.191641046205944,0.0,-0.33222905528601004,1,0.0,0.0,0.0,0,0.7006507592190889,0.5929752066115702,2022,5,1192.0,0,False,False,False,True,False,False,False,False,False,False,False,False,False,False,False,False,False,False,False,False,False,4.0,3.0,3,0.0,0.0,11.322745108545979,287.5413013812103,1.2094677132593945e-05,1.1844367152051571,1.1844356871547956,1,0
1193,-0.08333333333333333,2.3493115893597114,0.0,-0.021428350690688696,1,0.0,0.0,0.0,0,-0.5119305856832972,-0.7789256198347108,2023,11,1193.0,1,False,False,False,False,False,False,False,False,False,False,False,False,True,False,False,False,False,False,False,False,False,2.0,3.0,3,0.0,0.0,11.654060377433932,339.34790407485946,8.683721495684191e-06,1.9754348369278785,1.975436322653839,2,0
1194,0.9166666666666666,-1.0095263556565521,0.0,0.19032520576449632,1,0.0,0.0,0.0,0,-0.8806941431670282,-0.75,2024,4,1194.0,0,True,False,False,False,False,False,False,False,False,False,False,False,False,False,False,False,False,False,False,False,False,2.0,4.0,0,0.0,0.0,9.948938815440046,144.66858677681205,4.777830864787386e-05,-2.0038653346356923,-2.003865778520127,0,0
1195,-0.25,0.6711402218954685,1.3333333333333333,0.10307899914500859,1,0.0,0.0,0.0,0,0.5292841648590022,-0.6838842975206612,2022,7,1195.0,2,False,False,False,False,False,False,False,False,False,False,False,False,False,False,True,False,False,False,False,False,False,0.0,2.0,3,0.8718676122931442,0.07730924930077451,11.128424074537731,260.91761151750563,1.4688817403310859e-05,0.7245512987587224,0.7245500752860861,1,1
1196,1.5833333333333333,-0.31318451187452656,1.3333333333333333,-0.7005758315563934,0,0.0,0.0,0.0,0,-0.23644251626898047,-0.49793388429752067,2023,7,1196.0,1,False,False,False,False,False,False,False,False,False,False,False,False,False,False,False,True,False,False,False,False,False,2.0,4.0,1,1.078362573099415,-0.5254318732732212,10.608192681929802,201.15665537088253,2.4712714691708883e-05,-0.49208735298209394,-0.4920866233634147,0,1
1197,0.16666666666666666,0.2275988058637437,0.3333333333333333,1.202744213356408,1,0.0,0.0,0.0,0,0.019522776572668113,0.8326446280991735,2023,3,1197.0,0,False,False,False,False,True,False,False,False,False,False,False,False,False,False,False,False,False,False,False,False,False,4.0,2.0,2,0.32695035460992905,3.608232629244526,10.926585752727021,235.8707273062938,1.7973973686102522e-05,0.2500171334510682,0.2500164057431285,1,0
1198,0.08333333333333333,0.0,0.3333333333333333,0.15590716647609631,1,0.0,0.0,0.0,1,0.9609544468546638,-0.8243801652892562,2022,1,1198.0,2,True,False,False,False,False,False,False,False,False,False,False,False,False,False,False,False,False,False,False,False,False,2.0,1.0,1,0.16998525073746312,0.4677214980251244,10.804684950962628,221.92341021172146,2.030415626078658e-05,-0.03503730162965734,-0.03503751246862067,1,0
1199,2.4166666666666665,-0.017609054048032795,0.0,-0.5193197152775632,1,0.0,0.0,0.0,0,-0.735357917570499,1.072314049586777,2024,2,1199.0,0,False,False,False,False,False,False,False,False,False,False,False,False,False,False,False,True,False,False,False,False,False,3.0,3.0,1,0.0,0.0,10.794604055861562,220.8076085645601,2.0509875505055683e-05,-0.05855881249564499,-0.05855897636339753,0,0
